pitcher_id,season,n_rows,target_rate,asof_pitcher_success_rate,asof_pitcher_reverse_rate,asof_pitcher_middle_rate,asof_pitcher_ball_rate,asof_pitcher_strike_rate,asof_pitcher_prev1_game_success_rate,asof_pitcher_prev3_game_success_rate,asof_pitcher_prev5_game_success_rate,asof_pitcher_prev1_game_middle_rate,asof_pitcher_prev3_game_middle_rate,asof_pitcher_prev5_game_middle_rate,asof_batter_success_rate,asof_batter_middle_rate,asof_pitcher_fastball_rate,asof_pitcher_breaking_rate,asof_pitcher_offspeed_rate,cluster
21961,2019,2699,0.6091144868469803,0.610219623795404,0.12109537175685692,0.1270131504447739,0.3414356634544107,0.45813916308376573,0.6084388397239263,0.6084725559815951,0.6109610088190184,0.15696605444785278,0.15078400625,0.14421710517638037,0.5541368217342761,0.12306754707852624,0.5920984451445515,0.19121449740548555,0.21668706641957003,0
23422,2019,2746,0.48215586307356156,0.5027737737704918,0.23807155846994538,0.1491656740619308,0.30308304007285974,0.4777023992714025,0.4827717512250283,0.47899401356954396,0.48166541613268,0.15748601598190728,0.1586195337353939,0.158125568790049,0.5543709831932773,0.12217151571063209,0.5964610167577414,0.3240578735883424,0.0794811016029144,1
23496,2019,921,0.5874049945711184,0.5788449010869566,0.1943219902173913,0.13253779847826086,0.3450118347826087,0.45154786195652175,0.5812823237885463,0.5903446640969163,0.5873127411894273,0.14997447940528635,0.14879095165198236,0.1399058774229075,0.5498524766558089,0.12919019945711183,0.8464598804347827,0.10713923423913044,0.046400869347826085,0
23665,2019,932,0.5021459227467812,0.4939806573576799,0.1950282963480129,0.14875086584317937,0.4345612524167562,0.38159525349087003,0.52504865625,0.5078078243534483,0.49941281788793107,0.13481622489224138,0.13761411950431035,0.14491327262931036,0.5403315853920515,0.13490101353383457,0.4870169044038668,0.4904437132116004,0.02253936530612245,1
23614,2019,761,0.5847568988173456,0.5900592907894737,0.18161422802631577,0.12714338486842106,0.2946296,0.49434643289473684,0.5882278763297872,0.5866880997340426,0.5705405904255318,0.1685302005319149,0.13194642287234043,0.13977166808510638,0.551941046113307,0.130478990513834,0.6786999710526315,0.29288617368421055,0.02841386039473684,0
23501,2019,982,0.5040733197556008,0.5194013261977574,0.2479114108053007,0.12965198369011213,0.37876469113149847,0.4655993037716616,0.5119038700729927,0.5014266016684046,0.5038399885297185,0.1285732606882169,0.13637776725755996,0.1373019921793535,0.5502536792645557,0.12759198273748723,0.6110404689092762,0.2790885891946993,0.1098709382262997,0
22253,2019,1074,0.5735567970204841,0.47016449021435225,0.28339533364398883,0.11355195945945945,0.3786867875116496,0.4460704249767008,0.5818707559129612,0.5758767568590349,0.5559686102175969,0.09508611655629139,0.09587764881740776,0.10311631892147587,0.572303536380597,0.11726777266791046,0.49046802609506057,0.4108049114631873,0.09872706234855545,0
21955,2019,2908,0.578748280605227,0.5967025579635363,0.12874956484348127,0.14566775693154455,0.3376871100791194,0.4773608582731338,0.5906951118656183,0.5825106754824876,0.586365734810579,0.14314010017869908,0.14417178137955683,0.1442676005003574,0.5559587957916523,0.12881991697136944,0.4226026539387685,0.4241325827313382,0.153264758376333,0
23782,2019,2896,0.5946132596685083,0.6116137340241796,0.14657722884283247,0.10061508870466322,0.33604984352331607,0.4678358234887737,0.591459775604552,0.5968065149359886,0.5983955846372688,0.1055442731152205,0.10217101699857752,0.0996159796230441,0.5589707746967071,0.12804817542461006,0.5233110870466322,0.30312624801381693,0.17356267965457686,0
22734,2019,922,0.5379609544468547,0.5578301270358306,0.22096515526601518,0.12347631498371335,0.3547443941368078,0.47248501737242127,0.5500913713968958,0.5371280554323725,0.5424162516629711,0.13263189711751663,0.13485751796008869,0.13607322416851442,0.5537550903155604,0.12451438487486398,0.5314920358306189,0.07676093496199782,0.39174704560260587,0
23759,2019,1025,0.5502439024390244,0.561471162109375,0.175112769140625,0.14605000595703124,0.379123912109375,0.482733380859375,0.5679862267326733,0.5499660811881187,0.5520030594059406,0.14332688396039606,0.14596680019801983,0.14294726465346536,0.551524167804878,0.12926332741463414,0.7553025634765625,0.2428570263671875,0.001840409970703125,0
22730,2019,672,0.5699404761904762,0.5131064962742176,0.25046882861400893,0.13580584053651268,0.38381221013412814,0.45473485543964237,0.5626211039755352,0.5510604525993884,0.5516557660550458,0.1043184122324159,0.11767021911314986,0.12072950504587157,0.5633752582089553,0.12645047656716418,0.6455579970193741,0.33823164381520116,0.016210355871833084,0
22717,2019,481,0.4781704781704782,0.5099465875,0.224514325,0.12564009041666666,0.42291841249999995,0.4514170666666667,0.4722852398286938,0.4816936209850107,0.4803461755888651,0.09855271605995718,0.10002957473233404,0.10272821113490364,0.5628321933471934,0.12355364261954262,0.6162133104166667,0.3818793020833333,0.001907376625,0
22118,2019,1104,0.48007246376811596,0.5119412756119675,0.2256803309156845,0.13535434469628288,0.3468218404351768,0.45393784587488667,0.4984852495412844,0.4869211889908257,0.48631134678899085,0.14340811394495415,0.14592296201834862,0.14705298220183488,0.5489962252497729,0.1318101051771117,0.6446664932003626,0.3049332710788758,0.05040024950135993,1
22703,2019,2933,0.5642686668939653,0.544855352319236,0.16762773345839016,0.11966914809004094,0.361083616643929,0.44536651364256485,0.5624132240532959,0.559424873772791,0.558330816970547,0.12158907082748949,0.12153870473352034,0.12142058906030856,0.5502767209302325,0.12396397458960329,0.5772616657571623,0.23449547817189634,0.1882428414392906,0
23411,2019,2521,0.5640618802062674,0.5642618658730159,0.14363750444444445,0.12181644452380952,0.3699916,0.431357042063492,0.5598417622176591,0.562306627926078,0.5590629843942505,0.11888725470225874,0.11982896603696098,0.11998091733059549,0.5477255896414343,0.12722204964143427,0.5156203813492063,0.4278115654761905,0.05656805527777777,0
23455,2019,826,0.513317191283293,0.4375561721212121,0.2686068812121212,0.13845321224242424,0.42583557333333333,0.37864656,0.5221371075401731,0.49168757107540173,0.47326569839307786,0.12381935315203955,0.13841167663782447,0.1368165177997528,0.5520257006060606,0.12311349733333334,0.6737999478787878,0.25317143684848487,0.07302864206060607,1
22154,2019,1059,0.559017941454202,0.5308115510396976,0.19778798534971645,0.11578619631379962,0.3737953922495274,0.4684564376181475,0.5616439615384615,0.5552094663461538,0.5558018913461538,0.11634603038461538,0.11560460375,0.11567824028846153,0.5477739896128423,0.127970291312559,0.4793540160680529,0.4067062315689981,0.11393973941398866,0
21789,2019,1010,0.5376237623762377,0.5532792705649158,0.1416369764122894,0.1344362842418236,0.3791417145688801,0.46055553121902876,0.5484852244488978,0.5412483997995992,0.5417411402805611,0.12682816703406813,0.12843412074148297,0.13088572905811624,0.5513316154608523,0.12751094023785928,0.5762664033696729,0.1718478081268583,0.25188580971258673,0
21372,2019,1083,0.4773776546629732,0.46043127356746766,0.22382069593345655,0.15658972393715342,0.3802333299445471,0.45579671719038817,0.4925230805243445,0.47688047284644197,0.47542515917602995,0.16561271011235953,0.1629968036516854,0.1641550663857678,0.542210637962963,0.1270044561111111,0.5812846654343808,0.3649498114602588,0.053765527264325326,1
22389,2019,895,0.6268156424581005,0.6263374944071589,0.15309323299776284,0.10144700939597315,0.34132766666666664,0.4573867662192394,0.6346458600451468,0.6323069401805869,0.6386779063205417,0.09764502742663657,0.1027987624153499,0.10171918261851016,0.5525546677852349,0.12926014865771812,0.586517730425056,0.38932909395973153,0.024153177964205817,0
22668,2019,320,0.615625,0.5355845893416928,0.17387939435736677,0.10429717523510973,0.3880076175548589,0.3904607272727273,0.5789456976744186,0.5688481461794019,0.5723407209302325,0.09517109302325583,0.09484958205980067,0.09490016411960132,0.5558551072555206,0.10706726277602523,0.6255589937304075,0.21862033949843263,0.1558206551724138,0
21654,2019,331,0.5861027190332326,0.5454886242424243,0.20338915151515152,0.08264854727272727,0.3835832303030303,0.41136395757575756,0.5337730527950311,0.5427774254658385,0.544205655279503,0.10926039565217392,0.10847088664596274,0.10620922236024843,0.5740631842900302,0.12237754773413896,0.6948257575757576,0.07235874272727272,0.23281548484848485,0
22508,2019,710,0.5422535211267606,0.5663336897038083,0.2122730197461213,0.1255722031029619,0.28896776727785617,0.5361014456981664,0.5491222206303725,0.5476968467048711,0.552457376790831,0.14521440616045844,0.14298226189111748,0.14049558638968482,0.5551641285310734,0.12878489336158191,0.7590999069111424,0.2340036263751763,0.006896464386459802,0
23415,2019,2982,0.6274312541918176,0.6318857624958067,0.119239849681315,0.10006165444481717,0.318297053673264,0.49190472660181145,0.6271239252336448,0.6300848328141225,0.6322685070958809,0.09882133305642092,0.09865510536517827,0.09779989736933195,0.5513574323232323,0.12881232821548821,0.6033012203958403,0.18551238913116402,0.21118638010734653,0
23694,2019,3142,0.5989815404201145,0.599807128939828,0.129994729353709,0.12374282168099332,0.37370241292581985,0.436423200254696,0.602314370638578,0.6004408604344964,0.6036798479262673,0.12343141998025017,0.12593273736010532,0.1260881516129032,0.5543435180453529,0.12636468150750557,0.5357802028016555,0.21778583540273797,0.24643395479146768,0
23090,2019,935,0.5636363636363636,0.5541969464668094,0.1725225682012848,0.13532222805139188,0.3660645128479657,0.4471975364025696,0.5554875163398693,0.5657440631808278,0.5655948779956427,0.1309941708061002,0.1207388388888889,0.12418698474945535,0.5510210353319057,0.12811729271948608,0.5916291349036402,0.21272802890792292,0.19564283297644539,0
23414,2019,999,0.5355355355355356,0.5461775781563126,0.1876387765531062,0.11709046052104208,0.3866603266533066,0.42004378557114225,0.5241062044534412,0.5315530728744939,0.5411852165991903,0.14470021012145748,0.1340170862348178,0.13078765202429152,0.5549856449348044,0.12792951344032097,0.42033604509018035,0.23399169559118238,0.3456722334669339,0
22427,2019,1035,0.5700483091787439,0.5448160938104448,0.1780949593810445,0.13843912959381044,0.3723712882011605,0.4264772176015474,0.5584659542356378,0.5715899678675754,0.5738149717624148,0.13103847731256088,0.1161019723466407,0.11657637867575463,0.5533737920696324,0.12644367137330756,0.5457370522243713,0.3889774729206963,0.06528549264990328,0
23238,2019,843,0.5219454329774614,0.5266863004750594,0.23920322351543943,0.13982794774346793,0.3390992114014252,0.4554840534441806,0.5302521867469879,0.5377399409638554,0.5358358638554217,0.13238791072289155,0.12181732385542168,0.12573817204819276,0.5513826864608076,0.13050573954869357,0.7137908990498812,0.272922,0.013287086377672208,0
21432,2019,966,0.5486542443064182,0.5471815502590675,0.13006308487046633,0.12189679875647669,0.38433521968911916,0.3803599616580311,0.5639904408376963,0.5471520910994765,0.5493044994764398,0.11970977225130891,0.1201241347643979,0.12050749759162303,0.556749483436853,0.12779571904761905,0.5025548031088083,0.4820108404145078,0.015434370321243524,0
22782,2019,1976,0.5298582995951417,0.522043711392405,0.19512341924050633,0.10834293351898734,0.4366060653164557,0.4032746765063291,0.5140719837398374,0.5210428013211382,0.5254105096544716,0.12082747845528455,0.11081814893292682,0.1105399344004065,0.5524522101265822,0.12348481402531646,0.592821511392405,0.2675414086075949,0.1396370631898734,0
22231,2019,1113,0.6118598382749326,0.609634195143885,0.11454740791366907,0.13447604550359712,0.3221013525179856,0.4820726214028777,0.605502738503156,0.5974917962128042,0.6015447944093778,0.1349506494138864,0.14105883877366998,0.13987340027051398,0.5595129792605952,0.1253033088367899,0.46746198741007194,0.13135127976618705,0.401186696942446,0
22525,2019,982,0.49287169042769857,0.532708996941896,0.20608632844036698,0.1349757620795107,0.42189566564729863,0.4123158481141692,0.48963966080661836,0.5015586442605998,0.5010264850051707,0.12323560910031024,0.12044258976215098,0.11819616494312306,0.5513883604887985,0.12579686079429736,0.6375128022426095,0.09979987013251784,0.26268732589194704,0
23766,2019,1244,0.5482315112540193,0.5426159814963798,0.18002655993563957,0.11888957111826226,0.3882780337892196,0.4078346283185841,0.551509536585366,0.5444362247386759,0.5438773362369338,0.12608129224738676,0.12142760888501743,0.12097272125435542,0.551185575708502,0.12199932801619433,0.6865136098149638,0.20507377135961383,0.10841263041029767,0
23713,2019,2076,0.51252408477842,0.5144681373493976,0.23116665195180722,0.12498484154216867,0.38715380096385543,0.45181445686746985,0.5167024040201005,0.5242187281407036,0.525704728643216,0.1292649787437186,0.12723840396984926,0.1273588814070352,0.5587408736689254,0.12686117236205227,0.4997765609638554,0.43727996915662654,0.06294345951807229,0
23363,2019,1204,0.5406976744186046,0.5530671961762261,0.19573317980049876,0.12248598570241065,0.3842141379883624,0.45022345469659186,0.5500839216512216,0.5445214869418702,0.5467886385846672,0.1478346543386689,0.13756444279696714,0.13869952679022746,0.5574383967607973,0.12887884426910298,0.538505080631754,0.45577463092269327,0.005720277880299252,0
22254,2019,558,0.6254480286738351,0.5955657414721723,0.1254313788150808,0.09359418348294435,0.3454428366247756,0.4757630736086175,0.6573071336996338,0.6317296043956044,0.6210913974358975,0.09084179322344323,0.09917470989010989,0.0972273673992674,0.5615624444444445,0.12077044623655915,0.5316557468581687,0.3185911131059246,0.14975318473967683,0
21690,2019,732,0.5532786885245902,0.5417133119015048,0.211362731874145,0.1458479809849521,0.3504510314637483,0.48633101094391246,0.5507726929460581,0.5374594785615491,0.5388752226832642,0.1317936875518672,0.1440729990318119,0.14185527302904563,0.5658196402188782,0.1276384980848153,0.4466933269493844,0.15510534801641587,0.3982013023255814,0
22772,2019,1178,0.5551782682512734,0.5491039651656755,0.18565480543755308,0.12103719218351741,0.36783983942226,0.46377287680543755,0.5566461325919589,0.5591916030795552,0.5564570316509838,0.14241453071000856,0.14238316595380668,0.1414326754491018,0.5500844341546305,0.12625587187765505,0.6259905012744266,0.260092625913339,0.1139168862361937,0
22311,2019,697,0.5365853658536586,0.5423970862068965,0.2629317514367816,0.1147893018678161,0.33049338362068964,0.4669382428160919,0.5358491201157742,0.5275843400868307,0.5394675774240231,0.13150722966714906,0.14162072778581766,0.13522181447178003,0.542011386494253,0.1311860922413793,0.4104058002873563,0.5895942011494253,0.0,0
23047,2019,1028,0.5330739299610895,0.5736044128529698,0.2151903188899708,0.11159782629016553,0.3828281207400195,0.4780325696202532,0.5602031756624142,0.5478237232580963,0.5474732404317959,0.11144519106967617,0.11511000745829245,0.11519737311089304,0.5587252095516569,0.1299118164717349,0.5244059240506329,0.3665342482960078,0.10905984537487828,0
23651,2019,2692,0.5037147102526003,0.5206852010405054,0.19727005603864736,0.11060179044964698,0.3619856934225195,0.43925334559643253,0.4977606655105973,0.5041061653179191,0.5052688697495182,0.11931025040462427,0.12080971753371869,0.11776059086705203,0.5503399331352155,0.12574015122585439,0.535631348569305,0.3325835689706429,0.1317851005202527,0
23633,2019,2758,0.5257432922407542,0.531620880304679,0.1799338556401886,0.1161558301414581,0.3397443957199855,0.45619560174102286,0.525488136652939,0.5267180666417072,0.5290848592287533,0.14262623283414452,0.1386557863347061,0.134404057543991,0.5489649608127721,0.119423737191582,0.6469226543344214,0.20489353964454118,0.14818381356546972,0
23650,2019,1551,0.49645390070921985,0.5418732722580646,0.20110511483870966,0.1378056275483871,0.4184576638709677,0.4389787264516129,0.5040171624668435,0.5043694303713528,0.5046126816976128,0.1584532201591512,0.15594258023872679,0.1530951279840849,0.5506883894261767,0.12777739439071567,0.7055070012903225,0.1527634256129032,0.14172957503225805,1
23225,2019,1126,0.44760213143872113,0.4524977448888889,0.22405688631111112,0.1754843408888889,0.3758997991111111,0.47511145244444447,0.4440230988319856,0.4485014905660378,0.4456957169811321,0.18072748077268644,0.18146156451033243,0.18353942794249775,0.5526997473309608,0.11957491556939502,0.769139976,0.23086002311111112,0.0,1
23306,2019,1143,0.5774278215223098,0.5484849430823118,0.18105334413309984,0.1267655656742557,0.3664993887915937,0.4401466208406305,0.5591112390331244,0.5625197663384064,0.5615238845120859,0.1476638629364369,0.14600575675917637,0.14206835622202327,0.5640922206654991,0.1263316500875657,0.6043502767075306,0.31961998774080563,0.07602973485113836,0
22547,2019,706,0.4461756373937677,0.48730780425531917,0.2415849184397163,0.11941399744680851,0.3698957035460993,0.4507520468085106,0.4526099010043042,0.44599815925394554,0.45827009325681495,0.18686376915351505,0.16367019225251075,0.14608855050215208,0.5503292585227273,0.12232746761363637,0.473903734751773,0.526096265248227,0.0,1
23637,2019,995,0.471356783919598,0.47583941146881287,0.26508775533199197,0.14339120130784708,0.314116370221328,0.4771228279678068,0.4625901530612245,0.46303686224489793,0.46777218163265305,0.1631728186734694,0.15286011102040817,0.1501451413265306,0.5527836485397785,0.12093937643504532,0.7959868913480885,0.20401310764587524,0.0,1
23534,2019,2538,0.58274231678487,0.6073377473393772,0.1456371186440678,0.11609297138352384,0.33958916554986207,0.4763587276310603,0.5879513304668305,0.5876167027027027,0.5916356031941031,0.13585420245700244,0.1312381724815725,0.1287660805077805,0.5531316674556214,0.1321490663116371,0.6295416893969255,0.208527728419393,0.16193058797792667,0
21754,2019,1013,0.4837117472852912,0.5312025187747036,0.2481935533596838,0.0961063935770751,0.3803683824110672,0.41849350494071147,0.4753517036637931,0.5098072209051724,0.5198745193965517,0.12536954084051724,0.1085337108836207,0.10046100700431033,0.5369255331355094,0.11417735529179031,0.7437969328063241,0.24557646343873518,0.010626612193675888,0
23786,2019,906,0.5154525386313465,0.5234122552486188,0.23632788861878454,0.10330552928176796,0.39716051712707184,0.4381722872928177,0.4764349723502304,0.5131176935483871,0.5247751278801843,0.18762761221198157,0.14061426716589862,0.13027613767281107,0.5547500574585635,0.12222019425414365,0.5706708762430939,0.3606165392265194,0.06871258067403314,0
22675,2019,836,0.5753588516746412,0.5773553233532934,0.19621485868263472,0.12357710610778443,0.37678834730538924,0.41112022155688627,0.6008617235079172,0.5724366029232644,0.5721658976857491,0.12022991607795372,0.11666368355663825,0.11747931766138854,0.5552133229665072,0.1296702948564593,0.6090753449101797,0.3026689269461078,0.08825572227544909,0
22735,2019,1112,0.5359712230215827,0.5475582124212421,0.15792657668766877,0.15384106138613862,0.3361150657065706,0.5138974212421242,0.5478138714932127,0.5417393194570136,0.5410146180995475,0.15675790036199094,0.16248431837104071,0.1631447571040724,0.5439252517985611,0.13220093012589929,0.5979848631863186,0.07221340900090009,0.32980172637263727,0
22099,2019,386,0.4896373056994819,0.4623776857142857,0.22381005194805195,0.15901593974025974,0.39432869350649347,0.37713916103896106,0.4948224680851064,0.49357407978723405,0.489348545212766,0.1442469079787234,0.1458577045212766,0.14998207978723405,0.5443226987012987,0.12634650727272725,0.6334512623376624,0.029016372467532466,0.3375323844155845,1
22743,2019,694,0.5504322766570605,0.5632744141414142,0.1502350544011544,0.10242076378066378,0.3785601443001443,0.4556563780663781,0.5583577854014599,0.5465090204379562,0.5486018291970803,0.11936439474452554,0.12619970116788323,0.12410419518248177,0.5503503852813852,0.126334444011544,0.5527174805194806,0.2379882135642136,0.20929429437229435,0
22419,2019,1894,0.5295670538542767,0.5119018267300581,0.23178102588483887,0.12435722456418384,0.38236512836767034,0.4435408061278394,0.5228643875278396,0.522862881403118,0.5200743808463252,0.12529659638084634,0.12417151325167038,0.12395075389755011,0.5410866434231378,0.12427721003697835,0.5189346307448495,0.2935901397253038,0.18747526043317486,0
23745,2019,2762,0.5687907313540912,0.5471526910539659,0.20290507316189788,0.1037721257515393,0.3637373321260413,0.44556403549438606,0.5628080022488756,0.562826731634183,0.5629220955772114,0.11262871742878561,0.11289575269865067,0.11130574430284858,0.551217148967017,0.12085952076839435,0.4594598710612097,0.2696572683810214,0.27088284027526255,0
23439,2019,572,0.5874125874125874,0.5709355726795097,0.1525344274956217,0.14978625569176882,0.32502142732049033,0.4666256619964974,0.5875767096188748,0.5748371433756806,0.5802625299455535,0.13159221088929218,0.13227352431941924,0.13462459709618874,0.5475901031468532,0.12939266923076922,0.6288982802101576,0.3690590735551664,0.0020426360770577933,0
23312,2019,821,0.5761266747868453,0.5785090085365854,0.1796387487804878,0.14763216341463414,0.31111736341463414,0.48111194268292684,0.5506012795031057,0.5636505689440994,0.5666747366459627,0.14300445155279504,0.15107665254658387,0.148961348447205,0.5483533520097442,0.12413722521315468,0.3784965609756098,0.24695096012195122,0.3745524439024391,0
22738,2019,652,0.5337423312883436,0.5791584270353303,0.14344625268817204,0.14131500660522273,0.3567360153609831,0.4752938341013825,0.5630563333333334,0.5358012767295598,0.5368106871069181,0.1537420886792453,0.14586390283018869,0.14095898663522013,0.5546984447852761,0.12708423819018405,0.5103966175115208,0.15759834408602152,0.3320050479262673,0
22911,2019,869,0.5822784810126582,0.6051263202764977,0.1215828948156682,0.16014693433179725,0.359083150921659,0.43168451843317973,0.5797810955710956,0.579380134032634,0.5827089207459207,0.13647907307692309,0.14161829382284383,0.14034101993006992,0.5492801327944573,0.13154472678983833,0.8542833605990784,0.030982298041474652,0.11473434619815667,0
21940,2019,2350,0.6025531914893617,0.6125816858237547,0.15589818007662837,0.12441634099616858,0.34785340102171136,0.46186077224350786,0.6071278664886516,0.6095743360035604,0.6117778210947931,0.11451982870493993,0.11749805411659991,0.11814487556742323,0.5540254152470186,0.1319628871379898,0.46284735972754365,0.26517777437207324,0.2719748607918263,0
23696,2019,2843,0.5983116426310235,0.6186488247712878,0.10368085770584094,0.13161032899366645,0.3742323296973962,0.4288971963406052,0.6032084850800582,0.6049299286754003,0.6066463398835517,0.12446635756914119,0.12664242929403202,0.13011867096069868,0.5485731599154632,0.13161678587530823,0.5142137744546095,0.27824096871921183,0.20754525095003518,0
22598,2019,927,0.5480043149946062,0.537043909287257,0.1872987398488121,0.11991779460043198,0.36967865334773214,0.40051216630669545,0.5297490152838428,0.5477824344978166,0.5486931419213974,0.1175502825327511,0.1085228886462882,0.1050063693231441,0.5622173110151188,0.1267056706263499,0.7376077462203023,0.24158483693304536,0.020807409935205183,0
22335,2019,765,0.5359477124183006,0.54994,0.20121774999999997,0.13238880366492148,0.3578664332460733,0.41123999738219896,0.5314404272108844,0.5337720081632653,0.5448183632653062,0.10645265265306122,0.12022974911564627,0.12275299537414966,0.5582407619109947,0.12499517264397905,0.673404170157068,0.1503280717277487,0.17626777486910994,0
22163,2019,1913,0.6110820700470465,0.5890731490585774,0.11260216783472804,0.13613382374476987,0.34017981328451885,0.464358954497908,0.5985217577836411,0.6007906886543536,0.5971983709762533,0.1289091218469657,0.1354203131398417,0.13938147625329816,0.5439833109596225,0.12945812884111169,0.4993628070083682,0.08086741140167364,0.419769775209205,0
23767,2019,2700,0.6151851851851852,0.6181436980363098,0.14474179673953316,0.10556801748795851,0.34901196331974804,0.45209827195257507,0.6112459255156608,0.614066410618793,0.6128956333078687,0.11298183365164248,0.10880730221543164,0.10875882482811307,0.5519984609114487,0.13012501882178584,0.7515958099296035,0.1716564247869581,0.07674777661356058,0
21916,2019,2543,0.5772709398348408,0.5742859468922109,0.1622742920535012,0.16677539535798586,0.3534595027537372,0.42147755822187255,0.5851893097959184,0.5780135918367347,0.5759045183673469,0.14453566375510202,0.15537966979591836,0.15769871918367348,0.5457719453401495,0.13694758344475028,0.4947515468135326,0.27948015066876475,0.2257682974036192,0
23631,2019,2161,0.5469689958352615,0.5490978861111111,0.20560101249999999,0.13398581018518518,0.3244319708333333,0.45580950416666666,0.5457155813953488,0.5441127306976744,0.5449347795348837,0.13053241544186048,0.12762064302325582,0.12975816386046513,0.5586247319444445,0.1284009774537037,0.3885227092592593,0.29260762592592593,0.31886963333333335,0
22624,2019,1005,0.5074626865671642,0.5065803197211156,0.23345680139442232,0.12316887201195219,0.39730709860557767,0.4556193515936255,0.5113547093844601,0.5082130302724521,0.5111724682139254,0.12187288102926337,0.12400993229061553,0.12005845943491424,0.5579203137450199,0.1301327561752988,0.5669416294820717,0.36143130916334665,0.07162706774900397,0
20700,2019,666,0.6186186186186187,0.6222252766917293,0.1500177192481203,0.10962297052631578,0.33102195939849627,0.4458961187969925,0.620949259938838,0.6119207675840979,0.6123720856269113,0.0862739003058104,0.10035120581039754,0.10471499785932721,0.5531318345864662,0.1322463457142857,0.43630693233082707,0.29272645864661656,0.2709665984962406,0
21402,2019,936,0.6014957264957265,0.6136791229946524,0.20949603743315506,0.10586591176470589,0.2923478631016043,0.4953143935828877,0.5932636738894908,0.5963818689057422,0.5974624398699893,0.12402807139761647,0.1140322366197183,0.1130862656554713,0.5557280599571734,0.12917932826552464,0.5131871978609626,0.4346742374331551,0.05213856919786096,0
23758,2019,2569,0.5780459322693655,0.5675082091121495,0.1437358917445483,0.15310085942367602,0.3340675299844237,0.4799310128504673,0.5736878834207342,0.5736975038321904,0.5731436676079064,0.14079419971762808,0.14366672355788623,0.14458925211778942,0.5458623158099689,0.12925161911993768,0.6422868099688473,0.31031710315420563,0.04739610097352025,0
22277,2019,1660,0.4963855421686747,0.48675054852320676,0.22853406208559374,0.1452150454490657,0.4034130632911393,0.4279621115129596,0.4835068680203046,0.4851071725888325,0.48308472779187817,0.1648940823604061,0.1535723769035533,0.15304636484771575,0.5585407275467149,0.11717270500301387,0.5037316943942134,0.27761811091018684,0.21865019023508137,1
21733,2019,322,0.5527950310559007,0.5278815981308411,0.14899269065420562,0.19688533644859812,0.3347195202492212,0.4166495049844237,0.5339902816455696,0.5277546455696203,0.5257726234177215,0.1549458,0.15865643797468354,0.16733204240506327,0.5460606510903427,0.13395486199376946,0.45510294392523365,0.21292100841121497,0.331976,1
23673,2019,1060,0.5481132075471699,0.5655141274787535,0.15686035042492918,0.10431682974504249,0.3707868234183192,0.4587018970727101,0.5646135777096115,0.5615240552147239,0.5639167832310839,0.1053610226993865,0.10440160807770961,0.1046812236196319,0.5453101078524125,0.12645108013245032,0.575838432483475,0.2841876345609065,0.13997396600566572,0
23717,2019,1575,0.5263492063492063,0.5311068475222364,0.23850819440914867,0.12852846994917408,0.35003045679796696,0.49539345298602283,0.5461672846416382,0.5278537180887372,0.5302532655290103,0.1429165094880546,0.1447231765187713,0.1412917014334471,0.55134361093452,0.12862481614748889,0.6658572052096569,0.3092705038119441,0.02487228456162643,0
23719,2019,1900,0.64,0.6255333522906794,0.14118840600315954,0.10927608367561874,0.37459411026856243,0.42904606108478144,0.6289009229144668,0.6324994662090814,0.6262389957761352,0.11753312312565999,0.1133383216473073,0.11328372317845829,0.5453259084210527,0.12954766836842105,0.491595439705108,0.2939483054239074,0.2144562159031069,0
22318,2019,987,0.6089159067882473,0.5899382890466532,0.23003380527383369,0.08472468620689656,0.33694559026369164,0.4734278955375254,0.5971936677018633,0.5988425683229813,0.6013175372670808,0.08945157391304348,0.10050565258799173,0.09917339161490683,0.5544223306288033,0.12771119898580122,0.5608987221095335,0.4349995202839757,0.0041017528498985805,0
22380,2019,845,0.5100591715976331,0.5709417571090047,0.2114450952606635,0.11610578601895734,0.36244838862559237,0.4479468578199052,0.5134306396866841,0.5262859856396866,0.5442331135770235,0.1297847321148825,0.12617339216710183,0.12276547467362924,0.5546632816568048,0.13045625337278105,0.5149737263033176,0.11499618507109005,0.37003007227488155,0
21414,2019,1053,0.5992402659069326,0.6022137927756654,0.17817542576045628,0.1361668466730038,0.3363400256653992,0.47884669676806085,0.6090538888888889,0.6070680337301587,0.6079280466269841,0.14477430287698412,0.13737504970238096,0.13701485327380952,0.5477821149097816,0.13028889449192785,0.5211863060836502,0.4683974543726236,0.01041619891634981,0
22996,2019,940,0.5872340425531914,0.5738451405750798,0.19959845047923322,0.10686624355697551,0.3206055709265176,0.49267903088391907,0.5849946563500533,0.5895821718249733,0.5926412561366061,0.11231501109925295,0.12217015005336179,0.12038617865528281,0.5538550224358975,0.12641620405982906,0.7216301086261981,0.05321179297124601,0.22515808977635782,0
22249,2019,2157,0.550301344459898,0.5589470834879406,0.1963455667903525,0.11905519888682745,0.34851813961038963,0.4567102249536178,0.5453188,0.5493263176755449,0.5501766174334141,0.12115098092009687,0.11992006208232445,0.11907555123486682,0.5630682691415313,0.12726910501160094,0.48169696150278296,0.07567866920222635,0.4426243631725418,0
23784,2019,1469,0.4928522804628999,0.5079728821525886,0.22668006437329702,0.11653650749318802,0.3777690408719346,0.42178670435967297,0.5023825547445255,0.4964587445255474,0.5043852372262774,0.11159610832116787,0.1159096008759124,0.11589281934306571,0.5557404495912807,0.12794572779291555,0.5510725824250682,0.19247084196185285,0.2564565728882834,0
22143,2019,924,0.5140692640692641,0.5166590715059588,0.18222767713976165,0.13383352697724812,0.38677482448537376,0.43819164572047675,0.5109769682365827,0.5048527842278203,0.5066326681270537,0.13238986495071192,0.12715743033953997,0.128539704381161,0.5450675503791983,0.1307044531960997,0.4259900249187432,0.47632269447453957,0.09768726695557964,0
22491,2019,1026,0.5545808966861598,0.545936676097561,0.20785347414634148,0.1285671059512195,0.3743043736585366,0.4362433424390244,0.5265533184965381,0.5524714391691394,0.5508789010880317,0.1841291671612265,0.14127974441147378,0.13547590296735906,0.5477949219512195,0.1293026756097561,0.4237145873170732,0.3024716269268293,0.27381377951219515,0
22592,2019,961,0.5046826222684704,0.5093989114583334,0.209333428125,0.11998247479166667,0.36540376979166667,0.4664737083333333,0.5112906568109821,0.5139426019007391,0.5109587961985216,0.11913502798310453,0.12465477592397044,0.12632563907074973,0.5469144099895942,0.13533837117585848,0.46928244479166664,0.5077764729166667,0.022941044989583333,0
23557,2019,2075,0.5657831325301205,0.5788313741562199,0.13336352719382835,0.11544751417550626,0.38587337367405977,0.44115863404050143,0.5616171803526449,0.5747315138539043,0.5756567964735516,0.10294836186397985,0.10117969879093199,0.10295049455919396,0.5511518962855765,0.12880607655571635,0.707463450337512,0.11513947039537126,0.17739707232401158,0
22890,2019,2447,0.5570085819370658,0.5548041496320524,0.18003185891251022,0.14880514349959117,0.3582755490596893,0.44403367947669664,0.5636852931692831,0.5613953249893933,0.5596959669070853,0.13334623971149767,0.13525038099278744,0.13756386084005093,0.5481631988543371,0.12856165429623567,0.5397609300899427,0.2175270139002453,0.24271205163532297,0
22397,2019,1077,0.5868152274837511,0.5924654823420074,0.13693541654275093,0.15071514962825278,0.3670879739776952,0.42820624628252785,0.5776708397737983,0.5744756079170594,0.5855875014137606,0.14257446635249763,0.1367615149858624,0.14291374288407163,0.5576938904363974,0.12785946935933146,0.4683847908921933,0.24838751951672863,0.2832276644981413,0
22192,2019,2528,0.49841772151898733,0.5166472679066086,0.2302846062524733,0.11627381816383063,0.3550638618915711,0.45310930352196277,0.5003308326480264,0.4962376866776316,0.4986078458059211,0.11266574350328946,0.1160471916118421,0.1189234792763158,0.5447027576237624,0.1270131188910891,0.5006825639097744,0.4319070506529481,0.06741037479224377,0
22469,2019,1713,0.535318155283129,0.4685075852803738,0.2808050882009346,0.14419471203271028,0.36786532476635514,0.4365509754672897,0.52978,0.5327796178461539,0.5220411532307693,0.1401805536,0.13572610750769232,0.13510611575384615,0.5878743744158879,0.11493801501168224,0.47543255782710275,0.39462231249999996,0.12994511910046727,0
22278,2019,1648,0.3895631067961165,0.38928714268366726,0.3014063436551305,0.19515950151791137,0.4078727328476017,0.4214381948998178,0.3862321418137553,0.38796509860012174,0.3877692574558734,0.18603594297017648,0.19272637674984783,0.19549409555690808,0.5509911823708207,0.12416048249240122,0.634322612021858,0.36566246508803885,1.4923383727990287e-05,1
22123,2019,881,0.6401816118047673,0.5569159375,0.1561216784090909,0.15743627977272726,0.35439361818181814,0.43083715795454547,0.6303731371428571,0.620206736,0.6132510365714285,0.11210948731428572,0.12022556137142858,0.12296445360000001,0.5978989279176201,0.10775696933638444,0.5276244511363637,0.3089743477272727,0.16340119204545453,0
21936,2019,2186,0.5512351326623971,0.541746575743707,0.1780564233409611,0.12474679121281464,0.3820353505720824,0.4378030874141876,0.5463932870632673,0.5453438890462701,0.5456029966949952,0.12215023177525969,0.12142953904627007,0.1220129172332389,0.5550555125973431,0.1241217813559322,0.4973251697940504,0.3906029437070938,0.11207188297482838,0
23030,2019,803,0.49066002490660027,0.4776006458852868,0.26854612842892767,0.1055066962593516,0.42898328179551126,0.4253345997506235,0.46749734986225894,0.48618064876033057,0.4818996363636363,0.11814740592286503,0.11773089710743802,0.11617524228650139,0.5422207805486284,0.12317135436408977,0.5269917456359102,0.44272965336658354,0.030278579413965088,1
23655,2019,2764,0.6400144717800289,0.682773760043431,0.09161005533840029,0.1116116102062975,0.37159464784654367,0.43558466739051754,0.6408963985751781,0.6473588057742782,0.6507983430821147,0.1305620836520435,0.12778544570678665,0.12548394998125234,0.5569402867487329,0.12801931372194061,0.6922557614911329,0.18005496572566052,0.1276892793340572,0
23332,2019,618,0.5420711974110033,0.5107327682333873,0.22377833225283633,0.12990927034035657,0.47266721880064827,0.38967407779578606,0.5388581231343283,0.5379093600746269,0.5224339626865672,0.13020442537313434,0.12541226026119404,0.12622259496268656,0.5793170582524272,0.11101629029126213,0.6376274294975689,0.29185102933549434,0.07052152171799028,0
23627,2019,898,0.579064587973274,0.6005158316610925,0.107895751393534,0.13052765228539578,0.43287415942028984,0.39078676031215165,0.5783183051044084,0.5785487911832946,0.5942748236658932,0.15349270742459398,0.15841747378190255,0.15162570440835266,0.548800719376392,0.12706025868596882,0.70295854180602,0.2920045696767001,0.005036892887402452,0
23590,2019,1113,0.49595687331536387,0.5095306402877697,0.24549448363309354,0.12606178803956833,0.390234375,0.40838663758992805,0.4784590788704966,0.5060827692307692,0.5101597789678676,0.14026998072054528,0.12787207078870497,0.12740512969814996,0.5563924860486049,0.13313006579657968,0.481137625,0.41975104586330936,0.09911129010791367,1
23478,2019,2329,0.5143838557320739,0.5056721537800688,0.23732818298969072,0.14253440721649485,0.3654188711340206,0.41808080627147765,0.5174285113585746,0.5146733839643652,0.5138226988864142,0.14459356855233854,0.14515500133630288,0.14382824454342985,0.5533805547915771,0.12839358856897293,0.6049966335910653,0.3277248632731959,0.06727849301546392,1
22741,2019,1054,0.6233396584440227,0.6394415185185185,0.13369629439696107,0.10949140550807217,0.36508151377018044,0.41133268281101615,0.6159020680728667,0.6267836510067114,0.6251565215723874,0.1310103146692234,0.126017806232023,0.12870758120805367,0.5438855512333965,0.12839861859582544,0.40296244444444446,0.09278203941120608,0.5042554805318139,0
22131,2019,2584,0.6946594427244582,0.6924966500193573,0.06510671366627951,0.06784590797522261,0.38147144599303134,0.39392571893147504,0.6967445110663985,0.6955135931589537,0.6956361299798792,0.0738304290140845,0.07463256185110663,0.07344733822937626,0.5513157285050349,0.12929088605731992,0.39116942586140147,0.24470939721254356,0.364121154084398,0
23307,2019,1979,0.5260232440626579,0.5433681395348837,0.1855543877148635,0.13809315657229523,0.3619829383215369,0.44579459403437816,0.5347440535809019,0.5332268870026525,0.5335852668435013,0.1372986949071618,0.14147380488063663,0.141251050397878,0.5557713419322206,0.12532143034901366,0.5330422982810921,0.23191832664307382,0.2350393882709808,0
21558,2019,797,0.5432873274780426,0.5578777211055277,0.1904370027638191,0.17592706658291457,0.3145025653266332,0.4849504510050251,0.5581169426020408,0.5460637729591836,0.5448256441326531,0.15614188852040817,0.16888459681122447,0.16668559196428573,0.5434868501259446,0.13317583967254407,0.5939676859296482,0.28299656959798997,0.12303574283919598,0
22435,2019,2185,0.6187643020594966,0.6043019262820513,0.10583252239010989,0.12763131332417582,0.3474271163003663,0.45180211263736264,0.6177995679425837,0.6140924631578948,0.6110179014354067,0.120972865215311,0.12055001808612441,0.12314671650717704,0.5545758121850664,0.12610577544663307,0.44679433379120875,0.4375690096153846,0.11563662582417583,0
21795,2019,2796,0.45779685264663805,0.47009811377459754,0.2318464311270125,0.1749008353488372,0.3589586221824687,0.4590054923076923,0.46113668908489525,0.4643044707828004,0.46549184160235213,0.18281951488423376,0.18132582579933848,0.17970395222344726,0.559742313283208,0.11897059838882922,0.430769228980322,0.4201848987477639,0.14904584933810378,1
21978,2019,301,0.5116279069767442,0.4724273466666667,0.21303490333333333,0.12153342633333333,0.40041688,0.45434410333333336,0.4735141146788991,0.4812346146788991,0.4748284770642202,0.16324370779816516,0.16500185779816515,0.1554115,0.5366488766666667,0.12963241333333334,0.34041298333333336,0.26474156,0.39484539333333335,1
23518,2019,1891,0.5959809624537282,0.5822498714285714,0.1332490835978836,0.1414715360846561,0.36998041534391535,0.45682169841269843,0.5824589732590528,0.581999252367688,0.5748473582172703,0.14985879153203344,0.14831994228412257,0.15196456713091921,0.5524450507667901,0.12648181951348492,0.4918682814814815,0.2844828666666667,0.22364882962962962,0
23568,2019,791,0.5398230088495575,0.5057399,0.17825888974683546,0.14580141392405063,0.4100404,0.40268710506329114,0.4608505472496474,0.5211476135401975,0.5121503977433005,0.14983634753173483,0.1246387730606488,0.11840201988716502,0.5535656772151899,0.12169973075949367,0.4617175,0.34141712506329114,0.19686536202531646,0
23697,2019,803,0.5080946450809465,0.4406055561097257,0.24833812481296758,0.11126089239401496,0.46421541770573566,0.4016896471321696,0.5312501539440203,0.4795648956743003,0.4670555025445293,0.13969517366412215,0.11958990089058524,0.11294726284987278,0.5724837905236908,0.11947696608478803,0.5877560024937656,0.10827953815461347,0.30396444139650874,0
22908,2019,2202,0.5812897366030881,0.5707943625624715,0.13334623262153567,0.13231804661517493,0.40247466197183096,0.42103953112221715,0.5741792422243166,0.5771785230914231,0.5739120999057493,0.14121641470311028,0.14214540923656926,0.13498050047125354,0.5514161524112831,0.12733603480436761,0.5519445706497046,0.23374583925488412,0.21430957723761926,0
22834,2019,2646,0.5207860922146637,0.511857004536862,0.23159076926275993,0.12471837081285445,0.38940236975425335,0.40022021172022687,0.5191055352941177,0.5222268458823529,0.5195390098039216,0.12441103588235293,0.12411754407843138,0.12558293035294119,0.5583228483931947,0.12418095240075615,0.5494293470699433,0.2995601554253308,0.15101051058601134,0
23440,2019,1482,0.5715249662618084,0.6151604051316678,0.12388470006752196,0.12769764118838622,0.3607320506414584,0.44632308642808916,0.5854676422939068,0.5794890229390681,0.5879393598566308,0.13162672594982078,0.13106786093189965,0.13068652974910394,0.5514870128205128,0.12245824851551958,0.5462528534773802,0.40950825455773127,0.0442388862255233,0
22596,2019,623,0.6821829855537721,0.681842770096463,0.08188556848874598,0.10004421125401929,0.3287601414790997,0.4687600482315113,0.6746745435483872,0.6703182806451613,0.671869870967742,0.09233158838709678,0.09785529516129032,0.10069265822580646,0.5784693402889245,0.1161101330658106,0.43479549035369774,0.33166518971061093,0.2335392884244373,0
23672,2019,1771,0.5488424618859401,0.553558013559322,0.19919228548022597,0.12142069152542373,0.38498238870056495,0.43053465819209036,0.5462233917761279,0.5455334905768132,0.5430530239862935,0.109906250256996,0.11089651690462592,0.11341684014848659,0.5488787552289429,0.12422167902769926,0.6081600926553672,0.23890419209039546,0.152935712259887,0
22094,2019,914,0.537199124726477,0.4238685969331873,0.31638021139101863,0.14223047217962762,0.3309200350492881,0.45657418838992336,0.5299100671140939,0.525374206935123,0.5145373064876958,0.11098670302013423,0.11953099217002237,0.12246033467561522,0.6113579603524228,0.10548919845814979,0.7070727064622124,0.24161938335158817,0.051307900657174145,0
21595,2019,368,0.46195652173913043,0.44447012806539515,0.3141073351498638,0.10714354686648501,0.41968298637602175,0.41741381743869205,0.43315224301675975,0.41092272067039104,0.4234917737430167,0.09059993994413408,0.10046287430167598,0.10380217709497207,0.5508100953678474,0.11811570544959128,0.541276485013624,0.3907925177111716,0.06793098610354223,1
23781,2019,2574,0.6181041181041181,0.5953553789350953,0.13825578429848426,0.12932119910610185,0.2973841807228916,0.4702393412359114,0.6195868565672844,0.6120408988718775,0.6084903650282031,0.12490920628525383,0.12468123102336824,0.12434999500402902,0.548182303772851,0.12907417596266044,0.6316402071511854,0.20694419176059073,0.1614156130975515,0
23536,2019,416,0.5769230769230769,0.5962608746987952,0.08073991879518072,0.1710620939759036,0.41403241445783134,0.4307498192771085,0.5876794341085271,0.569274780361757,0.571191322997416,0.17515781782945736,0.16536561550387596,0.1688658062015504,0.5894031346153846,0.11436725,0.7939928096385542,0.19877013253012046,0.007237063445783132,0
22708,2019,1171,0.5311699402220325,0.5656446128205128,0.18469813153846154,0.08340338888888889,0.3643878923076923,0.42587844444444445,0.529812081255771,0.5410664506001847,0.5446040978762696,0.1160253865189289,0.10249405087719297,0.09333418734995383,0.5543056017094017,0.1260528052136752,0.5524668179487179,0.2462126666666667,0.2013205206837607,0
20938,2019,638,0.5470219435736677,0.5225857770800628,0.1857807032967033,0.14564556514913657,0.30197474788069073,0.4146304395604396,0.5482677444089457,0.518501375399361,0.5213505047923322,0.13297691166134185,0.12439931230031949,0.13761295047923322,0.5564434090909091,0.1244521261755486,0.491787693877551,0.2015305552590267,0.30668173312401886,0
23206,2019,1533,0.5185909980430529,0.5409545972584856,0.2091324028067885,0.1263145342689295,0.40575261096605747,0.44992112402088774,0.4953913309162821,0.506747846407383,0.5031793170731708,0.1309578123269611,0.12350049993408042,0.12592257481872116,0.5441975378590078,0.13273372950391643,0.5343909673629242,0.275766841383812,0.18984220013054828,0
21994,2019,1022,0.5430528375733855,0.5869060372184133,0.15469043339862878,0.12870941527913812,0.38582547992164545,0.4399996581782566,0.5361093792016807,0.5451710829831933,0.5522303739495797,0.13806683970588235,0.12998717268907564,0.12892231271008403,0.5571695396669931,0.12437588530852105,0.521201207639569,0.3596253447600392,0.11917345896180215,0
23110,2019,684,0.49415204678362573,0.5153401449487556,0.18144890893118595,0.10676631068814056,0.40335099267935576,0.4301839311859444,0.5019191551459293,0.5017230430107528,0.5070055929339478,0.12479764178187405,0.12525429615975422,0.12585968433179726,0.5436257891654466,0.13187633967789164,0.5818738843338214,0.1066326232796486,0.3114934963396779,0
22309,2019,1018,0.6296660117878192,0.6227223628318583,0.11598590334316618,0.15153951632251722,0.3538298770894789,0.4580768593903638,0.6097181730382293,0.627013740442656,0.6368986006036218,0.1498884523138833,0.14720398913480887,0.14418595633802817,0.54895715628091,0.1326224099901088,0.4558833402163225,0.21877811012782694,0.32533853294001963,0
22220,2019,569,0.46924428822495606,0.4793056531690141,0.2807513133802817,0.08639627183098592,0.40746069190140843,0.383082639084507,0.48938269981916815,0.46705822242314643,0.4798676528028933,0.09973858336347198,0.10927384773960218,0.10175197938517179,0.5336645852372583,0.13168230158172234,0.5815196936619718,0.38123157394366197,0.037248728538732394,0
21813,2019,1099,0.5477707006369427,0.5745156520947177,0.16949127686703097,0.09800439244080146,0.3826908806921676,0.40066179234972676,0.5515018373161764,0.5506304476102941,0.5499554154411764,0.10436579770220589,0.10236142683823529,0.10491833814338236,0.54303174143898,0.1295253029143898,0.39855377049180324,0.4709438579234973,0.13050234626593807,0
21549,2019,2340,0.661965811965812,0.67355981445062,0.0903369303548525,0.0835844057716973,0.36220892560923473,0.4198353044035913,0.6600780248447204,0.667510267524401,0.6695679063886425,0.09740573731144632,0.09697886898846494,0.09442031610470275,0.5521331770744226,0.1280111377245509,0.4150584972210346,0.47769359897392044,0.10724788995297135,0
22540,2019,723,0.5822959889349931,0.5461130512465374,0.15590242202216067,0.12667048490304708,0.4779049930747923,0.4128384944598338,0.5769117450424929,0.5517938781869689,0.5545746487252124,0.11149000793201135,0.13265094886685552,0.13207083413597734,0.5645166210235131,0.12530029972337484,0.6915480498614959,0.2687170929362881,0.039734865235457065,0
21830,2019,499,0.655310621242485,0.6173569959839358,0.057085941566265064,0.14559360642570282,0.38101112248995983,0.4091464859437751,0.6351511262939958,0.6381794451345756,0.6360904886128363,0.12261320807453417,0.11993562546583851,0.12306340641821947,0.5530999819639278,0.12907465751503006,0.7502335502008032,0.24005785341365463,0.009708566606425703,0
22201,2019,873,0.5463917525773195,0.5567962167431193,0.22937873279816515,0.12105045573394495,0.36805830389908256,0.42713285091743125,0.5290758817451205,0.5407014121699196,0.54785692652124,0.11491926509758899,0.11903047141216992,0.11751924890929966,0.5548550825688073,0.12862607396788991,0.5381665905963303,0.11160940412844036,0.3502239919724771,0
23289,2019,524,0.5629770992366412,0.5404464187380498,0.20585500573613766,0.11315886692160612,0.35665255449330785,0.42986081070745696,0.5234266381709741,0.5492971013916501,0.553855351888668,0.14810067554671968,0.12237387813121273,0.11558000218687874,0.5469426832061068,0.12564170324427482,0.7424036787762907,0.15918714512428297,0.09840922370936903,0
23654,2019,503,0.558648111332008,0.5300780398406375,0.15605751394422313,0.1463048406374502,0.4394504342629482,0.3736694442231076,0.5808078869936034,0.5361494264392325,0.5237322388059701,0.1625777814498934,0.12802322814498934,0.13189336545842217,0.5875649821073559,0.11651473180914514,0.6699486334661354,0.19297942928286854,0.13707192689243028,0
22820,2019,1375,0.5083636363636364,0.43318290320232894,0.24990946433770014,0.17683290320232897,0.38597223726346436,0.3913223529839884,0.5035417398072647,0.4974460985915493,0.4915103661971831,0.15823642357301707,0.15918119214232765,0.15758804751667901,0.5736197081513827,0.11492034403202328,0.5608049512372635,0.33226746441048033,0.10692756113537118,1
22293,2019,1537,0.5666883539362394,0.5903147076822917,0.09946373658854167,0.164412095703125,0.38974141861979167,0.4099257239583333,0.5567803417982156,0.563784271791352,0.56851884351407,0.15486964399450928,0.15989765065202471,0.16501163967055596,0.566830790500976,0.1236335753415745,0.5942106061197917,0.26656736009114584,0.13922201419270833,0
22302,2019,437,0.4691075514874142,0.47460950458715595,0.2692784518348624,0.1213613993119266,0.4278709380733945,0.37410474541284405,0.43871019953051643,0.464995234741784,0.4639453661971831,0.12685504835680753,0.13199733568075117,0.13091227441314554,0.540718504587156,0.12963356697247708,0.6234834128440367,0.28979256651376145,0.08672402889908257,1
22978,2019,631,0.5863708399366085,0.4900367825396825,0.22318285714285713,0.1574399842857143,0.3754643222222222,0.45771329365079366,0.6030280392857142,0.5876395375,0.5620429750000001,0.11255612589285714,0.12557664125,0.13337283392857144,0.5938189015873016,0.10968306603174603,0.46241496349206346,0.06737656238095238,0.4702084571428572,0
23689,2019,487,0.5564681724845996,0.483281695473251,0.20642070781893004,0.1452195524691358,0.34047018312757205,0.4213148333333333,0.5103852306079665,0.5129671509433962,0.5003627211740042,0.13034076268343817,0.14061191677148846,0.1578608249475891,0.5811576201232033,0.11009362176591375,0.46648844650205756,0.20778562757201646,0.3257259094650206,0
23556,2019,383,0.6684073107049608,0.6593492696335078,0.12674674005235603,0.11416692958115184,0.38600999999999996,0.46586272774869114,0.6859056097560976,0.6767341382113822,0.6692260867208671,0.08793527669376693,0.09270030271002709,0.10035354200542004,0.6446538328912467,0.09386140928381964,0.745031607329843,0.2305056073298429,0.02446275002617801,0
23653,2019,353,0.509915014164306,0.4866958579545455,0.20138229545454545,0.20091717727272726,0.3904387357954546,0.34815919602272727,0.478775828313253,0.4917692469879518,0.48786080722891567,0.23777912108433735,0.20166810542168676,0.20337975,0.5819781680911681,0.12024624843304843,0.7131731079545455,0.2830696602272727,0.003757236420454545,1
23362,2019,326,0.558282208588957,0.5054740584615385,0.1312566153846154,0.10109971230769232,0.3617127292307692,0.48193932615384616,0.5867366699669967,0.5420023135313531,0.5222320726072608,0.11685524488448847,0.11857370858085808,0.11102520132013202,0.5497034246153847,0.12634944153846153,0.542455883076923,0.36485076,0.0926933956923077,0
21840,2019,380,0.5447368421052632,0.5163898284960422,0.2016092931398417,0.12619970263852243,0.34073431662269127,0.4561464406332454,0.5206791490514905,0.5034000216802168,0.5173272574525745,0.10011271327913278,0.10923792682926828,0.11270550406504067,0.5729663342105263,0.12074892157894736,0.48529947229551457,0.24497303693931397,0.2697274722955145,0
23561,2019,985,0.5746192893401015,0.5636497459349593,0.2290753292682927,0.0899357075203252,0.37584382012195117,0.44657878048780486,0.539345563598759,0.5586405418821097,0.561938101344364,0.12205821551189246,0.10859580455015512,0.10306893288521199,0.554647552284264,0.12657191563451775,0.6881023109756097,0.22371177479674798,0.08818591260162602,0
23630,2019,929,0.6146393972012917,0.6128398609913792,0.09983200646551725,0.15722545474137933,0.33440632920258617,0.49804728448275865,0.62930798583878,0.622407331154684,0.621664982570806,0.14258767821350762,0.13105023289760348,0.13608520239651414,0.5434474564047362,0.12955877621097955,0.5908339256465518,0.37211838469827585,0.03704767176724138,0
23112,2019,438,0.636986301369863,0.5515927803203661,0.20241606864988557,0.11999201464530893,0.3757670480549199,0.4335011876430206,0.6248549628712872,0.5697528094059406,0.5646228910891089,0.12630564257425742,0.10896396905940593,0.11670092351485149,0.6046424178082191,0.10725753470319635,0.5460298672768878,0.2886323066361556,0.16533786132723113,0
21874,2019,635,0.6755905511811023,0.6497828454258675,0.12012017287066247,0.10268502334384857,0.3280596277602524,0.45164944321766565,0.6807755847750865,0.676525652249135,0.6731234550173011,0.09463031505190311,0.10052759584775087,0.09533751747404844,0.6106503622047245,0.10554242708661418,0.47052223659306,0.39368660094637226,0.135791129022082,0
23231,2019,797,0.6825595984943539,0.606681493718593,0.14463829396984923,0.11640310527638191,0.38498858040201006,0.43403120728643213,0.7001884365079365,0.6584880727513227,0.6369129642857143,0.08167531018518519,0.09830746428571428,0.10634944616402116,0.6067743005115089,0.1073645590792839,0.5472906721105527,0.4164022625628141,0.03630708172110553,0
21279,2019,585,0.5487179487179488,0.5281960359589041,0.1915459109589041,0.16127041267123288,0.3810535393835617,0.41580250856164386,0.5441176498257839,0.5336771968641115,0.5308309616724739,0.1571545644599303,0.13632114477351917,0.14145199285714286,0.5430014170940171,0.13076366666666667,0.7311956506849315,0.21060782534246575,0.05819650171232876,0
22925,2019,349,0.5243553008595988,0.5064604626436782,0.1739370172413793,0.10232455574712644,0.39649720402298855,0.4120429655172414,0.4876018742690058,0.48977431286549705,0.5000168391812866,0.12360748099415204,0.10795971637426902,0.09980337426900585,0.5483128395415472,0.12547742435530085,0.6197397385057472,0.38026026149425285,0.0,0
23035,2019,1780,0.48651685393258426,0.4519371186059584,0.2837709994378864,0.14445783923552558,0.3645366975829118,0.4807493603147836,0.47737035661971833,0.4711838259154929,0.4648244467605634,0.14133715036619718,0.14518508371830985,0.14842729070422536,0.5510739831460675,0.1292897540449438,0.5295420674536256,0.3273612405845981,0.14309671394041595,1
23695,2019,891,0.5982042648709316,0.5761991370786517,0.12374273876404494,0.13699898123595505,0.43029004831460677,0.38201253146067415,0.581002610419026,0.5739180668176671,0.5695623612684032,0.11767329150622877,0.12675200226500566,0.12963105787089468,0.5751893468013468,0.1208491492704826,0.5051148202247191,0.3128902640449438,0.1819949288764045,0
23302,2019,318,0.5157232704402516,0.5280887381703471,0.17335621261829653,0.1404250378548896,0.45410144794952684,0.33575095268138805,0.5334940386100386,0.5235531274131274,0.524428108108108,0.11642911621621622,0.14417874131274133,0.14517403088803088,0.5912372578616353,0.11300118993710692,0.7207636403785489,0.21902457981072554,0.06021177444794953,0
21699,2019,411,0.559610705596107,0.5196278512195122,0.20823097560975612,0.19935373902439024,0.3896695219512195,0.42989356829268294,0.5708886035805627,0.5418498081841432,0.5326946214833759,0.1293303874680307,0.14439386956521738,0.15500475498721228,0.5512702433090024,0.12821556739659368,0.7106983463414634,0.06666813390243902,0.22263348780487804,0
23636,2019,748,0.6684491978609626,0.6188772463186077,0.13927771338688086,0.1360212639892905,0.38710078714859436,0.4502940749665328,0.651170475862069,0.6632533503448276,0.6612756082758621,0.11836812124137931,0.11657814413793104,0.11988980137931035,0.6200027012113055,0.09868054481830418,0.6449869718875502,0.31066421686746987,0.04434881044176707,0
23005,2019,304,0.506578947368421,0.4983613201320132,0.26941740561056104,0.1308648313531353,0.3633897095709571,0.4425575544554456,0.45812057954545454,0.46624610984848486,0.44560613257575754,0.14507270833333333,0.16467408295454547,0.15875018257575757,0.5847411743421053,0.12282550131578947,0.5920044422442244,0.325584095709571,0.08241146072607261,1
23498,2019,672,0.5044642857142857,0.5644957093889716,0.16349758420268257,0.1395729871833085,0.42329954396423247,0.39872277645305515,0.5357428141321045,0.5350501766513056,0.5567877987711214,0.14416619769585254,0.14108913149001534,0.13566951551459294,0.5597850788690476,0.12729197366071426,0.6546438599105813,0.24860518837555887,0.09675096184798808,0
22487,2019,1135,0.5022026431718062,0.4476935361552028,0.2621820652557319,0.12349710238095238,0.3984152504409171,0.39340134567901236,0.4941614505183789,0.4777315315739868,0.46142434024505186,0.11317209387370405,0.12106627031102735,0.12360233930254479,0.5675201612046059,0.11842093684676704,0.6336541957671957,0.13968241014109348,0.22666338474426806,1
22234,2019,861,0.5958188153310104,0.4946043918604651,0.21162089418604652,0.15256171790697676,0.3571737651162791,0.4557609441860465,0.600107331318017,0.5798443978234583,0.5726193264812576,0.1315091400241838,0.1361282407496977,0.13733810725513906,0.5875568220930232,0.11274124720930233,0.5245601546511628,0.24212158255813954,0.2333182569767442,0
23761,2019,424,0.49056603773584906,0.4929523640661938,0.2440331513002364,0.1360634865248227,0.39773367848699764,0.4455108888888889,0.48690229901960785,0.47493518382352945,0.46899528676470587,0.13681320710784314,0.1505973730392157,0.15383670833333332,0.580463466981132,0.11965543160377358,0.607321768321513,0.32288006146572107,0.06979820472813239,1
22905,2019,638,0.5407523510971787,0.5253329638932496,0.21857255259026687,0.1495816781789639,0.33978581004709574,0.4698970188383046,0.5431212346278318,0.5349293786407767,0.5389238430420712,0.16943771310679612,0.15817765954692556,0.15412700469255664,0.5446765172413793,0.12656399310344826,0.39917830298273155,0.2661152040816327,0.33470646310832025,0
23632,2019,776,0.5476804123711341,0.5552258309677419,0.21882233058064515,0.11983956645161291,0.3176545729032258,0.46406120645161286,0.5333591495448635,0.5614119297789337,0.5591440494148245,0.131505933159948,0.12384145903771132,0.12306052418725617,0.5485920270618556,0.12901342564432988,0.677621784516129,0.27267680387096777,0.04970142387096774,0
22640,2019,469,0.509594882729211,0.45555129935897437,0.24402641025641025,0.13489591346153845,0.4089967606837607,0.45211301923076924,0.5440844406047516,0.5043846393088554,0.48009297624190067,0.10443119481641468,0.12985727451403886,0.12875712764578834,0.5849858976545842,0.11585873795309168,0.6779683995726496,0.23691705982905983,0.08511455555555555,0
22729,2019,1334,0.5134932533733133,0.5151053383345836,0.24309773075768942,0.1290674359339835,0.34757858964741184,0.4556146856714179,0.5229895589123867,0.5182281812688821,0.5171731714501511,0.12025250422960725,0.12199836631419939,0.12227067182779457,0.5472918799699925,0.13184468319579895,0.509238872468117,0.29814390750187547,0.19261722213053264,0
22458,2019,1465,0.5501706484641639,0.5436993408469946,0.18229791994535519,0.19282922062841532,0.3380101004098361,0.48817177254098365,0.5491533601449275,0.5505516413043479,0.5505272652173913,0.1763697188405797,0.18100733623188406,0.18494820652173913,0.5496860218430034,0.13124482470989762,0.451425381147541,0.15927605737704917,0.38929856352459014,1
23690,2019,345,0.6202898550724638,0.5922481046511628,0.17786628604651164,0.17881,0.35504074127906976,0.4596879970930232,0.7020490504731861,0.6057207097791798,0.6065744731861199,0.1413263217665615,0.1698558832807571,0.1720688832807571,0.6071349333333333,0.11686322144927537,0.521120976744186,0.10994146802325581,0.36893753779069766,0
23361,2019,314,0.5445859872611465,0.4619690095846646,0.25370179552715655,0.18065857188498402,0.3579214856230032,0.4619122076677316,0.5416968405315614,0.5109283887043189,0.4917190598006645,0.12689139136212624,0.1446421803986711,0.15396688704318937,0.5706541602564102,0.12113023397435899,0.5673956900958467,0.293757571884984,0.13884675750798722,1
23643,2019,510,0.6882352941176471,0.5700905009823183,0.18047894557956776,0.13391371944990177,0.32909547740667977,0.4498872966601179,0.7201693448275862,0.6718114117647059,0.6595472839756592,0.08305103488843814,0.09459175091277891,0.098457838336714,0.6428314811881188,0.09273749623762377,0.6864361493123773,0.1496093833005894,0.16395448349705302,0
22759,2019,996,0.5341365461847389,0.5598568834170854,0.16650378854271355,0.1509445326633166,0.3958934814070352,0.3981284643216081,0.5344373766233766,0.5367380422077922,0.5512327478354978,0.13467696601731602,0.13501202597402598,0.13838745562770563,0.546730798192771,0.12957477439759035,0.4207986281407035,0.44067664422110553,0.13852469346733667,0
23843,2019,1114,0.5430879712746858,0.527950530098832,0.22174609757412397,0.12744432812219228,0.36112537646001797,0.4559567160826595,0.545786890625,0.5336062666015625,0.524463701171875,0.13504091630859374,0.1302697802734375,0.131753830078125,0.5546556262353999,0.1338025850853549,0.5174301446540881,0.4813123548966756,0.0012574970170709794,0
23437,2019,473,0.49471458773784355,0.46885344915254235,0.23079043855932205,0.14861421398305086,0.37644915889830505,0.41689514830508473,0.49513745161290323,0.4842373672456576,0.47914083622828785,0.1305132965260546,0.14157391066997518,0.14312295037220846,0.52172866807611,0.14356549006342492,0.577315813559322,0.33879913559322034,0.08388504279661017,1
23314,2019,329,0.6048632218844985,0.46687384146341465,0.27197770731707316,0.17622346646341464,0.4538624664634146,0.4168899634146341,0.600785762589928,0.5228470503597122,0.4707022014388489,0.1406165737410072,0.14826128417266188,0.1638535287769784,0.6228037537993921,0.11256919939209727,0.6451738353658537,0.32898725609756096,0.025838916859756096,1
22136,2019,422,0.495260663507109,0.47809930166270787,0.24915114489311166,0.14962262019002376,0.38887608551068886,0.4139497505938242,0.4799304455696203,0.48467351898734173,0.497989870886076,0.1631849987341772,0.1499286511392405,0.1512179324050633,0.5417386587677725,0.13523021800947868,0.46499488361045127,0.3087405510688836,0.22626453444180522,1
23638,2019,1028,0.6478599221789884,0.6056444897760468,0.19023875851996105,0.10534888870496592,0.38953012268743914,0.4186808257059396,0.6538917708333333,0.6328028015873016,0.6258951170634921,0.09402641716269841,0.10013338869047618,0.10197680128968253,0.6219081242661448,0.1007547784735812,0.5699606445959104,0.31672239532619284,0.11331694810126582,0
23849,2019,827,0.6082224909310762,0.5476264697336563,0.21172830871670703,0.09933467191283292,0.3036613559322034,0.5202200399515738,0.6038483255813953,0.579500538987688,0.5643562804377565,0.12096589781121751,0.11266311600547196,0.10501237592339262,0.5588443482466747,0.12816179262394195,0.6269181791767555,0.37019075302663434,0.0028910797336561744,0
23334,2019,514,0.5505836575875487,0.5327175321637426,0.19013377582846006,0.11448171656920078,0.41212933333333335,0.40492985575048734,0.5402062943820224,0.5284716584269663,0.5232916674157304,0.12886919640449437,0.12472673033707865,0.11986139325842697,0.5581885116731518,0.13147735428015564,0.43451204288499023,0.2936009473684211,0.2718869884990253,0
23426,2019,587,0.6814310051107325,0.6568562013651877,0.1359516638225256,0.08012532440273037,0.36473999317406147,0.45364294880546074,0.7366715430579965,0.6690142601054481,0.6663274042179261,0.07064495975395431,0.07816955571177504,0.0737183258347979,0.6376872185886403,0.0932545900172117,0.5670617901023891,0.4013359795221843,0.031602209215017066,0
23293,2019,382,0.6335078534031413,0.6033793333333334,0.26128492913385826,0.03467488110236221,0.3935352257217848,0.4411318976377953,0.6019163058419245,0.5734511099656358,0.5734511099656358,0.042764432302405495,0.03614241683848797,0.03614241683848797,0.5988301413612566,0.11153866596858639,0.4177871784776903,0.15730933097112862,0.4249034881889764,0
22478,2019,812,0.6366995073891626,0.5975069494451295,0.23844680024660914,0.06986634685573366,0.4449032392108508,0.42822234648581997,0.6292657667525773,0.6269128015463917,0.6148848543814432,0.05899269652061855,0.06427467693298969,0.06666607216494845,0.6026590739827373,0.10082950801479655,0.76252101972873,0.23747898039457463,0.0,0
22368,2019,525,0.6742857142857143,0.6904650534351146,0.12719813072519084,0.07741871603053435,0.3848605209923664,0.43207500381679387,0.7069428531746031,0.6804872361111112,0.6795665416666666,0.07761853095238096,0.08679593690476191,0.08849819543650794,0.6481559026717557,0.08875596965648855,0.5634948912213741,0.4342169599236641,0.002288132423664122,0
22810,2019,793,0.6784363177805801,0.6951554406565658,0.14413611489898992,0.0823464529040404,0.42194586363636366,0.42590121464646463,0.6802451208791209,0.6803036497252747,0.6860981607142858,0.10192120013736264,0.10217645054945056,0.09857460961538461,0.6426631514762516,0.09254970667522465,0.6461177297979798,0.33647692171717175,0.017405359772727273,0
23423,2019,328,0.6402439024390244,0.6547043027522935,0.23126386850152905,0.08496712079510703,0.4533315779816514,0.33734999694189605,0.6347615904436861,0.6496190580204778,0.6497128020477816,0.07485049726962457,0.08195107303754266,0.08544115153583619,0.6074403134796238,0.10318111222570533,0.5902625290519878,0.3267546360856269,0.0829828633027523,0
23429,2019,650,0.6446153846153846,0.6749434283513097,0.13986276733436057,0.059331629275808935,0.39992838366718025,0.4013269306625578,0.6360149968051119,0.654242607028754,0.6555579233226837,0.05950370958466454,0.06871230830670927,0.0690362447284345,0.6306734953703703,0.09805036033950618,0.659017030816641,0.32206519568567027,0.01891779157164869,0
23421,2019,570,0.6701754385964912,0.6707512179261863,0.1477774639718805,0.06538425219683655,0.42031442530755714,0.41249175571177504,0.6782594761904762,0.6659222307692308,0.665975489010989,0.06251175970695971,0.06561465842490842,0.06742913846153847,0.6382199771929825,0.08778850315789474,0.6608436660808436,0.30343752724077333,0.03571878330404218,0
22110,2019,462,0.7121212121212122,0.6790207201735358,0.11697410325379609,0.10633488720173537,0.38427560520607373,0.3924693429501085,0.7088794105504587,0.6928801536697248,0.6849457683486239,0.09203826215596331,0.09689672821100918,0.0998729993119266,0.6665271865509761,0.08632671431670282,0.524753726681128,0.3121046101952278,0.16314167678958785,0
21795,2020,1159,0.4969801553062985,0.46576444779982745,0.2383398748921484,0.18220215012942192,0.35480430025884385,0.4531874322691976,0.4948460414150129,0.48819668679896455,0.488186318377912,0.16517479042277827,0.17792633390854184,0.17708471786022434,0.5531036243523316,0.128169458462867,0.43581775409836065,0.40565746678170833,0.1585247929249353,1
23781,2020,3144,0.6040076335877863,0.6153303403307888,0.12228624109414758,0.13364276176844783,0.30690206488549615,0.47655481552162854,0.6029616284987277,0.6073361930661578,0.6081306676208652,0.15096126638040713,0.15053127888040713,0.1496394246183206,0.5457212192870783,0.1360340862189688,0.6131409882315522,0.2140492070610687,0.17280980248091604,0
22547,2020,961,0.48074921956295524,0.4598645182101977,0.24457026534859522,0.15004758792924036,0.35368995005202913,0.47034028199791883,0.4885575650364204,0.4835292684703434,0.4805800801248699,0.14831412611862643,0.1494633660770031,0.1485296916753382,0.5430483818938606,0.13402849771071798,0.4503421654526535,0.5496578345473465,0.0,1
23561,2020,2148,0.5726256983240223,0.5730728994413408,0.20128398324022348,0.11108876629422719,0.35887984683426444,0.45355875232774673,0.5768796005586593,0.5807184864990689,0.5775724120111732,0.12628228724394785,0.11650106824953445,0.1217121279329609,0.5487600032603633,0.134477679366558,0.6215448817504656,0.23822698696461825,0.14022813873370576,0
23637,2020,1129,0.4561558901682905,0.4710030062001771,0.29295612311780334,0.14826119486271036,0.3293740593445527,0.45554550398582816,0.4547812081488043,0.46776309654561565,0.4647985385296723,0.16314902170062,0.15758080699734278,0.1538370828166519,0.5463630159433126,0.1325583645704163,0.7749887333923826,0.22454858724534987,0.0004626771319751993,1
21875,2020,783,0.5555555555555556,0.5173670217113666,0.20051809578544064,0.11785893384418902,0.3649319003831417,0.4512002950191571,0.5478384066411238,0.5501172426564496,0.5458715874840357,0.10701636449553002,0.12051360395913155,0.1195317772669221,0.5448292669220945,0.13597056424010218,0.44994674968071524,0.37894403703703705,0.17110921123882503,0
22840,2020,703,0.47083926031294454,0.5070565988620199,0.2059900308677098,0.14187048506401137,0.3895511906116643,0.45666291891891897,0.48049966145092465,0.47615593598862016,0.47646181934566145,0.1509337291607397,0.15017110554765292,0.15055539772403984,0.5470328915834523,0.13895516405135522,0.4649876244665718,0.07024140284495022,0.4647709317211949,1
23853,2020,1442,0.4868238557558946,0.4420307224149896,0.27288511797362947,0.14589063893129772,0.3853313844552394,0.4083070270645385,0.4813487106741573,0.4704320835674158,0.45712258848314613,0.1515484731039326,0.1475804014747191,0.14842677900280898,0.5571854767522554,0.13338033254684248,0.6473647244968772,0.2628519035392089,0.0897833775503123,1
23694,2020,2742,0.5758570386579139,0.5905190853391685,0.1561042352297593,0.12353672720641867,0.356698992706054,0.43852319876002915,0.5738215499635303,0.5790569868708971,0.576678294310722,0.12259291010211525,0.12044275069292487,0.12097482673231218,0.5444567625820569,0.1353845907731583,0.49632738147337707,0.25592016338439094,0.2477524617067834,0
23092,2020,955,0.4816753926701571,0.49156109014675053,0.24698203144654088,0.13650219811320755,0.40897752201257864,0.45265118553459116,0.4925125,0.48291902760084926,0.4863962855626327,0.12993892133757962,0.1306839617834395,0.13111170456475585,0.541335145702306,0.1354725824947589,0.7481296163522012,0.11953572872117402,0.1323346432914046,1
22851,2020,762,0.5013123359580053,0.5532569186351706,0.16987863254593177,0.16747241469816274,0.40237227821522314,0.41066096062992125,0.5205163398950131,0.5074383175853019,0.5062126824146982,0.1438809782152231,0.1502288559055118,0.1531261782152231,0.5418047217847769,0.13515539238845145,0.5954278333333333,0.23832033727034121,0.16625184251968503,1
21961,2020,2950,0.5742372881355933,0.5955345091525424,0.1338008813559322,0.1625919193220339,0.3402089745762712,0.46711713661016946,0.5815048874576271,0.5800608972881356,0.5790749233898305,0.16939708050847457,0.1697776027118644,0.1729183579661017,0.5426441129579376,0.1363482131614654,0.5910230949152542,0.19373806067796612,0.21523883627118645,0
23411,2020,1843,0.5187194791101465,0.5519874785675529,0.1674562137818774,0.1279145002712968,0.3622767618014107,0.4489595648399349,0.5191011524688008,0.5237277992403689,0.5276051036353772,0.13980415621269668,0.13754531947911014,0.13839213347802495,0.5410435667752443,0.13821181758957657,0.5055004221378188,0.4145573922951709,0.0799422022788931,0
23439,2020,908,0.5748898678414097,0.582236114537445,0.17565749779735682,0.1321273744493392,0.32072552643171803,0.4598224526431718,0.5632469196035242,0.579793268722467,0.5814218524229076,0.14095817665198238,0.12398536729074891,0.12440833612334802,0.5506006971365639,0.13448870121145376,0.6180019251101322,0.37969187775330393,0.002306183039647577,0
23496,2020,916,0.5120087336244541,0.5640366713973799,0.18620647816593885,0.14323913318777293,0.34706896069869,0.4186417096069869,0.522013018558952,0.5206116048034934,0.5122575120087337,0.14047683537117903,0.1507679693231441,0.15567988689956333,0.5418518351528384,0.13788912445414847,0.831933077510917,0.14877432641921398,0.019292585480349348,0
22293,2020,1210,0.5578512396694215,0.5624964628099174,0.1544425991735537,0.156078152892562,0.3615381479338843,0.4400291578512397,0.5714588413223141,0.5693356330578513,0.5641735256198347,0.12985719743801652,0.1405094543801653,0.1407397865289256,0.5484184842975207,0.13544532867768597,0.5982191628099174,0.3101750760330579,0.09160574570247933,0
23137,2020,671,0.5305514157973175,0.595733611028316,0.17502699105812222,0.1635577090909091,0.33683866766020865,0.43415179731743664,0.5617022831594635,0.536814865871833,0.5512124500745157,0.17153555484351712,0.19604133785394934,0.1853670916542474,0.5496113353204173,0.14000092801788377,0.6764423889716841,0.20792091058122203,0.11563667660208643,1
23312,2020,486,0.5164609053497943,0.559164720164609,0.20809200823045268,0.14052780041152263,0.3410314382716049,0.4470852880658436,0.4982420452674897,0.5180537613168724,0.5237282818930041,0.12221417139917697,0.10423804238683128,0.10710903703703703,0.5531541278350515,0.13873721298969072,0.44767763786008236,0.2300652386831276,0.32225706584362135,0
23288,2020,1040,0.5605769230769231,0.6175415471153846,0.14724381634615383,0.13353863461538462,0.3540804903846154,0.43924277980769233,0.5531762692307692,0.5652405682692307,0.5674619509615385,0.15152699875,0.14980992125,0.14571855826923077,0.5472657288461538,0.13535443086538462,0.6467277259615385,0.1751796058653846,0.17809267115384614,0
23748,2020,673,0.5260029717682021,0.5248603803863299,0.16809664338781574,0.17627931797919763,0.3733316701337296,0.3948545765230312,0.518594396731055,0.4985915943536404,0.4930679569093611,0.18854460341753343,0.2120410249628529,0.21201304160475481,0.5638078571428571,0.1398224580357143,0.6711988350668647,0.22743194056463598,0.10136922496285289,1
23987,2020,3525,0.5353191489361702,0.5397662395005676,0.16955288819523268,0.12384940953461976,0.35358510017026107,0.4545141512485812,0.5342916888436955,0.5366042513073794,0.5367806862289367,0.12734768050552006,0.12675770787332946,0.12710917393957,0.5474580340522134,0.13370088371169125,0.6679518396708286,0.2324068870601589,0.09964127422531215,0
23897,2020,3157,0.5454545454545454,0.5479196764892268,0.18216243361850445,0.12720166539923955,0.34025843504435993,0.4968037056400507,0.544597895751634,0.5471335062091504,0.5488230215686274,0.1215198677124183,0.11975946761437908,0.1208070072875817,0.5456540183893469,0.13652565745085607,0.4931975671736375,0.38397834093789607,0.1228240948035488,0
22180,2020,575,0.568695652173913,0.6001444730434783,0.18850291652173914,0.1121976864347826,0.33269162782608697,0.444789772173913,0.5672517860869566,0.5602064660869566,0.5709316852173913,0.11761296504347826,0.11479214852173912,0.11705704347826087,0.552982904347826,0.13074939895652174,0.3053115304347826,0.6812189252173912,0.01346953652173913,0
22743,2020,1018,0.5461689587426326,0.5559046444007859,0.1781867416502947,0.1351326699410609,0.33926313359528487,0.48375623575638504,0.5665428379174852,0.5596342229862475,0.5568052200392928,0.16112846424361493,0.1550079412573674,0.15114269253438115,0.5466897269155205,0.13416734459724952,0.6078586414538311,0.23552854518664046,0.1566128231827112,0
22729,2020,1726,0.5127462340672074,0.5154729015063731,0.22412308922363847,0.13869004461181925,0.35250890034762455,0.4363812636152955,0.5118908690614137,0.5199330689455388,0.5185586668597914,0.1713958510428737,0.16105696628041716,0.16217454594438008,0.5354401263035922,0.13857168899188876,0.5176767520278099,0.29682029490150635,0.1855029785631518,1
22905,2020,802,0.5386533665835411,0.5385529002493765,0.1869533017456359,0.15030290149625936,0.34589784788029926,0.4814323990024938,0.5380233029925187,0.5377500972568579,0.5408093117206982,0.13677193653366584,0.14498559513715711,0.14331740112219452,0.5516028603491272,0.1330660735660848,0.36698522568578557,0.20747680922693265,0.42553793516209476,0
21991,2020,764,0.4790575916230366,0.5093158232984293,0.24078587303664922,0.15011315314136126,0.41104001047120414,0.440496304973822,0.49235800130890056,0.4945626269633508,0.4958205746073298,0.17272697630890055,0.15072757905759163,0.14858527107329841,0.5392655143979057,0.1374474469895288,0.7007170392670157,0.04911929764397906,0.2501636609947644,1
22419,2020,966,0.5362318840579711,0.5299018447204968,0.21116505486542445,0.13160973188405797,0.37094096273291927,0.4466825548654244,0.5422564344720496,0.532417612836439,0.52910516873706,0.1615515907867495,0.16810920289855075,0.1668740811594203,0.5431013768115942,0.13518226728778468,0.5417080797101449,0.25918142960662527,0.19911048033126294,1
21916,2020,1047,0.5577841451766953,0.5728672063037249,0.1723923877745941,0.1556426093600764,0.3597260171919771,0.4315031193887297,0.5516369531996179,0.546665359121299,0.5563938080229226,0.16645000105062083,0.1744578681948424,0.17085537249283667,0.5463107007648184,0.1354428536328872,0.48814256924546323,0.29560586341929324,0.21625155682903535,0
23767,2020,3001,0.5604798400533155,0.602487777740753,0.15509847950683106,0.11460211962679107,0.3406859623458847,0.45833342552482503,0.5648135918027324,0.564757469176941,0.5695548067310897,0.11559693652115961,0.11926289953348884,0.12040023152282574,0.5446161630543515,0.13503435288429477,0.7417810019993335,0.17574001032989003,0.08247900336554481,0
22254,2020,924,0.5432900432900433,0.5985421125541125,0.14945469913419912,0.1265847251082251,0.3582885411255411,0.4651775800865801,0.5615065476190476,0.5512862196969697,0.5512894264069265,0.15057938484848485,0.152488675,0.1542763920995671,0.5444832773564464,0.13315911354279522,0.591104803030303,0.2480060930735931,0.16088912554112555,0
22028,2020,692,0.5,0.536010034682081,0.23263119219653178,0.14479568786127167,0.3675962225433526,0.46184132080924856,0.5144638179190751,0.5101202037572254,0.5103587745664739,0.1693984696531792,0.164040175,0.1626430216763006,0.5412547514450867,0.13576696936416185,0.5466542167630057,0.26924064017341043,0.184105137283237,1
22772,2020,666,0.536036036036036,0.5456769024024024,0.1985708198198198,0.14404453753753754,0.3776888123123123,0.43407293993993995,0.5257418783783784,0.512662539039039,0.528277990990991,0.12927169534534533,0.12688132777777777,0.12937661036036036,0.5510676576576576,0.13382349474474475,0.6294999924924926,0.23442933483483486,0.1360706921921922,0
22143,2020,379,0.5118733509234829,0.5173045910290237,0.18653843799472297,0.128188,0.37290536939313984,0.4422770844327177,0.5748116701846966,0.5194209498680739,0.5213070474934036,0.1137571598944591,0.15386332744063325,0.15575869472295514,0.5395003403693931,0.135353981530343,0.41360143799472293,0.4516574802110818,0.13474110290237468,0
23719,2020,2372,0.601602023608769,0.6272100645025296,0.12975221922428332,0.1257017162731872,0.3844521176222597,0.4104753718381113,0.5986358971332209,0.6031062390387859,0.6076646547217538,0.1288498852866779,0.12864206644182125,0.1304719152613828,0.5457415333052276,0.1336624739038786,0.5021449485666104,0.2890796302698145,0.20877542242833053,0
23047,2020,817,0.47980416156670747,0.5240952386780906,0.23370352386780904,0.12431080905752755,0.39344994981640147,0.4498694847001224,0.5180494724602204,0.4983422154222766,0.49153848714810283,0.1250355465116279,0.13520467796817626,0.13860479926560587,0.5431556070991432,0.13463923831089353,0.5922213059975521,0.30077116279069765,0.1070075094247246,1
22592,2020,867,0.5086505190311419,0.5095686378316032,0.22590383044982698,0.1298211418685121,0.3411630461361015,0.46500991926182234,0.5151876516724336,0.5132367462514418,0.5127392156862745,0.13155358765859285,0.12934784452133796,0.12877592975778548,0.5424664059976932,0.13492581291810843,0.5198765582468281,0.43449238177623994,0.045631059515570935,0
21432,2020,983,0.5249237029501526,0.538780490335707,0.1342999450661241,0.12256345269582909,0.3827534191251271,0.38957064089521876,0.5195262573753815,0.5183092533062055,0.519555028484232,0.11980538423194304,0.13031829145473042,0.12893437670396743,0.5484489674134418,0.13624455723014256,0.4514631464903357,0.5254971993896236,0.023039662767039674,0
22834,2020,2235,0.4774049217002237,0.5051381597315435,0.2274366134228188,0.13982344787472034,0.37370366800894855,0.4221151337807606,0.49075360984340044,0.480321966442953,0.48276838836689046,0.16421802420581658,0.1648645972259508,0.1626598832214765,0.54542223803132,0.13504277127516778,0.5205722872483222,0.37123513646532436,0.10819258371364654,1
22094,2020,790,0.389873417721519,0.4987007886075949,0.2687043215189873,0.1480888569620253,0.336304964556962,0.438622517721519,0.3755220417721519,0.38496145443037977,0.4009930848101266,0.2283172235443038,0.21456280569620254,0.21100802949367087,0.5538052240506329,0.12889660974683545,0.659113153164557,0.21494384430379745,0.12594301506329114,1
22302,2020,504,0.6448412698412699,0.5221036448412699,0.2164370416666667,0.14622280158730158,0.375791246031746,0.4332423392857143,0.615227740079365,0.6283533214285714,0.6240854722222222,0.17558321150793652,0.16364371170634923,0.16448991924603173,0.5833603499005964,0.14293309761431414,0.5505473551587301,0.3306615595238095,0.11879107936507938,0
23852,2020,1772,0.46106094808126413,0.46407339073969506,0.2291815877470356,0.1756126708074534,0.3817841716544325,0.43045207905138344,0.46661549087799314,0.47046204618015963,0.471071976054732,0.17076591448118586,0.16947885632839224,0.17115268301026224,0.5476462319413092,0.13357205445823928,0.5514555866741954,0.3928626510446076,0.055681780124223604,1
23426,2020,702,0.49572649572649574,0.6130045185185184,0.167717207977208,0.11216211025641025,0.3789167122507122,0.43358948005698006,0.5146321025641025,0.4994284615384615,0.5022965455840456,0.1760268933048433,0.17971096082621082,0.1729457178062678,0.5607337364672365,0.13628016267806267,0.5556536908831909,0.40647648005698006,0.03786984985754986,1
22525,2020,972,0.5390946502057613,0.5005777849794238,0.23663574588477365,0.1352928353909465,0.39845724691358025,0.44126955349794234,0.5550044259259259,0.5500727551440329,0.5453252818930042,0.16175316481481483,0.1553455767489712,0.1558225656378601,0.5446611934156378,0.13540622993827162,0.5955098981481481,0.09565971604938273,0.30883038477366254,1
22123,2020,630,0.5857142857142857,0.6227201698412699,0.12460316825396825,0.1346270507936508,0.33542035555555555,0.44836733174603177,0.5478336619047619,0.5853941111111112,0.598839134920635,0.1972099815873016,0.18192183650793653,0.17466572492063492,0.57394726709062,0.13207483259141495,0.4919973285714286,0.35733442857142855,0.1506682380952381,0
22234,2020,481,0.5904365904365905,0.5923963076923078,0.18143269022869024,0.14589987110187108,0.3263454449064449,0.47604487941787943,0.5929803638253638,0.6131317505197506,0.6188784303534304,0.22876324864864866,0.20665418544698544,0.19881153575883576,0.5795254687500001,0.15662275270833334,0.5327060145530145,0.24039260706860707,0.2269013659043659,0
22598,2020,490,0.5183673469387755,0.545077863265306,0.1968882306122449,0.10826728571428572,0.37546238163265305,0.40207560816326526,0.47277467142857144,0.4997494959183673,0.5053203469387755,0.1307342897959184,0.11688246306122449,0.11472177020408163,0.5542547244897958,0.1404616955102041,0.6714693469387755,0.27980687551020406,0.04872379204081633,0
23914,2020,2949,0.5303492709393015,0.533052775101764,0.19372319742198102,0.1386959633649932,0.390148486431479,0.4073927476255088,0.5303070122591944,0.528305974430823,0.5273478802101575,0.13075547281961472,0.1345253058844133,0.13557738886164622,0.5415943475754493,0.13619388267209223,0.5410244111261873,0.31424466641791043,0.14473092062415197,0
22708,2020,2460,0.5065040650406504,0.5193939617886179,0.2298644333333333,0.11894887764227642,0.38075491910569104,0.43242680528455285,0.5069065979674797,0.5040945024390244,0.5038117154471544,0.13527690154471544,0.13741079959349595,0.14061851414634147,0.5469655581300813,0.1337021098373984,0.4713838369918699,0.21661348292682925,0.312002656504065,0
22675,2020,808,0.5346534653465347,0.5638461138613862,0.22607870173267328,0.11350341089108912,0.36180075,0.428449827970297,0.5497966967821782,0.5520228762376238,0.5492795965346535,0.12236635383663366,0.12376028576732674,0.12279939715346536,0.5496535408415841,0.13216811757425742,0.6331051472772278,0.2360353527227723,0.13085949133663366,0
21414,2020,753,0.5551128818061088,0.5928515630810093,0.17539722045152722,0.1415409070385126,0.33178541301460823,0.4645983864541832,0.5527267197875165,0.5514252828685259,0.5573272695883135,0.15643061673306774,0.16593890730411687,0.16066498366533866,0.5451703399734396,0.1357884247011952,0.5358554687915007,0.4144944435590969,0.04965009707835325,0
22735,2020,1095,0.4894977168949772,0.5267624767123287,0.18888987579908675,0.15636098721461186,0.3635246767123288,0.4825083917808219,0.5082316429223744,0.5007544767123288,0.4950077287671233,0.15833828557077625,0.14748977735159818,0.14742216493150687,0.5480738922374429,0.13420578876712327,0.5604719369863014,0.07341821589041096,0.36610986210045665,1
22335,2020,315,0.47619047619047616,0.5240015777777778,0.24977930476190477,0.13006503492063493,0.38601111746031747,0.3981233873015873,0.47469004761904765,0.45950327301587296,0.46909826349206346,0.18205784507936507,0.16322683936507937,0.1535152476190476,0.5485830349206349,0.13587853301587302,0.625290326984127,0.19127192698412698,0.1834378126984127,1
23334,2020,949,0.5342465753424658,0.5359603161222339,0.18379632771338253,0.13528631928345627,0.4002725005268704,0.4255008335089568,0.5358194646996839,0.5421510842992624,0.5449559915700738,0.1545325674394099,0.15137637860906217,0.14967975237091677,0.5486293129610116,0.1315384033719705,0.4615825194942044,0.24388171654373023,0.2945357565858799,0
23917,2020,2218,0.5924256086564472,0.5797277519170049,0.13234993775372123,0.179610099233198,0.30620810599909787,0.4974544429409112,0.5884097643192487,0.5890582938967136,0.5856912394366197,0.15281797286384974,0.1601345939906103,0.16444449014084508,0.5375661433724076,0.13875030072137062,0.47959534370771306,0.3270689530897609,0.19333565232295893,0
23745,2020,2417,0.5444766239139429,0.5573672391394291,0.1997727397600331,0.13202681836988,0.33975766446007444,0.4538598208522962,0.5553614695904012,0.5522629962763758,0.550208999586264,0.16554673462970623,0.16691264038063713,0.16788902532064542,0.5459447894083574,0.1349635452213488,0.4547979358709144,0.2806611878361605,0.2645408684319404,0
23632,2020,793,0.519546027742749,0.5418030327868852,0.2441865107187894,0.13478962547288775,0.3145184665825977,0.4722579155107188,0.51751826481715,0.5198090504413619,0.523348577553594,0.1535807892812106,0.15395698360655738,0.1479677663303909,0.5484070100882724,0.13690005170239597,0.6476449255989912,0.3044407868852459,0.047914301891551075,1
21789,2020,906,0.5077262693156733,0.5231846986754967,0.18804577593818986,0.1421693123620309,0.3857653200883002,0.4609930573951435,0.4939631777041943,0.500884325607064,0.5020322229580574,0.16011342505518766,0.16521651909492274,0.16066870286975718,0.5489895607064018,0.13658804779249448,0.5986208156732892,0.15654409602649005,0.24483507505518765,1
23665,2020,492,0.5,0.500303418699187,0.22635116666666666,0.15300835569105692,0.388480756097561,0.4287046422764228,0.4828104178861789,0.48639654878048777,0.4993955162601626,0.16706057987804876,0.17169120894308942,0.16165198028455285,0.5361599796747968,0.138636481300813,0.4623554166666667,0.5044196869918699,0.03322488780487805,1
23630,2020,792,0.5808080808080808,0.6044834507575758,0.14558880429292928,0.13850627398989898,0.3508610845959596,0.48322468055555556,0.5841567070707071,0.580741106060606,0.5803204078282829,0.1432183125,0.15112944267676767,0.1511382518939394,0.5501991186868687,0.13195981704545454,0.6138515606060606,0.34735346085858587,0.03879495454545455,0
23289,2020,695,0.5136690647482014,0.5437923841726618,0.20256260431654677,0.13377867050359712,0.3410951352517985,0.4507490877697842,0.49336163597122307,0.5007218503597123,0.5057435395683453,0.15859589539568344,0.1619245310791367,0.16215933294964027,0.5482076392496392,0.13202131370851372,0.7089248791366907,0.172291509352518,0.11878361582733814,1
22508,2020,955,0.5277486910994764,0.5321613895287959,0.20982795497382198,0.15456121780104712,0.31301290366492146,0.5008967392670157,0.522014742408377,0.5258845015706807,0.522951987434555,0.17291292188481677,0.16211058586387433,0.1642443104712042,0.5480292010471204,0.1362078417801047,0.7246905476439791,0.2350768544502618,0.04023260314136126,1
23782,2020,2518,0.5528196981731534,0.5834416866560762,0.16437282287529784,0.11530376806989673,0.3316999698173153,0.4735286564733916,0.560242370929309,0.560047334392375,0.5580606521048451,0.1372115171564734,0.1368780088562351,0.13872806850675137,0.5447545623510723,0.13409274221604447,0.5157561465448769,0.3058409118347895,0.1784029312946783,0
23672,2020,1850,0.52,0.535743158918919,0.2183167254054054,0.12147111837837837,0.3782152421621622,0.4214836881081081,0.5188361048648649,0.5216627735135135,0.5227711064864865,0.13568232205405406,0.13321399502702702,0.13324989286486488,0.5475456335135135,0.13400391875675674,0.5740360227027027,0.22683649513513512,0.19912748756756757,0
23786,2020,342,0.47953216374269003,0.512340634502924,0.24216181578947366,0.1459972192982456,0.38389849707602336,0.43404769883040933,0.517848230994152,0.49654352923976613,0.49034904970760235,0.1547125514619883,0.15481974795321637,0.15848571929824562,0.5486705058479532,0.142459950877193,0.576309067251462,0.3170447543859649,0.10664613567251463,1
22741,2020,1144,0.5804195804195804,0.6173012840909091,0.1293339798951049,0.12741772465034965,0.3437535673076923,0.44290055856643357,0.5845121783216782,0.5920395760489511,0.5885606617132867,0.13338730454545455,0.13529975183566434,0.13020356993006993,0.5416164825174825,0.13528563986013986,0.3802107124125874,0.056490360839160834,0.5632989606643356,0
21994,2020,560,0.4928571428571429,0.5351341321428572,0.18452373035714284,0.13640629107142857,0.3924623053571428,0.43519512857142856,0.4919551607142857,0.4979553767857143,0.5013227464285714,0.17418023607142857,0.1719775680357143,0.16874913232142857,0.5515615303571428,0.13451417053571427,0.4405882357142857,0.3709615392857143,0.1884501875,1
22491,2020,771,0.5486381322957199,0.5567834215304799,0.1886970440985733,0.14664936186770428,0.3521559481193255,0.4395730609597924,0.5397020830090791,0.544512326848249,0.5445534980544747,0.1486423543450065,0.15719245590142672,0.15546347250324252,0.543014028534371,0.13693862775616084,0.4115838067444877,0.40287208430609595,0.18554412840466925,0
22154,2020,562,0.49644128113879005,0.5442411814946619,0.2003205409252669,0.12519617081850534,0.39435282918149467,0.43551305160142345,0.5068415943060498,0.5020098932384343,0.5035805480427047,0.1225650549822064,0.13909028256227757,0.14073343131672597,0.5461854777183601,0.13425157112299466,0.5504738754448398,0.34901168149466194,0.10051444181494662,0
23784,2020,514,0.5175097276264592,0.5009105019455253,0.23850394163424124,0.11855219844357977,0.3769989513618677,0.41793466342412455,0.5035648307392996,0.5038297315175098,0.501113046692607,0.11539975700389105,0.12769907276264592,0.12987304941634242,0.5408154951267057,0.1352580253411306,0.5320996031128404,0.11752141439688717,0.3503789591439689,0
22738,2020,974,0.502053388090349,0.5209800554414784,0.20075592094455852,0.14409951437371663,0.3590998665297741,0.4641474342915811,0.5035282238193018,0.5002355041067762,0.4985689209445585,0.15780349825462012,0.15557834661190964,0.15335630811088297,0.545283976386037,0.13446834363449692,0.4904194876796715,0.1111200909650924,0.39846041067761806,1
23849,2020,1986,0.5740181268882175,0.5983117472306143,0.15621058408862035,0.12220486706948641,0.3215986475327291,0.49371197985901305,0.570789660120846,0.5787044189325278,0.5851982069486406,0.13650908862034242,0.14010372819738168,0.13727946304128902,0.5358125579053373,0.138472533081571,0.5762061586102719,0.4025876656596173,0.02120616294058409,0
23962,2020,2789,0.5367515238436715,0.5489486775466283,0.20762348353658536,0.1187750550215208,0.3656503199426112,0.46821123637015777,0.5342677323682257,0.5329334123979212,0.5341244755011135,0.12286058797327394,0.1221466056792873,0.12232114424647365,0.5442473965579061,0.13485661997131587,0.8206757155667144,0.06765734738163558,0.11166693364418938,0
23631,2020,741,0.5654520917678812,0.5494901147098515,0.21919616059379216,0.12110661808367071,0.33146769365721995,0.4520578043184885,0.5570295600539811,0.5545538609986504,0.5603906423751687,0.13045894696356275,0.1262389294197031,0.1198988060728745,0.5549443832658569,0.13111209824561404,0.3901942523616734,0.31623040215924425,0.29357530229419704,0
22311,2020,419,0.548926014319809,0.540724954653938,0.2547686443914081,0.12741098329355607,0.3370981169451074,0.47224779952267304,0.5203449021479714,0.5562342720763723,0.5584877828162291,0.11301575011933174,0.09675352291169452,0.09544680572792362,0.543073107398568,0.1345835059665871,0.41957615513126495,0.5804238448687351,0.0,0
22201,2020,674,0.48813056379821956,0.5296686231454005,0.22983594362017803,0.12505595400593472,0.3864623635014837,0.4315444851632047,0.4832909080118694,0.4934705385756676,0.49146655044510384,0.12805982492581602,0.13501494925816024,0.13438456394658754,0.547994149851632,0.1349007194362018,0.5473402715133532,0.0978761372403561,0.3547835830860534,0
23363,2020,781,0.4967989756722151,0.5349482304737516,0.17956749551856593,0.1394760089628681,0.3994785838668374,0.43841072599231756,0.5158206158770807,0.5016384967989757,0.5041959398207426,0.13339022996158773,0.14535083918053776,0.14581661779769525,0.5487865889884763,0.13498554839948784,0.5205527695262484,0.47560498591549294,0.0038422507554417415,1
22617,2020,732,0.5027322404371585,0.5443391926229508,0.22080343989071038,0.12007547909836067,0.37062178278688523,0.4725290669398907,0.5396707581967213,0.524172543989071,0.5206677527322404,0.12764644781420764,0.11505920915300547,0.11492321666666666,0.5360577800546448,0.1372702193989071,0.35260976229508195,0.6356412008196721,0.01174905405737705,0
22595,2020,676,0.4970414201183432,0.46384307988165685,0.28496728698224855,0.12541004733727812,0.4340843579881657,0.39553403846153845,0.5147967795857988,0.47989504289940826,0.4796144171597633,0.1080369630177515,0.13234560192307693,0.1293564303254438,0.5502029230769231,0.13297645458579882,0.8073227662721894,0.13918891420118343,0.053488350295857995,1
21998,2020,1757,0.48833238474672735,0.5353530574843484,0.20018780079681275,0.14427025270347182,0.3430311286283438,0.4610489294251565,0.5013774906089926,0.5152230005691519,0.5247594399544678,0.16701161223676722,0.16197925332953897,0.15748328195788275,0.5470008856004553,0.1321788594763802,0.46212225099601595,0.3352506818440523,0.20262707114399545,1
23944,2020,1953,0.6241679467485919,0.6073669907786885,0.11968676634221312,0.15614395599385247,0.351545831454918,0.48145380481557376,0.621324079612695,0.6186421215707371,0.6141649951586874,0.13134724335664336,0.1352195915008069,0.140748972619688,0.5514049964157707,0.13336222903225808,0.5923126408811475,0.30927654713114755,0.09841081859631147,0
22427,2020,693,0.5396825396825397,0.5643075238095238,0.15950868686868686,0.12436298124098125,0.35575206782106783,0.42621379076479077,0.548266012987013,0.5509985093795094,0.5483676825396825,0.14439571111111113,0.13390830245310245,0.13000535483405484,0.5544085468975469,0.1365692883116883,0.5136991587301587,0.42741316594516593,0.05888769538239538,0
23238,2020,1230,0.5455284552845528,0.5268025073170731,0.2524247650406504,0.12704258211382113,0.3656580861788618,0.4334916853658537,0.5242033300813008,0.5328148284552846,0.5316980520325203,0.12576705829268292,0.1260917274796748,0.12758014780487803,0.5490004081300812,0.13492121585365852,0.6678893601626016,0.25466326260162603,0.07744735756097561,0
22192,2020,2861,0.48654316672492137,0.49494996190143303,0.2589562062216008,0.12013142048234883,0.3560639818245369,0.4612433977630199,0.4912240936735407,0.4926004543865781,0.4930069073750437,0.13265185952464173,0.12964663002446697,0.12726310604683677,0.5401162673890249,0.13706411817546313,0.5022006452289409,0.4302395302341838,0.0675598316322964,1
21936,2020,2434,0.5172555464256368,0.5369989030402629,0.1889145320460148,0.13278740386195564,0.38783694823336073,0.4343091154478225,0.5152703553820871,0.5180514231717337,0.515163795398521,0.13329008167625306,0.14297020805258834,0.14545307588331963,0.5482959050944947,0.1344931431799507,0.4756407325390304,0.4381867760887428,0.08617248023829088,0
23094,2020,1028,0.5525291828793775,0.49666711867704283,0.2718339212062257,0.12024225486381322,0.3841419260700389,0.41782610894941635,0.5448919854085603,0.5208070379377432,0.5258389503891051,0.12897357801556422,0.1262463364785992,0.11920903161478599,0.5606357777777777,0.13890979717348928,0.5230910700389105,0.14779964766536963,0.3291093025291829,0
22717,2020,470,0.39574468085106385,0.4471301404255319,0.2748654638297872,0.11012827829787233,0.4253934723404255,0.42213201276595747,0.38264035957446807,0.3876686021276596,0.38670512978723404,0.142342374893617,0.12976117787234043,0.13361455468085107,0.5513263042553191,0.1356768189361702,0.6303090680851064,0.3576037765957447,0.012087177659574469,1
23414,2020,981,0.5341488277268094,0.5356230907237512,0.18816991029561672,0.12478275637104995,0.3811926564729867,0.42998205810397555,0.5394858277268093,0.5358699021406728,0.537929261977574,0.1303339612640163,0.1102263740061162,0.1101012382262997,0.5464447686034658,0.1324018260958206,0.4332443119266055,0.21268062181447503,0.35407507849133535,0
23902,2020,644,0.4860248447204969,0.4979191617418351,0.26520489580093315,0.12950729548989112,0.39199894712286154,0.41185830793157074,0.4924992762520194,0.48782269628432956,0.49000682875605817,0.12555538513731826,0.12997417544426493,0.1360625817447496,0.5495734829192547,0.13402100698757763,0.6644944945567652,0.31137235769828925,0.024133156920684292,1
22231,2020,958,0.5981210855949896,0.6029595354906054,0.12798609185803758,0.14131439665970771,0.32023757098121086,0.49078079749478076,0.5855178392484343,0.5937711043841336,0.5935518361169102,0.15297190177453027,0.14821184248434238,0.1484779347599165,0.5455361264367816,0.13624962695924767,0.49071981210855947,0.15093192275574113,0.35834824112734864,0
22996,2020,907,0.5700110253583242,0.5744174134509371,0.1673814862183021,0.13520766593164277,0.33375384785005513,0.48184518412348404,0.577884394707828,0.5731217056229327,0.5690750418963617,0.14446472414553474,0.1450385912899669,0.14516748004410143,0.5444768015435502,0.13675458467475193,0.6159390352811466,0.07866478445424477,0.30539620727673655,0
23306,2020,1831,0.5603495357728018,0.5702977749863463,0.14838549535772802,0.1492708967777171,0.3621807689787002,0.44265771600218456,0.5631114380120154,0.5641266247951939,0.566628069361005,0.14051334096122337,0.14469383156744947,0.14511351283451665,0.5377143710382514,0.13909355010928962,0.5127430775532495,0.3575564893500819,0.12970042299290005,0
22890,2020,1734,0.48385236447520186,0.5379167410611303,0.21371404209919262,0.13746743598615918,0.3496466107266436,0.4353364630911188,0.4859160519031142,0.48998586851211073,0.49445821107266436,0.14429149728950405,0.13971142099192618,0.14206574498269894,0.5478127091748413,0.13624200034622044,0.5277634307958478,0.23121281603229527,0.24102375720876587,1
23614,2020,875,0.5668571428571428,0.5778643394285714,0.1894281405714286,0.144161904,0.28340173942857144,0.5148494697142857,0.5587848331428572,0.5657562091428571,0.5694806228571428,0.15501903154285715,0.15233249462857143,0.15285992217142857,0.5401066468571428,0.13866158445714286,0.6975176971428572,0.27264195314285716,0.029840342514285714,0
22908,2020,2364,0.4983079526226734,0.557674622250423,0.1376261315566836,0.1281026945854484,0.38719277834179355,0.42044320177664973,0.5053334640439933,0.5123611159052454,0.5194559166666667,0.12422295587986464,0.12293450807952622,0.12324715676818951,0.5429003447546531,0.1362023703468697,0.5153639090524534,0.33598736167512694,0.14864872758037226,0
22759,2020,2528,0.5027689873417721,0.5104852749208861,0.2084829295886076,0.14744542840189875,0.3859173773734177,0.41849843591772157,0.5155698441455696,0.5110376890822785,0.5063354280063291,0.14006944992088607,0.1443268304984177,0.1442322852056962,0.5441332163765823,0.13624182199367088,0.41209328876582274,0.41730047824367095,0.17060622389240507,1
23880,2020,2819,0.5948918056048244,0.5788610677785664,0.17262129606103618,0.12695688800567778,0.35563622285308727,0.4420669609652236,0.5941289746509919,0.5964496950771491,0.5933238670095518,0.12513117538574578,0.12295767443056577,0.12395261576047023,0.5462478197942533,0.1343700293366442,0.5968943878637332,0.1938108896735273,0.20929472118523776,0
23035,2020,1378,0.4934687953555878,0.4959990457184325,0.2401450587808418,0.15210819303338172,0.35877265602322206,0.47680343468795355,0.49157120391872283,0.5045884085631349,0.512797820754717,0.18342375,0.18881891582002905,0.18695595500725692,0.5573679920174165,0.12908980435413644,0.5193983272859216,0.2866444615384615,0.19395721262699564,1
23512,2020,560,0.5410714285714285,0.5950535982142857,0.15084611428571426,0.1431057117857143,0.3885103,0.4131785517857143,0.5295321946428572,0.5637826482142857,0.5588841571428571,0.18819844339285716,0.1610058875,0.16390512839285712,0.548784430107527,0.13850474068100357,0.5768568,0.22862051428571428,0.1945227017857143,0
22776,2020,314,0.5445859872611465,0.5619758343949044,0.1668580636942675,0.132266974522293,0.43027899363057326,0.3843783821656051,0.5200755732484077,0.5331784203821656,0.5376677484076433,0.1651023821656051,0.14270736305732484,0.13645481910828025,0.566641798076923,0.1328257567307692,0.5073391528662421,0.31990887261146495,0.17275199882165607,0
22318,2020,1346,0.5713224368499257,0.5951355973254085,0.21114724368499255,0.10526422436849925,0.35343558841010403,0.4432140044576523,0.5452964769687965,0.5600204903417534,0.5655073855869243,0.11965608038632985,0.10894680341753343,0.10835087867756314,0.5510337696879644,0.13186744918276375,0.5412944598811293,0.4557333915304606,0.0029721501337295693,0
22249,2020,1578,0.5183776932826363,0.542895803548796,0.20765168060836503,0.12689409759188847,0.3535338155893536,0.44528344993662866,0.5405399195183777,0.5272320335868187,0.5306303212927757,0.1347731095690748,0.14439719328263625,0.14527211280101393,0.544062021546261,0.1340604145754119,0.4900882408111534,0.04194440690747782,0.4679673276299113,0
23422,2020,2330,0.43819742489270386,0.46972308497854076,0.25846772575107296,0.16658315107296137,0.32047660472103007,0.4702889819742489,0.4379569527896996,0.4416873407725322,0.4425143961373391,0.1921338991416309,0.19053715708154506,0.1880062330472103,0.5494432248927039,0.1313537782832618,0.5997632793991416,0.33555666180257515,0.06468006231759657,1
22820,2020,653,0.41960183767228176,0.48823331546707505,0.23254343644716693,0.16566094486983154,0.387109258805513,0.4079051209800919,0.4266319816232772,0.45020308116385915,0.45259904900459413,0.21379544150076568,0.18334813353751914,0.18746728039816232,0.5551976447166922,0.13210766140888208,0.5483398177641654,0.33088611944869833,0.1207740627871363,1
23225,2020,730,0.44794520547945205,0.4459289410958904,0.24396708630136985,0.18022442876712327,0.3614718876712329,0.47427246164383563,0.4506811726027397,0.4415056095890411,0.445641801369863,0.1897033012328767,0.18431867109589042,0.18613557534246578,0.5450175205479453,0.13483693630136986,0.7471592260273973,0.25284077397260274,0.0,1
21441,2020,2138,0.5636108512628625,0.5465175301824988,0.1697532616284511,0.17382659663079084,0.35779891904539074,0.4292364347215723,0.5588418860204579,0.5565431432050658,0.5562651685338529,0.14611086726741354,0.14926039722357526,0.15127510053580126,0.5445692811038354,0.13482962511693172,0.36116942817033226,0.403009900327562,0.23582064347215723,0
22435,2020,2338,0.5624465355004277,0.6046602373823781,0.13727824636441405,0.12005950727117193,0.34823960008554317,0.44886737810094096,0.5724844674935843,0.5763139443969204,0.5790841971770744,0.12937261873396064,0.12832938413173653,0.12569104431137726,0.5470636142979453,0.1335420176369863,0.4466723849443969,0.42967971813515826,0.12364788366124893,0
22583,2020,797,0.48557089084065247,0.5070542010050251,0.24273086934673369,0.1534719577889447,0.42087429648241204,0.3936775314070352,0.509825025477707,0.49115206751592355,0.49379266878980893,0.15170270356687898,0.1498604633121019,0.1514392992356688,0.5448526449184442,0.1353321659974906,0.6093681645728642,0.20016917613065324,0.19046265175879398,1
23307,2020,1941,0.497166409067491,0.5159414214322514,0.22783053271509532,0.13939262751159195,0.3664218294693457,0.43161749613601236,0.5005986429675425,0.5029356197836167,0.50820961875322,0.14580460288511077,0.14285340257599174,0.14106349716640906,0.5409454219474498,0.13579705100463677,0.5228096960329727,0.2740652720247295,0.20312502679031427,1
22163,2020,999,0.5725725725725725,0.6005228918918919,0.11416921201201201,0.12562362662662663,0.34949526926926927,0.4391855525525526,0.6184062752752753,0.6000770600600601,0.598077065065065,0.10449714354354354,0.10793813323323323,0.12137012682682682,0.5528118608608609,0.13728208568568567,0.4707159519519519,0.0884355916916917,0.44084845245245247,0
22782,2020,1204,0.5390365448504983,0.5302000980066445,0.1833318604651163,0.11842358970099667,0.41634554900332227,0.415301688538206,0.5178158297342192,0.5209884626245848,0.5218538546511629,0.13618035622923588,0.13625072790697673,0.1363004245847176,0.5529840673316708,0.13704866051537823,0.56388148089701,0.2957890772425249,0.14032944102990033,0
22131,2020,2373,0.6843657817109144,0.6920518668352297,0.06951467193426043,0.08239582675937632,0.3772701403286978,0.39780564011799413,0.6765693383902233,0.6876194412136536,0.6895847501053519,0.10400386818373368,0.09415281576064054,0.09208453716814159,0.5518995809443508,0.13519536968802698,0.3780398251158871,0.2518819283607248,0.3700782477876106,0
23988,2020,2172,0.511049723756906,0.5336908562874252,0.16998624357438968,0.16168915753109164,0.36859607784431137,0.4150181685859051,0.5115419923371648,0.517672851532567,0.5219417418582375,0.15901920771072797,0.15870811331417622,0.16048077538314176,0.545059900092081,0.13624005368324124,0.576131784891755,0.18980740244127128,0.23406081040994933,1
23518,2020,2516,0.6065182829888712,0.5911056391096979,0.13204305405405406,0.15055418124006362,0.3649207086645469,0.45208063513513513,0.6031075691573927,0.6054149570747218,0.6079871740858506,0.14484908497615262,0.1444079288553259,0.14487833306836248,0.5444814876788553,0.13533701609697932,0.4988994201112878,0.31974325317965024,0.18135732034976154,0
23916,2020,2809,0.525809896760413,0.5125488108974359,0.20971624537037034,0.149720277991453,0.36312838425925925,0.4664317122507123,0.5254615844966936,0.5266195459221161,0.5269000139603233,0.13303451866274799,0.133334478949302,0.1355002261572373,0.5460012641509434,0.1354843393734425,0.46820926210826214,0.2641741506410256,0.26761657977207975,0
23293,2020,384,0.5130208333333334,0.5954666666666667,0.20406631510416665,0.07622574791666667,0.39086732812499997,0.448228046875,0.5137870494791666,0.5228965364583333,0.5416425729166666,0.17578967395833334,0.13920836354166666,0.12672489270833334,0.5451238203125001,0.135097234375,0.46884885416666666,0.14563287239583333,0.38551823437500005,0
21402,2020,780,0.6243589743589744,0.6090374717948718,0.2038582076923077,0.1152107935897436,0.3181221307692308,0.46919345128205125,0.618914958974359,0.6174842051282051,0.6151951487179487,0.11456570602564102,0.12109299153846155,0.12434578410256411,0.5383939858974359,0.1364071441025641,0.47216138333333335,0.4720742564102564,0.05576434564102564,0
22389,2020,2260,0.565929203539823,0.5951389973451328,0.18860674380530973,0.1126592875221239,0.3504766597345133,0.4447393982300885,0.5767974190265487,0.565343860619469,0.5597633800884956,0.11793865088495577,0.11186782849557522,0.11381562053097347,0.5443629566371682,0.13692576327433628,0.5983146115044248,0.3505417119469027,0.05114366942477876,0
23695,2020,1295,0.5142857142857142,0.5598219389961391,0.18292836833976833,0.11980717992277992,0.4304260424710425,0.3888071335907336,0.5319461482625483,0.5261155714285715,0.5277647945945946,0.12065468548262549,0.12237651196911198,0.1224631735135135,0.5419618162162162,0.13661323196911196,0.5008785714285714,0.268710227027027,0.23041118223938223,0
22380,2020,2224,0.5557553956834532,0.5236231762589928,0.22865357059352517,0.13874629136690647,0.35765408273381294,0.452708924910072,0.5478118075539569,0.544212779676259,0.5387306839028777,0.14636578974820144,0.14552942711330938,0.1470466690647482,0.5505678956365273,0.1336105886639676,0.5080450017985612,0.14658437666366905,0.3453706263489209,0
23590,2020,1177,0.4868309260832625,0.49536139167374676,0.2511213347493628,0.13471846474086663,0.3771849549702634,0.418497896346644,0.48750870858113843,0.4730328487680544,0.4663077374681393,0.14796112183517418,0.15531298428207307,0.16091928037383177,0.5387811342395922,0.13988746525063722,0.49889868564146134,0.40790839252336447,0.09319293271028038,1
23633,2020,2670,0.5041198501872659,0.5133861468164794,0.18547680486891385,0.14981511423220972,0.33797000337078653,0.4534662157303371,0.49944248014981274,0.49999511685393255,0.49939988089887644,0.16493335483146068,0.16546206142322098,0.16571404382022473,0.5487920899887514,0.13319002260967377,0.5926910827715356,0.3093119329588015,0.09799699108614232,1
22118,2020,1136,0.43133802816901406,0.4650855757042254,0.2766938908450704,0.1518155096830986,0.37195399647887323,0.4485739806338028,0.43228712059859153,0.432871573943662,0.4345896690140845,0.1569502044894366,0.15671408714788734,0.15835964154929577,0.550465391725352,0.13279295554577467,0.6548123547535212,0.30459647095070425,0.040591185035211266,1
22397,2020,1039,0.5293551491819056,0.5713921000962463,0.165724874879692,0.15280867949951876,0.35624793551491823,0.42974086621751684,0.5180211809432147,0.5316266958614052,0.5325564504331087,0.17726111318575552,0.16529615158806546,0.16413141799807507,0.5461583570741098,0.1349597219441771,0.48049963522617906,0.23664515880654477,0.2828552059672762,0
21940,2020,467,0.6167023554603854,0.6063100663811563,0.15887800856531048,0.11998636188436831,0.34386868950749466,0.4407401391862955,0.6068350963597431,0.607773391862955,0.5922599850107066,0.166302164882227,0.15037503211991435,0.14269762098501068,0.5650355472103004,0.13109815021459229,0.44327364453961454,0.27238947537473235,0.2843369057815846,0
23478,2020,772,0.4585492227979275,0.5110973821243523,0.21572230181347152,0.14083020336787566,0.3791584430051813,0.4026804261658031,0.4727163730569949,0.48139628497409326,0.48531945466321247,0.14198918549222797,0.13472357720207254,0.1319739687823834,0.5478670349740933,0.1312776761658031,0.5585257655440414,0.3233490945595855,0.1181251256476684,1
23112,2020,1432,0.5698324022346368,0.5795894734636872,0.1716660251396648,0.12421783610335196,0.36292544553072625,0.4241819594972067,0.5761754427374302,0.5680582513966481,0.569759905027933,0.15086918917597766,0.14348497039106145,0.13973974622905028,0.5461684106145251,0.13709439518156424,0.5468954937150838,0.2621466948324022,0.1909578219273743,0
23105,2020,2241,0.5020080321285141,0.49113587142857146,0.20781535379464286,0.167811253125,0.4065544669642857,0.42593237857142857,0.49356025392552716,0.5015173283983849,0.5026771807985644,0.1683310444593988,0.16971574562584119,0.1695212462987887,0.5401499165551094,0.13470480285586792,0.5886141526785714,0.30404416839285714,0.10734167513392857,1
21874,2020,581,0.6024096385542169,0.6598571015490534,0.11450522943201377,0.11356909122203099,0.3266918898450947,0.4364367056798623,0.6379739793459553,0.6548336488812392,0.6426107280550775,0.13418455060240964,0.12840365800344233,0.13755575559380379,0.5387856523235801,0.13634346729776248,0.4704714681583477,0.4009317125645439,0.12859685370051635,0
21978,2020,457,0.5339168490153173,0.5143695711159737,0.1835063479212254,0.1608791181619256,0.39405964551422323,0.4293144989059081,0.5254452560175055,0.5448882472647703,0.5425816827133478,0.15351694332603938,0.1598156514223195,0.16221395361050328,0.5578563837719298,0.13004075109649124,0.32319606783369803,0.2551466498905908,0.42165730853391686,0
22277,2020,2601,0.46905036524413685,0.49503463052672053,0.217993985005767,0.1572844767397155,0.3772579281045752,0.44786874971164936,0.48844804113802387,0.48227858669742407,0.48550909880815074,0.1699566133410227,0.17269574894271433,0.1717736428296809,0.547784030757401,0.13371666601307192,0.45194592464436756,0.25899748788927335,0.2890565709342561,1
21372,2020,350,0.46285714285714286,0.47318293714285714,0.2259276171428571,0.16929998857142856,0.40137545714285716,0.43710997714285715,0.45990328857142854,0.45100999142857146,0.46697558285714286,0.17411290457142858,0.170819222,0.164117214,0.5380571942857143,0.14032653571428572,0.6115349,0.34098566857142854,0.047479438,1
23515,2020,1006,0.4562624254473161,0.487938689860835,0.21532161829025845,0.16162814512922466,0.4010228061630219,0.41538177137176935,0.4615627739562624,0.47761911630218684,0.47541091451292244,0.18245204463220674,0.17406338767395627,0.16886414473161032,0.5445537226640159,0.13299344632206758,0.6304620864811133,0.36531556858846914,0.004222323817097416,1
23628,2020,444,0.5157657657657657,0.5596269436936937,0.2174733783783784,0.1508284527027027,0.35464135135135133,0.451334759009009,0.5430833896396396,0.5131444662162162,0.520833313063063,0.1630620777027027,0.17342229099099096,0.17935698423423424,0.5478042027027027,0.1367303204954955,0.5729958738738739,0.2211053918918919,0.20589872747747745,1
21549,2020,331,0.5438066465256798,0.6560760302114804,0.08981907764350454,0.10045014803625377,0.36950833836858005,0.40585330211480364,0.5847617915407854,0.5960749546827795,0.6037967462235649,0.14307256435045318,0.11539879335347433,0.10242775226586104,0.548846081570997,0.13455605438066465,0.4096884743202417,0.47343621450151063,0.11687531419939577,0
23362,2020,606,0.5181518151815182,0.5554854306930693,0.15955603630363036,0.1146507919141914,0.4128262178217822,0.4102000330033003,0.5174000693069307,0.5279739191419143,0.5311179636963697,0.16364148597359737,0.14408532475247524,0.14858156419141913,0.5524586501650165,0.13007328729372938,0.6521244323432344,0.27837308580858083,0.06950251699669967,0
21830,2020,494,0.6133603238866396,0.6519082327935223,0.08688172004048582,0.10377937024291498,0.3938552570850202,0.4148987672064777,0.6327083886639676,0.6372245910931175,0.6412981315789474,0.11218038805668017,0.11148485688259109,0.10417700182186235,0.5451647165991903,0.13744953927125506,0.730511044534413,0.24628513562753035,0.02320380607287449,0
22540,2020,969,0.542827657378741,0.5655934551083591,0.16766803818369452,0.1294087564499484,0.42744976470588236,0.4253910454076367,0.5459083230134159,0.5513067781217751,0.5576131403508772,0.1334057281733746,0.1291536814241486,0.13061972528379773,0.5434608482972136,0.13736055376676987,0.6407903973168214,0.26431756140350876,0.09489203993808049,0
22478,2020,650,0.5230769230769231,0.5953667292307693,0.22925877692307692,0.07448611507692308,0.43752921076923074,0.44121988923076927,0.5114947723076924,0.5206507723076923,0.5471998984615385,0.17190922153846153,0.165569674,0.14357006092307692,0.5874896486902927,0.14361762033898304,0.80505346,0.19494654,0.0,0
23761,2020,795,0.4691823899371069,0.4663746603773585,0.28783644150943394,0.1530553396226415,0.42163597106918244,0.4158536301886792,0.47619218993710694,0.46941091320754713,0.47983565786163523,0.16607134025157233,0.15129665358490568,0.14777015748427674,0.5513239911949686,0.13623467635220127,0.6147357081761006,0.29057803522012576,0.09468625106918238,1
23314,2020,406,0.4433497536945813,0.5455765172413793,0.22829930049261082,0.12142330049261084,0.45121880788177343,0.39862355911330044,0.44589541133004923,0.48147034482758616,0.4942429802955665,0.1398484906403941,0.14082556600985222,0.1315765933497537,0.554073118226601,0.131780178817734,0.6509471600985222,0.32130617980295567,0.02774664679802956,1
23769,2020,1541,0.48475016223231665,0.478835815055159,0.28682739454899414,0.13580823737832576,0.38058583127839063,0.44642594029850746,0.4934946463335496,0.48325214536015576,0.4824363595068138,0.12870217203114862,0.1361440630110318,0.1403926715768981,0.5425522018170019,0.1359943186891629,0.5542041953277093,0.30615555807916933,0.13964025399091498,1
23458,2020,651,0.5483870967741935,0.5515072795698925,0.21419352227342553,0.09663675376344086,0.4319084116743471,0.3752367250384025,0.5423128602150538,0.5453834715821813,0.5484892488479263,0.09589430353302611,0.09733287311827957,0.09698356328725037,0.5482679677419354,0.13378572196620583,0.5351310537634408,0.20383008602150537,0.26103886482334865,0
23568,2020,615,0.5479674796747968,0.5289290032520325,0.20932206666666667,0.122323318699187,0.39611964227642277,0.41248085853658534,0.48773193983739843,0.5329472390243903,0.5465857219512195,0.20282800520325203,0.14875603284552846,0.1473360201626016,0.5605273235772358,0.13962050650406505,0.48180757398373986,0.31805890731707315,0.200133518699187,1
22668,2020,681,0.5418502202643172,0.5964724728340675,0.14915228487518356,0.11481868179148312,0.3356734346549192,0.4262574390602056,0.5576704170337738,0.5708736182085169,0.5680413524229075,0.15173155051395007,0.1441016703377386,0.14893800146842878,0.5453058649045521,0.13704010690161528,0.6670150631424376,0.24238617180616742,0.09059879030837005,0
23110,2020,489,0.5153374233128835,0.4962856216768916,0.211993572597137,0.1398973701431493,0.4009945398773006,0.4230354764826176,0.512679445807771,0.5037178466257669,0.4997332229038855,0.17530602985685073,0.17785012474437628,0.17707624560327198,0.5464045071574642,0.13771278609406953,0.601997472392638,0.1117226255623722,0.2862798834355828,1
22624,2020,863,0.5399768250289687,0.5189595411355735,0.22606519466975666,0.11768564310544612,0.3834267821552723,0.4361116651216686,0.5203810984936269,0.5388628539976825,0.5449899907300116,0.09148033441483198,0.09929338308227115,0.09463164646581691,0.5450226477404403,0.13555307601390498,0.5668429571263036,0.3336639130938586,0.09949310475086907,0
21699,2020,407,0.5085995085995086,0.539553285012285,0.18948091646191648,0.1514878058968059,0.4150874054054054,0.4149084619164619,0.5113449459459459,0.5281561523341524,0.5256215528255529,0.18422073783783782,0.1692933422604423,0.16950806265356266,0.5433238230958232,0.1415862334152334,0.7400560786240786,0.08374988943488944,0.17619399508599506,1
23565,2020,1045,0.5301435406698565,0.5695317846889952,0.18480810047846888,0.1352067961722488,0.3792480019138756,0.4404390488038277,0.5652358344497608,0.5561067244019139,0.5550250124401913,0.1140889795215311,0.124942175215311,0.12645817961722486,0.5466551417624521,0.13646780411877393,0.5431323598086124,0.3163260133971292,0.1405416277511962,0
23696,2020,1410,0.5936170212765958,0.5944445063829787,0.12053888014184398,0.13376431418439716,0.3744544042553192,0.43328629078014186,0.5860215617021276,0.5865111829787234,0.5863621418439716,0.15817063276595744,0.15502101113475178,0.14913292624113475,0.5476824241134751,0.13568721468085104,0.5246422446808511,0.28123190141843973,0.1941258460992908,0
21840,2020,955,0.512041884816754,0.5403688125654451,0.17733823769633505,0.11708744293193717,0.36702842827225135,0.42294561047120416,0.515431852356021,0.5162462795811519,0.5199046397905759,0.14883346314136126,0.13508751518324608,0.13200389612565444,0.5416914816753927,0.1364268385340314,0.5062542492146597,0.3075814282722513,0.18616432984293194,0
22280,2020,517,0.4990328820116054,0.4862695,0.26195458139534883,0.15586946317829456,0.43716598643410853,0.4108963914728682,0.49867039478957914,0.4929981883767535,0.49652939478957914,0.15950545330661323,0.17787805270541082,0.1734167735470942,0.5528114738878144,0.13903905222437138,0.6017540503875969,0.1348136292635659,0.26343234496124035,1
23898,2020,2202,0.5658492279745686,0.5530679127669241,0.17423471853702863,0.1176477532485234,0.34662330622444343,0.4445382889595638,0.562448814279048,0.5623331082594494,0.5592389715352309,0.12019887764815679,0.12012502207186189,0.12051373611759217,0.5376809545454546,0.13995230463636366,0.4280462480690595,0.3898645215810995,0.18208921858246252,0
23870,2020,839,0.4398092967818832,0.4576435250596659,0.30364319928400957,0.1360409415274463,0.4296072517899761,0.3774894248210024,0.41620654177897576,0.44505988814016173,0.45355549326145556,0.16195764393530998,0.1537583665768194,0.1473076846361186,0.5310610309892729,0.14243255327771157,0.6228718818615752,0.3313329761336516,0.04579515250596659,1
23206,2020,1188,0.5202020202020202,0.5269199831649832,0.24304593518518516,0.13986378114478115,0.39772232744107744,0.42066222643097645,0.5225898964646465,0.5354317954545454,0.5415896245791245,0.1772981925084175,0.1720472297979798,0.16068906565656565,0.5405733319292333,0.1414557751474305,0.528483462962963,0.2699015791245791,0.20161494612794612,1
23684,2020,622,0.45016077170418006,0.4945264308681672,0.2523069196141479,0.10769614662379422,0.4228887347266881,0.37490918810289386,0.5014097524115756,0.4795486768488746,0.4770307250803859,0.1292840463022508,0.12370319356913184,0.12508107829581994,0.5373922122186495,0.13671938971061093,0.6342772138263665,0.30933932475884246,0.056383475562700965,1
23749,2020,800,0.495,0.523994145,0.24422988750000002,0.1226015385,0.4277622325,0.37488805875,0.46795026874999995,0.52766062375,0.5197443687500001,0.125871885,0.106992794625,0.10054860075000001,0.55186880375,0.133008988125,0.59663591375,0.33473988374999997,0.068624164125,0
22505,2020,835,0.49700598802395207,0.5377724275449102,0.20377889700598803,0.1694065233532934,0.3601187760479042,0.4429132491017964,0.49688833532934135,0.4968445616766467,0.5009840898203592,0.16939796371257484,0.16872379161676646,0.1696273332934132,0.5462171628742515,0.13593256143712576,0.4943192263473054,0.23922827065868263,0.26645247904191616,1
22015,2020,963,0.42990654205607476,0.4297269304257529,0.26394020560747666,0.15713913406022845,0.45349770716510907,0.4290023572170301,0.42452360342679124,0.42389177985462095,0.4276520550363448,0.15849669833852542,0.17226359989615783,0.16553960259605402,0.5463249106957425,0.13590267549325027,0.49635085462097617,0.4792864797507788,0.02436264018691589,1
23536,2020,1158,0.5466321243523317,0.5558359930915372,0.13369823747841106,0.1610503298791019,0.392762585492228,0.44421698272884286,0.5336988808290156,0.5267866554404145,0.5376092668393782,0.1786457658031088,0.16858673626943005,0.16331016666666665,0.5543841407599309,0.13626519067357512,0.6868722832469776,0.26764448791018997,0.04548323747841106,1
22575,2020,881,0.5312145289443814,0.5533541759364359,0.18922732690124858,0.13709248115777525,0.34683762996594775,0.46661093416572075,0.5164885664018162,0.5250716776390465,0.5364321021566402,0.1617697406356413,0.15356104869466516,0.14182594358683315,0.5374762463110102,0.1379338392735528,0.5317867355278093,0.20737944721906923,0.26083378637911464,0
22368,2020,723,0.4896265560165975,0.5925888658367912,0.19349207468879667,0.10847046569847855,0.36327337621023514,0.4437659419087137,0.44022387966804977,0.47248333056708164,0.4733821742738589,0.15132249197786998,0.14515855380359613,0.14452546887966805,0.5586875083102494,0.13187953573407202,0.5145449253112033,0.47766818395574,0.007786862835408022,1
22404,2020,415,0.5710843373493976,0.5681752578313253,0.1707442939759036,0.12947851325301205,0.3436884,0.44854481204819274,0.5735898819277109,0.5595127108433735,0.5626763301204819,0.11479580048192771,0.11202918626506024,0.10982924024096385,0.5364354240963856,0.13956206987951808,0.4188604361445783,0.12457528120481927,0.45656429156626505,0
23689,2020,387,0.5529715762273901,0.5632565426356588,0.1445481085271318,0.14925991214470286,0.3568017080103359,0.4163647338501292,0.5536448165374678,0.5539955400516796,0.5553421627906977,0.12584700361757106,0.1380328426356589,0.14088354160206717,0.5620664754521963,0.1437171416020672,0.4511355891472868,0.22885734366925065,0.320007023255814,0
22666,2020,542,0.4907749077490775,0.5418816974169742,0.20644869557195572,0.09487984022140222,0.417236721402214,0.43586982472324726,0.4864061125461255,0.49294769926199267,0.5056289778597786,0.14870147933579336,0.13696744944649447,0.12131830092250921,0.5556228191881919,0.13985735535055352,0.6345797084870849,0.26145729151291514,0.10396296734317344,0
21943,2020,598,0.4899665551839465,0.49555473076923073,0.28801670066889634,0.14557654849498328,0.3758438277591973,0.4514515518394649,0.5143011789297659,0.5093236153846153,0.5167049381270903,0.15175661053511705,0.14100664197324417,0.13691260886287626,0.5470614531772575,0.1362487399665552,0.6782110234113713,0.16333507692307692,0.1584538693979933,1
21690,2020,735,0.5510204081632653,0.5466316204081633,0.20617190612244898,0.15376871292517008,0.3262371088435374,0.5022452448979592,0.5683369129251701,0.5628989170068027,0.5575055278911565,0.1669373443537415,0.15576715768707483,0.15610185768707482,0.5327001224489796,0.1397774775510204,0.5217662530612245,0.16543361088435374,0.3128001591836735,0
23848,2020,790,0.5734177215189873,0.5657761711026617,0.1370548813688213,0.15633306337135616,0.34601369835234475,0.4593137605830165,0.5788528076923076,0.5612361679487179,0.5692998128205128,0.1350508937179487,0.1407752008974359,0.13600901128205128,0.5383657506329114,0.13519223493670887,0.619741206590621,0.2983694751584284,0.08188930456273764,0
23935,2020,889,0.5410573678290214,0.530499286036036,0.2345917367117117,0.1138469106981982,0.3738497477477477,0.4972002882882883,0.5546885423925668,0.5396141416957027,0.5386089036004647,0.1191735599303136,0.12147300963995354,0.1229290737514518,0.5425689471316085,0.13698550078740157,0.45086901576576577,0.5454467432432433,0.003684232635135135,0
23772,2020,323,0.5015479876160991,0.5412017306501548,0.21991402167182664,0.09792553777089784,0.3829784334365325,0.41346034674922605,0.4026763281733747,0.47921782972136223,0.48568954179566565,0.161475806501548,0.12846500835913313,0.11434586501547987,0.571997080495356,0.12771688823529412,0.542453560371517,0.29979734984520123,0.15774910588235294,0
22922,2020,751,0.4806924101198402,0.49686736351531285,0.31496968442077233,0.16663299733688414,0.35458667509986685,0.4619577110519308,0.4639948641810919,0.497826103861518,0.4829996937416778,0.15726539254327565,0.15538926218375498,0.158376358322237,0.545292932090546,0.13720784207723036,0.7172217177097203,0.27721426098535284,0.00556404207723036,1
23385,2020,497,0.448692152917505,0.5844453682092556,0.20759597384305836,0.12713606358148893,0.3744476136820925,0.3970394185110664,0.4795982354124748,0.5184322253521128,0.5584215010060362,0.1948893953722334,0.1517530533199195,0.1400196810865191,0.5500630945674044,0.13833622716297786,0.6006426820925553,0.18041121327967807,0.2189461106639839,0
23650,2020,1001,0.5194805194805194,0.5090855684315684,0.237732997002997,0.15499694905094907,0.4168275744255744,0.4191307492507492,0.5211283466533467,0.5401907612387612,0.5509620999000999,0.13184489830169832,0.1363165191808192,0.1335567741258741,0.5397972337662338,0.1393992084915085,0.6943021478521478,0.1565164955044955,0.14918136163836165,1
21654,2020,772,0.49740932642487046,0.5431532707253885,0.21406849870466324,0.1508892189119171,0.32375774870466323,0.45425624740932646,0.484131493523316,0.499226567357513,0.5017312888601035,0.19679887720207256,0.18773382538860103,0.18436927720207252,0.5470228665803109,0.13773035764248703,0.6639055880829016,0.07817500660621761,0.2579194248704663,1
23871,2020,570,0.5754385964912281,0.5195875430579965,0.1339016265377856,0.1713490404217926,0.45540299121265376,0.3845461915641476,0.5664105213675213,0.5468091175213675,0.5383465918803418,0.1674440170940171,0.16001875213675215,0.16229561324786324,0.555055401754386,0.1382139040350877,0.5788948260105449,0.2410486731107206,0.18005645975395432,1
23554,2020,563,0.49023090586145646,0.47960075488454706,0.23295999484902308,0.17798006571936056,0.372532458259325,0.4564500355239787,0.4615571971580817,0.48530465719360566,0.4888210213143872,0.1872005861456483,0.18102920959147425,0.17893178507992896,0.5434796127886323,0.14205259591474245,0.6107005293072824,0.2952603587921847,0.09403913126110125,1
22278,2020,1052,0.5171102661596958,0.41564784315589354,0.28353324619771864,0.1891372072243346,0.4241563203422053,0.3938995703422053,0.5202478764258555,0.4952606796577947,0.49462770437262354,0.21745388897338402,0.21821501701520912,0.20480547908745247,0.58095062,0.14884083495238096,0.6409870047528516,0.3206583203422053,0.038354669221482895,1
23440,2020,614,0.4771986970684039,0.5550206107491856,0.17686907817589576,0.14317127687296416,0.35421794299674264,0.46469310097719874,0.48272898794788277,0.4747625081433225,0.47651862540716616,0.1766975631921824,0.1772545263843648,0.17603398045602606,0.541183942903752,0.137627955954323,0.528718825732899,0.4216276351791531,0.04965353892508143,1
23929,2020,681,0.5256975036710719,0.5523473,0.14968281264705882,0.10947344558823528,0.40031859558823535,0.43102074852941175,0.5067971313432836,0.5269225313432836,0.5296868179104478,0.0981755247761194,0.09988565417910447,0.10286894358208955,0.5399972878120411,0.13815358164464026,0.6205683985294118,0.32058460294117647,0.058846962058823525,0
22761,2020,593,0.5413153456998314,0.5871145598650928,0.14390128532883642,0.08546400354131535,0.432977347386172,0.40904615008431705,0.5387532596964587,0.5427461770657672,0.5531311399662733,0.07311700944350759,0.062945539460371,0.0608671436762226,0.5360723372681282,0.13851559224283305,0.45814725126475553,0.3980602765598651,0.14379248768971334,0
22007,2020,364,0.6236263736263736,0.6302175549450549,0.12429988461538463,0.10329986499999999,0.33552642032967034,0.4544804835164835,0.6292009917582417,0.6302366373626374,0.6371975631868132,0.17494827664835166,0.16118507692307693,0.15738629368131868,0.6005379614325069,0.1476492873278237,0.6655413461538461,0.1495256923076923,0.1849329642857143,0
23574,2020,859,0.5005820721769499,0.5041438114086146,0.2713471746216531,0.10605634377182771,0.3981918381839348,0.43492374621653085,0.4961582118742724,0.482249884749709,0.4931614423748545,0.12574677869615833,0.12632866915017463,0.11762061699650755,0.5337357427240977,0.1419599292200233,0.5358198963911525,0.35604137019790455,0.10813869452852154,1
23979,2020,368,0.5679347826086957,0.541313008174387,0.20525899182561308,0.09034924168937329,0.41181682016348775,0.43173127792915533,0.5556867813411078,0.5515676705539359,0.5459825364431486,0.11814116355685131,0.11164664314868805,0.1034874746355685,0.5823398913043478,0.14846805788043477,0.5432105258855585,0.11520528664850135,0.3415841907356948,0
23893,2020,496,0.530241935483871,0.5371976909090909,0.24613157777777778,0.12138863171717172,0.35358886464646466,0.4472427676767676,0.5280332224532225,0.5212604802494802,0.5182096091476092,0.12977832058212058,0.1341546291060291,0.13755430311850314,0.5424653245967741,0.13754622137096775,0.7235248222222223,0.20156600202020203,0.07490915232323232,0
23437,2020,387,0.43669250645994834,0.47382791989664086,0.24483237209302328,0.13089922222222222,0.3837855633074935,0.40973576485788116,0.4071409302325581,0.4273059793281654,0.435403850129199,0.10306230904392764,0.09465185400516797,0.10054251369509044,0.553312684754522,0.13851492635658916,0.6146313850129199,0.334921149870801,0.05044742894056847,1
23235,2020,329,0.6261398176291794,0.5695583902439024,0.1659686951219512,0.1352199024390244,0.347878625,0.44971104268292683,0.6110066548387096,0.6072452580645161,0.5979869774193549,0.11883309838709677,0.1348801093548387,0.13491993451612902,0.5542239209726444,0.14315453252279634,0.4911752347560976,0.2874428048780488,0.2213819606707317,0
21813,2020,555,0.5297297297297298,0.5462981891891892,0.18246036576576577,0.1122918954954955,0.3814406522522522,0.4209392846846847,0.5193991117117117,0.5331920864864865,0.5361804018018018,0.13059029801801803,0.12316435693693695,0.12633280072072073,0.5407947567567568,0.13627392954954956,0.3709518162162162,0.4720586756756757,0.1569895189189189,0
23634,2020,749,0.5901201602136181,0.5717379705882353,0.15182364705882354,0.16657986631016045,0.34856870855614974,0.4816089745989305,0.5524361015089163,0.5811827393689986,0.5894251069958848,0.1678928340192044,0.15459032757201646,0.15425224348422495,0.5510460280748664,0.13979248636363636,0.6416387673796792,0.2785949893048128,0.07976625935828878,0
23232,2020,330,0.5666666666666667,0.44183701519756835,0.20972313373860185,0.1772447416413374,0.40465915197568386,0.4486943252279635,0.592320209375,0.547697115625,0.523460278125,0.12040585468750001,0.148511485625,0.1550364775,0.5922953939393939,0.13749949484848484,0.7355529513677811,0.1743321565349544,0.09011489483282675,0
23593,2020,791,0.5524652338811631,0.5606456434892542,0.22149093135271808,0.12881119026548674,0.3464869367888748,0.43374301643489255,0.5683350758533502,0.5602941352718078,0.5704270948166877,0.12263499254108724,0.12417810644753476,0.1267236072060683,0.5476957357774969,0.13524667951959546,0.45404354614412135,0.3235021769911504,0.2224542048040455,0
22110,2020,673,0.600297176820208,0.6594985839524518,0.10225400416047549,0.13716622719167904,0.3642452377414562,0.41236960029717684,0.5809361099554236,0.5904681203566122,0.6053851396731055,0.2085956995542348,0.19709316255572065,0.18967914502228825,0.5866844134328358,0.1421065780597015,0.5679714933135216,0.25430745468053495,0.17772106240713223,0
22933,2020,314,0.5414012738853503,0.5810152834394904,0.21738350955414013,0.13730469777070065,0.4161127324840765,0.4360368789808917,0.5177443662420382,0.5594267133757962,0.5685226305732485,0.17659519267515925,0.14308536464968152,0.14681757484076433,0.5359201050955413,0.13890045859872613,0.6379151146496815,0.062067763694267516,0.3000170955414013,0
23654,2020,559,0.5366726296958855,0.5596315778175313,0.1706155939177102,0.13022277459749554,0.42889066547406085,0.3757942665474061,0.5428220876565295,0.5813708407871198,0.5905061681574241,0.12537228121645796,0.12829530268336314,0.1359878556350626,0.5292159964221825,0.1435935509838998,0.6251585599284437,0.1762219731663685,0.1986194651162791,0
23284,2020,468,0.5235042735042735,0.5806320961538461,0.20751961538461539,0.11754301923076924,0.3843026666666666,0.3963209764957265,0.5090164594017095,0.5180080170940171,0.5261139829059829,0.12544043376068376,0.1256357747863248,0.1240976185897436,0.5511400854700854,0.14546311944444446,0.703952735042735,0.2869342799145299,0.00911300702991453,0
23703,2020,372,0.5860215053763441,0.5544218140161725,0.3157180592991914,0.07814476091644205,0.4238056900269542,0.38114408086253365,0.5865185202702702,0.5536611148648649,0.5462313040540541,0.09728184797297297,0.08953243378378378,0.08462269256756758,0.5664970188679245,0.13837546819407007,0.5783678032345013,0.3249396064690027,0.09669259622641509,0
23903,2020,420,0.5357142857142857,0.5234278902147971,0.29345356085918856,0.12074332291169451,0.40694220525059666,0.3915411455847256,0.5851122311557788,0.5607199422110553,0.5267811331658292,0.17005118819095477,0.15094291859296483,0.13377705628140704,0.5774814785714286,0.14652637714285713,0.5494820429594273,0.38013585918854415,0.07038210477326969,0
23953,2020,306,0.4869281045751634,0.5156139967213115,0.22807573901639344,0.1673641442622951,0.3712275180327869,0.3904357868852459,0.4378858054607509,0.49313828327645054,0.48596633788395904,0.17319632935153584,0.17302972354948806,0.19204560409556315,0.5684252124183007,0.1388583839869281,0.5073594786885246,0.19791148196721312,0.29472901967213117,1
23860,2020,867,0.6182237600922722,0.5524116247113164,0.1598633899538106,0.20416436605080832,0.39856362240184756,0.40794533949191686,0.626677094117647,0.6034322082352941,0.5941268423529412,0.18038824905882353,0.2017524905882353,0.19524920588235295,0.601223701734104,0.1433888228901734,0.5498617517321016,0.30941200577367206,0.14072625092378752,0
22312,2020,412,0.4830097087378641,0.5387664126213593,0.2306499240291262,0.08447568737864077,0.3981729733009709,0.47341317233009705,0.49741942475728157,0.5188826844660194,0.5209896990291262,0.09041217621359224,0.08265476699029127,0.08601160169902912,0.5444765266990291,0.13755906019417477,0.5045661383495146,0.41483005339805823,0.08060380388349514,0
22899,2020,348,0.5402298850574713,0.5229186628242075,0.2289922910662824,0.15340307665706052,0.3593241008645533,0.4544076772334294,0.5168597055214724,0.5148895368098159,0.5195985214723926,0.13553057116564418,0.14802857975460124,0.15119635429447853,0.5314345316091954,0.1406864028735632,0.6195016167146974,0.35296507780979824,0.027533299423631124,1
23640,2020,720,0.5,0.4597691958333333,0.27304816249999997,0.19414449305555553,0.42932295694444444,0.4065698736111111,0.4983732361111111,0.5105736875,0.5194554694444444,0.20340154180555559,0.18976374583333333,0.19215064583333333,0.5829606086350975,0.13850720389972146,0.7673551541666667,0.2017144041666667,0.03093044486111111,1
22261,2020,316,0.5791139240506329,0.5682954476190476,0.14764034634920636,0.17306241873015873,0.4122093936507936,0.4244690380952381,0.6154884183673469,0.5988986462585034,0.5944121428571428,0.18911320952380953,0.17996250544217687,0.177820437414966,0.5797517341772152,0.14735747689873419,0.5264544507936508,0.46370443492063496,0.009841086825396826,0
21622,2020,349,0.5702005730659025,0.544912570200573,0.11179747936962751,0.13226739398280804,0.4589534040114613,0.35588629799426935,0.4869651977077364,0.5069963810888252,0.5045139971346705,0.15138760916905444,0.16217629684813753,0.14865618911174783,0.56897911747851,0.1468843329512894,0.4714924727793696,0.30246799426934096,0.22603946991404014,1
23204,2020,355,0.5070422535211268,0.532209338028169,0.24718946760563382,0.11283500563380282,0.4082595014084507,0.4100835267605634,0.5342480647887324,0.5609023661971831,0.5693418197183099,0.12635669774647887,0.1136820847887324,0.12070161126760563,0.5668449014084507,0.13982042253521126,0.5439367661971831,0.11325989859154931,0.3428032676056338,0
23942,2020,321,0.5015576323987538,0.51509765,0.10843192500000001,0.176101434375,0.393458471875,0.4624695,0.5053466425531915,0.522054485106383,0.5147849234042553,0.17914286382978725,0.18318513191489363,0.1856875914893617,0.5732935638629283,0.14185162866043613,0.435215209375,0.458646375,0.10613832906250001,1
23863,2020,373,0.579088471849866,0.620709376344086,0.11377763951612903,0.18192159677419356,0.35424443279569895,0.4499938360215054,0.5784999777158775,0.5865672562674095,0.5940495431754875,0.2410213147632312,0.19958547632311976,0.19435030640668524,0.6001326182795699,0.14024542930107525,0.68200875,0.20561191424731182,0.11237933172043012,0
22414,2020,444,0.6238738738738738,0.601920006772009,0.12969505620767494,0.17878930925507902,0.3768865801354402,0.41019177878103835,0.6239216240963856,0.6071333759036145,0.6028189710843374,0.16155098313253013,0.17418601204819276,0.1712878265060241,0.5801576726862302,0.14710724559819413,0.5078343634311512,0.3590674446952596,0.13309815688487583,0
23751,2020,315,0.5079365079365079,0.6037653555555555,0.15994034920634922,0.10662664095238095,0.41398652063492064,0.42278218095238096,0.5354667238095239,0.567480092063492,0.5848864952380952,0.16951904126984127,0.14429941142857142,0.12331473174603175,0.5956694777070063,0.15078948057324842,0.48742893650793645,0.46679946984126985,0.04577158015873016,0
23857,2020,551,0.5680580762250453,0.54050356,0.134144576,0.19388028545454547,0.40573069636363635,0.4214427527272727,0.5208036519916143,0.5552681907756813,0.5438390545073375,0.21320593417190778,0.18498219077568132,0.1947538888888889,0.5971088363636363,0.14153496127272727,0.5060329436363636,0.3933427472727273,0.10062429563636363,1
22473,2020,541,0.5582255083179297,0.592446493530499,0.15163709426987063,0.16492048243992607,0.37424585397412197,0.4047629371534196,0.542667247689464,0.5632132439926063,0.5764909648798522,0.20116754325323474,0.19308840295748614,0.1825752181146026,0.5875371022304833,0.1581559596654275,0.5351080942698706,0.3166938151571165,0.1481981068391867,1
23644,2020,704,0.5241477272727273,0.5596951519886364,0.1339642784090909,0.14803670880681818,0.47181899573863634,0.37858019176136365,0.5078805823863637,0.5431507926136363,0.5404621036931818,0.16339735625,0.1542070508522727,0.15945978977272726,0.5964061578947368,0.14117059829302986,0.7025071704545455,0.2836946846590909,0.013798155795454544,0
23638,2020,1353,0.5779748706577975,0.6218110635624539,0.14544517886178862,0.1298729623059867,0.4050958167036216,0.40322313673318555,0.5682573784183296,0.587064504804139,0.590605623059867,0.2102885502586844,0.18515576260162603,0.17707085550628232,0.5893387767857143,0.1439292173363095,0.5590283170731707,0.3221994028085735,0.11877228632668145,0
23231,2020,756,0.5740740740740741,0.6574934457671958,0.1166333611111111,0.11259529497354498,0.37135135052910057,0.4479828002645503,0.5868911044973545,0.580143623015873,0.589716287037037,0.1549386904761905,0.1583360917989418,0.15160413624338626,0.585458536423841,0.14969121668874172,0.540696925925926,0.3762894232804233,0.08301366296296296,0
23745,2021,2840,0.5517605633802817,0.5597289940140845,0.21210520528169013,0.13970982605633803,0.3367541021126761,0.45906337359154925,0.5513559211267606,0.5496564422535212,0.5533287355633802,0.1429322042253521,0.14235856887323944,0.14160734823943663,0.5338717266643184,0.1429537982388165,0.45566701514084507,0.30394769471830985,0.24038528063380282,0
23880,2021,3025,0.5692561983471074,0.5880216757024793,0.18347115404958678,0.14224705719008265,0.35193895371900824,0.45835543041322313,0.5701348826446281,0.5707306803305785,0.5720762218181819,0.16067707418181817,0.16273430545454545,0.16191875107438017,0.5332266021825397,0.1429744068783069,0.5924321685950413,0.17832733884297522,0.22924051272727272,0
22772,2021,749,0.5287049399198932,0.5462549933244326,0.21088739919893193,0.14290455273698266,0.3855130761014687,0.42890913084112153,0.5628807890520694,0.5414080347129506,0.5394214018691589,0.139934450200267,0.15295109839786383,0.15561555874499333,0.5351552242990654,0.14235169626168223,0.6329025887850467,0.21856527102803738,0.1485321468624833,0
22397,2021,1100,0.5463636363636364,0.5539419154545454,0.18620222545454546,0.16159701818181818,0.36785107363636366,0.42811968727272726,0.5705043309090909,0.5482576345454545,0.5419120827272728,0.14501035581818184,0.15397889754545455,0.16048156736363636,0.5366494336363636,0.14072873372727274,0.5088572827272727,0.20193845454545453,0.28920427090909095,0
21402,2021,810,0.571604938271605,0.6062358432098766,0.20848373333333334,0.12080806419753087,0.32078512345679017,0.46487819999999996,0.5642293518518519,0.568848437037037,0.5765127308641975,0.1470425624691358,0.13978972185185184,0.1375185887654321,0.5349460296296297,0.14209974703703704,0.471361137037037,0.48001676543209876,0.04862209407407408,0
21558,2021,367,0.5749318801089919,0.5520859455040872,0.23261729427792915,0.1542058446866485,0.2953244495912807,0.480124310626703,0.5526134904632152,0.553515825613079,0.5608464250681199,0.19704852016348776,0.15176593514986375,0.14686864795640328,0.5434669264305177,0.1377127645776567,0.6082526158038147,0.24612943869209808,0.14561794277929155,0
23767,2021,2969,0.5240821825530482,0.5788741286628495,0.17832526204109128,0.12844590097675987,0.3404301862579993,0.46856091007073086,0.5332186611653755,0.5338817716402829,0.5345116315257663,0.17564962802290335,0.17508585820141462,0.17395166655439542,0.530752019535197,0.1438042080835298,0.7320237938699898,0.18164373223307512,0.08633248858201414,1
23633,2021,2951,0.5232124703490342,0.5188795930193155,0.19407761538461538,0.14805355540494747,0.3432887353439512,0.4537667492375466,0.5294495913249746,0.529100475432057,0.5297711311419858,0.12558377834632328,0.1256852595730261,0.12794263673331074,0.5384164140969163,0.14079444076584208,0.5477549122331413,0.36625506438495425,0.08599001928159945,0
22404,2021,720,0.5472222222222223,0.5608808291666667,0.2003373472222222,0.13354539583333333,0.353920325,0.4429424416666667,0.5285054986111111,0.5416263944444444,0.5508800388888889,0.17495346194444444,0.16346123458333334,0.15803524583333334,0.5332783847222222,0.14034658458333332,0.35073660277777774,0.07504577277777778,0.5742176111111111,0
22617,2021,660,0.49393939393939396,0.5112966121212121,0.24528973636363635,0.11660561666666666,0.38815666060606063,0.451305243939394,0.5013992363636364,0.5189940757575757,0.5142836590909091,0.13418575696969698,0.13251639924242425,0.12925787712121212,0.5288041666666666,0.14462211363636365,0.3453147181818182,0.6465642621212121,0.008121015393939394,1
22525,2021,422,0.523696682464455,0.514021182464455,0.22354713033175355,0.1391273933649289,0.39310431042654026,0.44505386018957344,0.5047043838862559,0.5099655687203791,0.5137562867298578,0.11745352085308057,0.11710800710900474,0.12586011042654027,0.5464049739336493,0.13787102654028435,0.5918807085308057,0.10540643601895734,0.30271282464454974,0
22028,2021,719,0.48956884561891517,0.5097548873435327,0.24895587065368566,0.16058472183588315,0.3684691710709318,0.46234028511821973,0.48909526564673156,0.47937828929068155,0.48500510431154376,0.1753347668984701,0.1768159364394993,0.17135534102920721,0.5321214700973574,0.14413181627260083,0.5090597955493742,0.26330209179415853,0.22763809318497913,1
23637,2021,1053,0.47673314339981004,0.46896429724596395,0.31151852516619183,0.13729177872744538,0.3421727027540361,0.45560347483380814,0.46716733523266857,0.4722901585944919,0.4692982098765432,0.06333327644824312,0.06888781538461539,0.07317486068376068,0.5403901899335233,0.140241910351377,0.788872670465337,0.20973297056030388,0.0013943483409306742,0
21690,2021,689,0.5370101596516691,0.5507231262699565,0.2144538084179971,0.15030550653120464,0.33221307547169815,0.4950133062409289,0.561364129172714,0.5445027358490566,0.5456282467343977,0.14225609448476054,0.1443585480406386,0.14853710856313498,0.5359248040638607,0.14422505820029027,0.5193874455732946,0.15524853701015964,0.32536403628447025,0
22592,2021,904,0.4944690265486726,0.5059716404867257,0.2460680896017699,0.13151270132743365,0.3471172632743363,0.4558960342920354,0.5343350387168142,0.4994275066371681,0.49812818141592924,0.15575315486725663,0.16398964646017697,0.16391779668141593,0.5336467087486158,0.14261592203765228,0.5473925796460177,0.39616852765486726,0.05643891803097346,1
23225,2021,922,0.4544468546637744,0.4488680943600868,0.2605200054229935,0.17380616811279828,0.35438801193058567,0.48182608568329716,0.45778287527114964,0.45881991323210414,0.4574443112798265,0.12044631832971801,0.12101780140997831,0.1204262442516269,0.5354232180043385,0.14136287310195228,0.721429704989154,0.2785644229934924,5.87329284164859e-06,1
23897,2021,2968,0.523921832884097,0.5399882429245283,0.2338350229110512,0.12134981603773584,0.3404859777628032,0.49442429784366576,0.5238601711590296,0.5247292914420485,0.5254252594339622,0.12680122897574125,0.12598941778975742,0.12418502361859839,0.5337729555106168,0.14195986643073813,0.46171665566037734,0.4013250855795148,0.13695824359838277,0
22118,2021,1012,0.41798418972332013,0.4521817480237154,0.29746712747035575,0.15471578063241107,0.39187152075098813,0.43104498616600795,0.4229246996047431,0.4300353656126482,0.4296595701581028,0.16189258191699607,0.16297378675889326,0.16163265355731227,0.5347460790513835,0.1421941561264822,0.6920303468379446,0.27391091403162054,0.03405873260869565,1
22738,2021,1043,0.49089165867689355,0.5097279156279961,0.23141778044103548,0.14841979769894537,0.37792462895493767,0.45556015723873444,0.4848648916586769,0.5001317516778524,0.4971741601150527,0.1404713277085331,0.14716666375838924,0.15140565330776606,0.5360004419942473,0.1416422150527325,0.5199868696069032,0.09230518235858101,0.38770795493767973,1
22231,2021,1662,0.5547533092659447,0.5940477671480144,0.1618988989169675,0.1489581883273165,0.3272295024067388,0.4742397262334537,0.5619818339350181,0.5657785228640192,0.5649655084235861,0.1834577376654633,0.17324164332129963,0.1734811606498195,0.53670330866426,0.14114540806257522,0.49884657701564383,0.1802661353790614,0.32088728941034894,0
23893,2021,764,0.506544502617801,0.5307171086387434,0.250824972513089,0.14028308638743456,0.35411701308900523,0.4590911662303665,0.5000067552356021,0.5100004882198953,0.5109197657068063,0.16994808337696335,0.15851760641361257,0.1531732989528796,0.5368510863874345,0.14323965366492145,0.7119717827225132,0.16554477617801047,0.12248347369109948,1
21789,2021,1059,0.5042492917847026,0.5184874560906516,0.2089755495750708,0.15123767705382435,0.3776900906515581,0.4588976241737488,0.500784538243626,0.504538150141643,0.5116205420207743,0.17349464711992446,0.18245652880075544,0.1783378876298395,0.5391084678638941,0.14129870538752362,0.5770463314447593,0.15186326628895183,0.2710903928234183,1
24110,2021,2019,0.4868746904408123,0.505924838949455,0.26653797869177404,0.13539545346878099,0.34737932656095144,0.4575939831516353,0.48669500981404956,0.4954175614669421,0.499476701446281,0.1686153444731405,0.1608308236570248,0.15570985981404958,0.5353261357107479,0.14623679435364043,0.5255879925668979,0.15201450297324082,0.3223974965312191,1
23917,2021,1219,0.579163248564397,0.5919365094339623,0.1341769212469237,0.15132773256767842,0.3079112986054143,0.49239225594749797,0.5866627227235438,0.5903956136177195,0.5984839138638227,0.14746512206726825,0.14133521919606237,0.13691491058244462,0.5326084511894995,0.14288156776045938,0.4795081591468417,0.30986591550451187,0.21062589991796554,0
23536,2021,856,0.4380841121495327,0.5349024964953271,0.17488530841121494,0.1692934976635514,0.3936722640186916,0.4339346039719626,0.4279046460280374,0.43888149182242986,0.44311858761682243,0.2125189526869159,0.2016089683411215,0.19620902803738316,0.535870308411215,0.14103739135514018,0.6855029637850467,0.26979344976635516,0.044703579439252336,1
23238,2021,345,0.48405797101449277,0.5313436463768116,0.24085656521739132,0.12720690434782608,0.3651245884057971,0.4438396782608695,0.4692936260869566,0.464350031884058,0.4772576144927536,0.14164100753623188,0.14767320492753622,0.14608657971014494,0.5383162144927537,0.14031478260869565,0.6358544550724637,0.2182749652173913,0.14587053623188406,1
23665,2021,664,0.4924698795180723,0.49843606174698796,0.240314906626506,0.16068269728915663,0.38986211445783137,0.43259615361445786,0.4729098584337349,0.47570206626506023,0.48220235692771085,0.19758833403614456,0.21029928012048194,0.20926001686746987,0.5327228207831326,0.14841623493975903,0.43122164006024094,0.5408676807228916,0.027910684789156627,1
22624,2021,1307,0.5149196633511859,0.5202669288446825,0.23526007727620504,0.12398960061208875,0.39693910022953327,0.42804285615914306,0.5124337773527161,0.5167982624330528,0.5126877949502677,0.13883988668706962,0.1421469702371844,0.14370694705432288,0.534660948737567,0.1426118805661821,0.5953319273144606,0.3028196335118592,0.10184846021423107,1
23929,2021,1094,0.5585009140767825,0.5435073117001828,0.19509898537477147,0.11463744058500913,0.4045064268738574,0.42425677787934185,0.5701440850091407,0.5644718555758683,0.5619832404021938,0.12046585155393054,0.12192306828153564,0.12452587513711151,0.5321681482159195,0.14497846861848124,0.6254290191956124,0.27736156581352833,0.09720940475319927,0
21943,2021,838,0.4522673031026253,0.4860396420047733,0.2728574952267303,0.1657312494033413,0.3835943520286396,0.4357170334128878,0.4529172410501193,0.46161910739856804,0.4575857076372315,0.2101145607398568,0.20592782613365154,0.20902573150357998,0.5340559534606205,0.1432323900954654,0.7482020429594272,0.1812200525059666,0.07057792732696898,1
23988,2021,2097,0.542203147353362,0.5249075388650454,0.21667424606580832,0.15185341773962804,0.3719271015736767,0.4336358707677635,0.538816133524082,0.5392332422508346,0.5429577424892704,0.1522244378636147,0.15497511635670005,0.14923303481163566,0.5367867151717557,0.14031703683206107,0.5462779604196472,0.19734782546494994,0.2563742217453505,1
22708,2021,2666,0.49287321830457614,0.5094256211552888,0.2479998855963991,0.1378771001500375,0.3897191436609152,0.43652674456114027,0.4899811155288822,0.4984358023255814,0.496441935483871,0.18007664358589648,0.17804263199549888,0.1767592649287322,0.531825018011257,0.14538427913696061,0.46948278619654915,0.20419404651162792,0.3263231504126032,1
23334,2021,309,0.49838187702265374,0.5334444692556635,0.19373629773462783,0.14078084142394823,0.3886039223300971,0.43635339158576053,0.4901564401294498,0.4934764207119741,0.499150359223301,0.15222281974110033,0.14745773948220064,0.14067785339805827,0.5401134433656958,0.14058086601941747,0.4841926504854369,0.232379213592233,0.2834281812297735,1
22741,2021,733,0.5688949522510232,0.5968345661664393,0.1492047871759891,0.13600027967257844,0.3575959863574352,0.4301522482946794,0.5517975716234652,0.5656581937244202,0.5620649304229195,0.16427075525238746,0.1592911184174625,0.15848665579809004,0.536777858117326,0.1415401079126876,0.3709630818553888,0.053771417053206004,0.5752654993178717,0
23935,2021,1159,0.5349439171699741,0.5459009559965488,0.24852709059534078,0.12730679637618636,0.36028661259706646,0.49055375754961167,0.537468992234685,0.5353871975841242,0.5407296764452114,0.14250106566005177,0.13735363692838654,0.1328555950819672,0.5364597437446075,0.14135479930974978,0.44202319413287317,0.5550955565142365,0.002881242691975841,0
22729,2021,924,0.487012987012987,0.5107136969696969,0.22512667857142857,0.1489953354978355,0.3516232012987013,0.43702807792207793,0.515613341991342,0.4927259761904762,0.49719908116883116,0.14373962132034632,0.147462325,0.14753418333333335,0.5387580032467533,0.13939344902597403,0.5034182932900433,0.3330053149350649,0.1635764155844156,1
22782,2021,1353,0.49741315594974134,0.5306209223946785,0.19816036733185513,0.12523023281596454,0.4164081589061346,0.42331861123429415,0.5153557952697708,0.5010355299334811,0.5013794124168515,0.13297808329637842,0.1445541243902439,0.14515957849223945,0.5364343528106509,0.1431186431213018,0.5787174153732447,0.2837929416112343,0.13748965040650407,1
22743,2021,1088,0.5726102941176471,0.5583911185661765,0.1976242132352941,0.14036206525735295,0.33226779503676473,0.4905818860294118,0.5936577251838235,0.5689399329044118,0.5709944779411764,0.14605366755514707,0.14185037582720586,0.1396466788602941,0.5359208823529411,0.14271182077205882,0.6242975735294118,0.22321403860294117,0.15248837775735294,0
23440,2021,1867,0.5516871987145152,0.5517323674343867,0.19600308837707553,0.1402941906802357,0.3663257225495447,0.4607508430637386,0.5547194043920728,0.5554064295661489,0.5556025506159614,0.12972035806106053,0.12785228516336367,0.1286751339046599,0.5379735490091055,0.1396863888591323,0.5393084022495983,0.4157953390465988,0.04489625886448848,0
23849,2021,613,0.5579119086460033,0.5817686721044045,0.1613919168026101,0.13745191680261012,0.3368547944535073,0.48519702773246326,0.5713602006525286,0.5662094551386623,0.5579789608482871,0.1681541647634584,0.1651587911908646,0.1639089004893964,0.5430782838499184,0.13415470652528547,0.5769908009787929,0.4040179347471452,0.018991217944535076,0
23288,2021,1070,0.5439252336448598,0.5749718224299065,0.1846288,0.15093976448598131,0.3783769205607477,0.4393552579439252,0.5322535439252337,0.5413380327102805,0.5405740224299066,0.17559330355140187,0.17156681112149533,0.17235048607476636,0.5438735098222638,0.141630357717493,0.6224073056074766,0.19712028130841122,0.18047238224299064,1
23437,2021,932,0.48605150214592274,0.47288562017167385,0.26188489806866955,0.13506290128755366,0.39711988412017163,0.3985544881974249,0.48816647532188845,0.4732592854077253,0.47561603004291847,0.16086270718884121,0.16035316748927037,0.15856186824034335,0.5385262993562232,0.14103042339055794,0.615013339055794,0.34446501287553644,0.040521642811158796,1
22312,2021,1053,0.47673314339981004,0.47885787559354226,0.28438799905033235,0.12110981994301995,0.39772768945868947,0.4592783779677113,0.46570882811016145,0.46746778917378917,0.47256568755935424,0.1458573282051282,0.14510849192782527,0.14214830113960114,0.536473527065527,0.14227261623931625,0.4847530560303894,0.4616644358974359,0.0535824975308642,1
23312,2021,915,0.5289617486338798,0.549899262295082,0.23243763606557377,0.132764418579235,0.36131642295081967,0.44536245136612024,0.5425613967213114,0.5290377508196722,0.5194792546448087,0.12487845606557378,0.13127001704918034,0.13550367224043716,0.5425586765027323,0.13954645978142077,0.4945597191256831,0.2453609606557377,0.2600793300546448,0
22254,2021,393,0.5597964376590331,0.5702733969465649,0.16630019338422392,0.1409759720101781,0.3722656743002545,0.4536564071246819,0.5326057022900763,0.5285298015267176,0.5302252798982189,0.19010084173027988,0.18339754503816794,0.18672839440203562,0.5411821424936387,0.14252293333333332,0.5919126539440204,0.23743291603053437,0.17065441221374045,1
23439,2021,887,0.5975197294250282,0.5866395264937992,0.18600220293122888,0.1271872987598647,0.34170465388951526,0.4409525456595265,0.5945377001127397,0.5994582739571589,0.601080107102593,0.12051676279594137,0.1271282051860203,0.12759744509582863,0.5405136482525367,0.14087882536640361,0.6086542119503946,0.38975044983089063,0.0015953195377677563,0
23515,2021,399,0.47368421052631576,0.4691967293233083,0.24567233333333335,0.16081502506265663,0.40909603258145366,0.4075562882205514,0.4776171378446116,0.4636227268170426,0.44975230827067664,0.1601659180451128,0.16281460401002507,0.15932271929824562,0.5340230025062657,0.1439440551378446,0.6318835714285714,0.3660797644110275,0.002036653558897243,1
23363,2021,923,0.4517876489707476,0.5106924572047671,0.2048329707475623,0.1498364864572048,0.40057830660888405,0.43392864572047674,0.439594568255688,0.44676086998916575,0.44834705850487544,0.19246464474539546,0.1860516497291441,0.18415722231852655,0.5389909328277357,0.14156395612134345,0.4943335352112676,0.5031837313109425,0.002482729880823402,1
23987,2021,3405,0.5356828193832599,0.5371797747430249,0.19741767107195302,0.13275814743024963,0.36652297092511016,0.448340778267254,0.5300185039647577,0.5367455204111601,0.5390202560939795,0.14102025867841408,0.1458675621732746,0.14515346813509544,0.5369012767332549,0.14239274753231493,0.6261277926578561,0.23735476534508076,0.13651743142437592,0
24021,2021,1966,0.5208545269582909,0.5219056865139949,0.23979404732824428,0.12011626849872774,0.3543486320610687,0.492182586259542,0.5224365077250932,0.5265690474160895,0.5246537080447522,0.1181006451251998,0.11743836515716569,0.1177495611081513,0.5416042690742625,0.13959940635808749,0.5314926458015268,0.3474681597964377,0.12103920142493639,0
22922,2021,491,0.40122199592668023,0.461907266802444,0.33804198574338085,0.16212871079429736,0.36740910590631365,0.4355395987780041,0.43792762321792256,0.38999893686354375,0.3985694521384929,0.14350069837067211,0.16696159185336049,0.15928293564154786,0.5342640305498982,0.14415861914460285,0.6656586578411405,0.3298618574338086,0.004479506537678208,1
23634,2021,1171,0.5508112724167379,0.5723044611443211,0.18025991972672928,0.15323681639624254,0.3579073296327925,0.47280378223740394,0.5614775277540563,0.5511451041844577,0.5535572288642187,0.12497890657557643,0.14143362297181897,0.14184993740392826,0.5393446848847139,0.1416788415029889,0.6256586208368916,0.32073788471391973,0.053603495473953884,0
22302,2021,906,0.488962472406181,0.533270508830022,0.24796410264900662,0.13210954525386315,0.3650063024282561,0.45134795253863136,0.4793689172185431,0.48479838189845476,0.48035071633554083,0.09724855220750553,0.09945279028697572,0.10067982958057396,0.5449267671081678,0.14026578046357616,0.5466970761589404,0.35462144812362034,0.09868149481236203,0
21414,2021,557,0.5403949730700179,0.5792408922800718,0.1912253105924596,0.1452472657091562,0.3396073985637343,0.46024401256732494,0.5206251077199282,0.5394464578096948,0.5412319317773788,0.1333045511669659,0.13343251885098742,0.1346602831238779,0.5364810557553956,0.14170566798561152,0.5201468240574507,0.39108330161579896,0.0887698748653501,0
22192,2021,867,0.5040369088811996,0.49118451557093423,0.27556139100346017,0.12294469780853517,0.35940879815455595,0.4618885882352941,0.48033852825836215,0.4731680069204153,0.4627140784313726,0.11852031926182238,0.12288021014994234,0.125627199538639,0.5344987782909931,0.14258354676674365,0.5247767820069205,0.4119692906574394,0.0632539570934256,1
24140,2021,3000,0.5473333333333333,0.5524366342114038,0.21795268022674225,0.12163787669223074,0.3566270780260087,0.48964055118372796,0.5491034627019594,0.549924700928154,0.5512380281883809,0.12239922822275696,0.12234397318666208,0.12277389594362324,0.5380148136666667,0.13968729826666668,0.39772218306102036,0.4276304361453818,0.17464737539179728,0
22540,2021,925,0.5254054054054054,0.5554404486486486,0.18695351783783784,0.14189000864864865,0.4166627664864865,0.43537245297297295,0.5494686864864865,0.5417315070270271,0.5332896497297298,0.15747761383783784,0.16556862486486487,0.16625686897297298,0.5335572367567567,0.14338871362162162,0.640740785945946,0.2709552518918919,0.08830396691891892,1
22575,2021,1291,0.5073586367157242,0.526457398140976,0.22936337567776915,0.14204451975213014,0.35768018590240125,0.46004078621223854,0.5109168319132456,0.5022192989930286,0.5046726839659179,0.1388288034082107,0.15167235553834238,0.14589496467854376,0.5354885367931835,0.14315517428350116,0.5417609457784662,0.17634159721146397,0.2818974732765298,1
23561,2021,2677,0.5775121404557341,0.5745794957041465,0.20872382256257005,0.12390704370564065,0.3578126200971236,0.4549727007844602,0.5704563018304072,0.577385424355622,0.5801031497945461,0.15420211666044079,0.1510569097870751,0.14855525621964885,0.5377199633918566,0.14160034927157267,0.5907717923048189,0.261837163615988,0.14739104258498317,0
21916,2021,2546,0.5699135899450117,0.5745944878240378,0.1785645655930872,0.15447465082482326,0.3655791523959152,0.43415003495679494,0.5768006465043205,0.5804800267085624,0.5783512089552238,0.15105276457187747,0.14867825216025138,0.14949840573448547,0.5378586459724951,0.14132197257367388,0.48794644422623723,0.30520440259230164,0.20684915632364495,0
22293,2021,1272,0.5007861635220126,0.5518514394654088,0.1807954182389937,0.15826852279874215,0.36408484905660377,0.45072682940251574,0.487221641509434,0.4955977366352201,0.5004786029874214,0.19631059937106918,0.19948902783018868,0.195360947327044,0.5352454622641509,0.1418285093553459,0.632895966981132,0.29172008097484275,0.07538396171383648,1
23848,2021,1005,0.5751243781094527,0.5773304805970149,0.1635285054726368,0.14052229054726367,0.33689846567164183,0.4828249751243781,0.5925626666666667,0.5820963880597015,0.5863234985074627,0.13606531213930348,0.14204994746268657,0.14368619601990051,0.5418585970149254,0.1404165080597015,0.5494117174129353,0.3582895552238806,0.09229874278606966,0
23565,2021,1009,0.48562933597621405,0.5373474667988106,0.22020605946481667,0.13908342913776017,0.38089207829534194,0.4465372725470763,0.4778430426164519,0.4948176878097126,0.4882321318136769,0.1545503653121903,0.1459482260654113,0.14637722834489594,0.5363558602576808,0.14183926620416254,0.5564818790882061,0.3256402675916749,0.11787787115956393,1
22890,2021,2423,0.48493602971522903,0.5207870045398266,0.2344408080891457,0.14387317911679737,0.3593955253817581,0.42823488526619896,0.4835043066446554,0.48576382996285594,0.48847000082542297,0.1704226802723896,0.166600159678085,0.16125693561700372,0.5355637193561701,0.1399174990920347,0.5264190057779612,0.23183366075113498,0.24174732562938508,1
24126,2021,1977,0.5963581183611533,0.5824473755060728,0.19499273127530364,0.13015051720647772,0.35783280060728745,0.4681047758097166,0.6003817267410951,0.6009803615098352,0.600596510366826,0.13400065396065922,0.12916623822434875,0.12711600552897395,0.5353440030349014,0.1426847942336874,0.7341887393724696,0.18740712160931172,0.07840413557692308,0
23632,2021,571,0.5148861646234676,0.5310310805604204,0.26764313309982485,0.1354460823117338,0.32185341155866903,0.4708816900175131,0.48323380035026264,0.5094407338003503,0.5109399019264449,0.14862582977232927,0.14081317670753063,0.1423221360770578,0.5428013800350263,0.14041418108581435,0.6105231313485113,0.35763984588441333,0.03183700823117338,1
24086,2021,525,0.42857142857142855,0.4329704160305343,0.2869046393129771,0.1811089150763359,0.45062599427480915,0.41529966603053436,0.4154440308880309,0.4113390579150579,0.4165621023166023,0.18839742934362935,0.1709909613899614,0.16648038223938225,0.549070278095238,0.14319093104761904,0.7567098912213741,0.23946571946564885,0.003824399370229007,1
23769,2021,2253,0.47625388371060806,0.48944502130492673,0.3001098118064803,0.140723689747004,0.37578504438526406,0.44711224145583667,0.47890876520195297,0.48251855481580114,0.48636997203728366,0.1686876646693298,0.16526123213493119,0.1607621473590768,0.5324705548158012,0.14268029560585885,0.531711374611629,0.3044321473590768,0.16385648379937862,1
24043,2021,2728,0.5069648093841642,0.5003574429776311,0.2718753865053172,0.13246715599559958,0.3870209798313165,0.43544797121378803,0.5004380409090909,0.5040100450757575,0.5059553329545454,0.13457586231060606,0.13515135397727274,0.13538357011363636,0.5374320575513197,0.1412076451979472,0.6001081807847451,0.1980838096809681,0.20180801180784744,1
23043,2021,807,0.5291201982651796,0.5512878463444858,0.1572160531598513,0.14272319083023544,0.399948468401487,0.4260196270136307,0.513945258983891,0.5259514423791821,0.5340597534076827,0.15743496183395292,0.15112772081784387,0.14929753234200743,0.5429977187112763,0.14269739194547706,0.7213741375464684,0.14068679553903346,0.13793903767038412,0
22668,2021,984,0.5152439024390244,0.5559172926829268,0.2046682906504065,0.13707310975609757,0.3266297479674796,0.4395200680894309,0.5047758221544716,0.5082512815040651,0.5112006585365854,0.16374038414634148,0.155672724898374,0.15544742367886177,0.5364544776422765,0.14255645548780488,0.6915425548780488,0.212213712398374,0.09624373516260162,1
23614,2021,531,0.4576271186440678,0.5613079077212807,0.21027422222222222,0.15611899058380416,0.3054871807909605,0.4963979096045198,0.47655441807909604,0.4610702146892655,0.47088722975517894,0.20937952335216573,0.22172105743879472,0.21885255367231637,0.5390093973634652,0.14471107721280604,0.6775623672316384,0.28285731450094165,0.03958031544256121,1
22419,2021,1028,0.5116731517509727,0.5309063511673152,0.2181821439688716,0.1339817159533074,0.3679811147859922,0.45175853599221794,0.5256816138132296,0.5321911459143969,0.5277964717898833,0.15486465486381323,0.1486661192607004,0.1498136374513619,0.5331837110894941,0.14337908939688715,0.5298702918287937,0.2237139134241245,0.24641578988326848,1
22720,2021,2408,0.5245016611295681,0.5179347939343582,0.2860429302035729,0.1499321135438305,0.31670918113834645,0.4786944902368093,0.5255659331896552,0.525842225,0.5255063439655172,0.13906689818965517,0.13909683530172415,0.14218948103448276,0.5285412604902369,0.14302584499376816,0.4056084071458247,0.17257802949729953,0.4218135400914001,1
21998,2021,1858,0.5026910656620022,0.49787116523143166,0.2528307491926803,0.15023737244348762,0.3466884860064586,0.4461215974165769,0.4942078799784715,0.4904258649085038,0.48389077987082885,0.13163020462863295,0.14028407744886975,0.14684390522066737,0.5356303471474704,0.14066724009687834,0.4184083848223897,0.35027532777179765,0.23131628148546823,1
21432,2021,620,0.5048387096774194,0.5327444016129033,0.14533066774193548,0.1207702822580645,0.3771362741935484,0.4025237758064516,0.5175630758064517,0.513952914516129,0.5237655274193548,0.11321082177419355,0.10431775725806451,0.10498857645161291,0.5437099919354839,0.1394333706451613,0.4517691887096774,0.5257478790322581,0.022482947741935485,0
22094,2021,525,0.6133333333333333,0.4780751542857143,0.29807941714285713,0.15753713523809523,0.3444290019047619,0.4409822,0.6186886285714286,0.6065677066666666,0.600615940952381,0.11077811219047619,0.10821526342857143,0.10987830723809523,0.6040503173996176,0.12344032045889103,0.6628703771428572,0.20972653714285713,0.1274030819047619,0
22840,2021,942,0.6072186836518046,0.49643328237791934,0.2257905,0.1417693099787686,0.4333584968152866,0.41561049363057323,0.6044074246284501,0.5919245392781316,0.5779213757961783,0.10726220764331211,0.11254186751592357,0.11487089808917197,0.5772275307855627,0.1351416312101911,0.46435171868365177,0.13605194087048833,0.3995963152866242,0
24053,2021,2526,0.48139350752177357,0.47458254495049507,0.28535723207920793,0.18957850158415843,0.3459335033663366,0.5058010578217822,0.4817957417515275,0.4849735075356416,0.48421856945010183,0.1937716,0.18898697148676172,0.18711456211812627,0.5355022118811881,0.1423270632079208,0.6407923417821783,0.33238918534653467,0.02681846954851485,1
23695,2021,592,0.4780405405405405,0.534185383445946,0.2049599662162162,0.1341368733108108,0.42380678885135137,0.39500640540540544,0.45262967905405405,0.4612072381756757,0.47880309459459464,0.1833099212837838,0.19124218074324326,0.18446158445945945,0.5502763952702703,0.13914900016891893,0.5027149611486487,0.26380163006756757,0.23348341216216217,1
23112,2021,1185,0.5637130801687764,0.5789538810126582,0.17337110632911393,0.14211302869198314,0.3615536388185654,0.43219729957805914,0.5539956092827004,0.5654373974683544,0.5652481156118143,0.16184165535864978,0.15698604928270044,0.15218300607594937,0.5417819873417722,0.14132861974683544,0.5301205780590718,0.260747970464135,0.2091314717299578,0
23903,2021,2153,0.43660009289363677,0.4693484765443567,0.2836649228982815,0.18684678495123086,0.4001673088713423,0.4221365777984208,0.42686757464003716,0.43901127589410127,0.4414880236878774,0.18605097468648396,0.18166974454249882,0.18270842034370646,0.5354136999535531,0.14398700608453321,0.5124424291686019,0.3912529159312587,0.09630466014862982,1
22717,2021,1277,0.4400939702427565,0.43906614017227874,0.29358695927956147,0.13224150978856697,0.4133489326546594,0.42561996554424436,0.4498271722787784,0.45790508457321843,0.4588120305403289,0.16236495880971025,0.15765147611589664,0.15678386632732969,0.5337011637931035,0.14637835376175548,0.631716547376664,0.3083087666405638,0.05997467564604542,1
22710,2021,925,0.5578378378378378,0.5769190259459459,0.21387500432432432,0.1513037935135135,0.36045578270270273,0.4419326302702703,0.5265513924324324,0.5541773848648649,0.5575702172972973,0.13606744994594594,0.14935461243243245,0.1501944531891892,0.538746367965368,0.1402198288961039,0.5872828745945946,0.22743398378378377,0.18528314702702703,0
22735,2021,1132,0.49646643109540634,0.5130263533568904,0.21596122879858656,0.1593855265017668,0.37771409982332155,0.4618669408127209,0.5094857446996466,0.5028500406360423,0.5002463701413428,0.19152021475265016,0.1912607690812721,0.1904624886925795,0.5369112818021202,0.14250236051236748,0.5722466766784452,0.08177648657243816,0.345976843639576,1
23204,2021,618,0.4773462783171521,0.5165735970873786,0.2610884368932039,0.14665755987055015,0.4134765533980583,0.4035848365695793,0.47423088025889965,0.502501634304207,0.5086922475728155,0.1854283511326861,0.1885466343042071,0.18282301779935275,0.5425641521035599,0.1396288427184466,0.5547525728155339,0.11211186893203882,0.33313555987055016,1
23597,2021,841,0.45422116527942924,0.4876060225921522,0.264942724137931,0.17731265398335316,0.40827500594530325,0.4158104007134364,0.46807874078478,0.46618754458977407,0.46080653864447085,0.21552098085612365,0.1833272633769322,0.18303873602853746,0.5414461678571428,0.14075177857142857,0.7160942913198574,0.1659576218787158,0.11794809346016648,1
24109,2021,2918,0.5400959561343386,0.5404542872814535,0.20102620884470346,0.1939176300994172,0.3635249945149126,0.5016427020911896,0.5453977817924194,0.5458609624512929,0.5438648710591569,0.18764376167198013,0.1918428370527807,0.1941098742472547,0.534312510973937,0.14646537386831276,0.6230780929036681,0.08918619784024684,0.2877357199177237,1
23719,2021,2620,0.5889312977099237,0.6093981312977099,0.14534851984732824,0.13514176564885494,0.37900095610687023,0.42069889580152675,0.5877750805343511,0.5893253332061069,0.5917846938931297,0.15780260561068704,0.15454838328244275,0.15299833862595422,0.5364502114503816,0.14274769519083969,0.4883940240458015,0.28016438282442746,0.23144160190839694,0
22318,2021,852,0.5528169014084507,0.5833372335680751,0.22880899647887323,0.11337374530516432,0.35003528990610333,0.4402209424882629,0.561059323943662,0.567030248826291,0.5685639037558685,0.12701050598591548,0.12744207723004694,0.1365945645539906,0.5422157805164319,0.139343707629108,0.5178622969483568,0.4801329002347418,0.0020048181220657275,0
23684,2021,890,0.4842696629213483,0.47923644157303374,0.2905663550561798,0.1270775359550562,0.4318888337078651,0.3768689988764045,0.489456611235955,0.4805173820224719,0.4816712348314607,0.15750366000000002,0.16479418449438202,0.15970516898876405,0.5411034662921348,0.14238772426966292,0.6301763528089888,0.3223770280898876,0.04744659325842697,1
23306,2021,1068,0.5112359550561798,0.5607881245318351,0.17450121722846443,0.1411690468164794,0.3700675496254682,0.4312171647940075,0.5159030458801498,0.5298377537453184,0.5343121423220973,0.155078181835206,0.14608820468164793,0.1417722474719101,0.5334659878277154,0.1446220745318352,0.47533394194756556,0.3731009850187266,0.15156506367041198,0
23979,2021,1331,0.5251690458302029,0.5489238632607062,0.22740196318557476,0.11799805935386927,0.39245112396694215,0.39974368294515406,0.5226925229151015,0.5391341893313298,0.5346254530428249,0.1270047944402705,0.11658367670924116,0.11420131081893313,0.536704345112782,0.14301934263157895,0.5479838279489107,0.1525442501878287,0.2994719429000751,0
24118,2021,486,0.49588477366255146,0.5345762845360825,0.24020141670103096,0.14286557608247422,0.3988480927835052,0.4038649690721649,0.482140567032967,0.49120904175824176,0.4928537648351648,0.1520114241758242,0.15295637362637363,0.15146326791208792,0.5321652222222222,0.14248997736625515,0.6318057402061856,0.22787800762886598,0.14031624536082477,1
22249,2021,1572,0.5,0.5326159230279899,0.21855086577608143,0.13174402735368956,0.37015655407124687,0.43726987022900765,0.4879671145038168,0.49627854898218826,0.49603640330788806,0.1464021239821883,0.14190550674300254,0.1388398530534351,0.5383883734096693,0.1431562886768448,0.480033106870229,0.043632117684478375,0.4763347824427481,1
22759,2021,2609,0.49904177845917974,0.5070711855116903,0.22685740590264472,0.14238621502491375,0.3831377677270985,0.41920629398236875,0.492879850134151,0.49716203296282097,0.4970813825220391,0.14544416730548104,0.14356326600229974,0.1441176105787658,0.5363950141816788,0.14015234771943275,0.4368240781908777,0.39031549942506705,0.1728604338827137,1
23628,2021,518,0.5308880308880309,0.5315192992277993,0.20350331467181468,0.17849219691119692,0.3699153687258687,0.4398606370656371,0.4889027393822394,0.5008439478764478,0.506200972972973,0.2175469494208494,0.20592015424710425,0.18214127220077223,0.5476759324324324,0.13871820907335908,0.5129250347490348,0.24422314478764479,0.24285181853281854,1
22583,2021,671,0.4783904619970194,0.48325597764530553,0.2779619508196721,0.14670689269746648,0.3953614426229508,0.4287889925484352,0.4930623576751118,0.476427086438152,0.47737528315946354,0.12118024277198212,0.12758428524590165,0.12730441564828615,0.5393479448584203,0.14193974068554396,0.5761181222056632,0.17519260655737703,0.2486892697466468,1
22667,2021,365,0.3863013698630137,0.4287938575342466,0.3604110794520548,0.1355595021917808,0.4088078,0.4118252684931507,0.375294895890411,0.3977026904109589,0.4280890164383561,0.1869430293150685,0.16080560219178083,0.14999284136986302,0.5383788876712329,0.1435470095890411,0.5211908684931507,0.4203323698630137,0.058476747397260276,1
22905,2021,331,0.525679758308157,0.5368872749244713,0.19724816616314197,0.14715589425981873,0.3568680604229607,0.47179313293051356,0.47559486404833834,0.5350896646525679,0.5289249637462236,0.2383660728096677,0.1621731003021148,0.15958970151057403,0.5353383595166163,0.14317307250755287,0.3836417432024169,0.18698382779456194,0.4293744320241692,1
22908,2021,2436,0.5747126436781609,0.5474376954022989,0.1602272286535304,0.13191655008210182,0.39659682430213467,0.4174698747947455,0.5702317175697865,0.5708383448275862,0.5672730180623974,0.13719294051724137,0.13929708345648606,0.13782369293924465,0.5322817190965092,0.1427324832443532,0.5184074191297209,0.3639375710180624,0.1176550209359606,0
23638,2021,1470,0.5653061224489796,0.585898356462585,0.17839255170068027,0.14419750476190477,0.40534443469387754,0.4042978340136054,0.5846589047619047,0.5609228081632652,0.5609772959183673,0.09983168897959184,0.11466881700680273,0.11810858258503402,0.5575371326949384,0.13791423358413132,0.5613732680272109,0.2802468605442177,0.15837987891156463,0
23853,2021,1276,0.5235109717868338,0.49486226567398117,0.2667697805642633,0.13654297413793104,0.39265056896551725,0.4030705736677116,0.5256017092476489,0.5273624278996865,0.5318840987460816,0.1039982155172414,0.10745733126959246,0.10868390689655172,0.5395091482352941,0.1394303276862745,0.6022082735109718,0.25992690673981195,0.1378648299373041,0
22547,2021,886,0.5237020316027088,0.47052219074492097,0.2417266546275395,0.14647303273137696,0.3575015586907449,0.47370332054176073,0.5112860756207674,0.5139698611738149,0.5089416738148984,0.12162474830699775,0.12700874514672686,0.1286011414221219,0.5447630282485876,0.14177178305084745,0.4429805045146727,0.5564950011286682,0.0005245023702031603,1
22435,2021,858,0.6118881118881119,0.5922591083916084,0.15407133216783217,0.12623836247086248,0.35715332284382284,0.4440343543123543,0.6128471293706294,0.6024509358974359,0.5893628857808858,0.14257279195804196,0.14418529720279719,0.14587703613053613,0.5384325466200466,0.14052162703962703,0.4501925303030303,0.4232201351981352,0.12658732867132869,0
23915,2021,2351,0.5686941726924712,0.5621369663972777,0.19201632922160783,0.15697378136962994,0.3398628234793705,0.4735114313058273,0.5662942730752871,0.5661897269247129,0.5625229404508719,0.14582595848575075,0.14958486899191833,0.15292054444917058,0.5337667012765958,0.14306923387234044,0.4794483270948533,0.27726370523181626,0.24328796894938323,0
22996,2021,817,0.5348837209302325,0.5708667319461445,0.18481859608323134,0.13766787270501837,0.34699358261933905,0.4732752631578947,0.5503477209302325,0.5426676829865361,0.5436488922888617,0.15589125483476132,0.16127372802937576,0.1632852671970624,0.5391293794369645,0.14251401395348837,0.6038963733170134,0.09349926499388005,0.30260437698898407,0
22834,2021,1461,0.46338124572210815,0.4968948891170431,0.2309984004106776,0.14998032717316906,0.38089813141683776,0.41671887816563996,0.45204469746748804,0.44691082683093775,0.4480561656399726,0.17292473292265573,0.17405026899383982,0.17639942026009583,0.5421843661875427,0.1394003198494182,0.5478443121149897,0.35899937577002056,0.09315629664613279,1
23871,2021,732,0.5314207650273224,0.567597606557377,0.15723436612021857,0.17672674863387977,0.39348518715847,0.42060919125683055,0.5630572049180328,0.5657249098360656,0.5654535163934427,0.18429264767759562,0.18499362158469945,0.18483517759562842,0.5332579330601093,0.14377320765027324,0.5188006516393442,0.3004032472677595,0.180796131147541,1
23235,2021,1092,0.5815018315018315,0.6052498818681319,0.16388284432234435,0.14962387545787545,0.34244358241758244,0.44694096978021974,0.6004494652014652,0.5864911730769231,0.5882767399267399,0.15506438214285714,0.15355214578754578,0.1558012120879121,0.5355541365719524,0.1445173723189734,0.48635889102564106,0.30976471794871796,0.20387636813186813,0
22427,2021,799,0.5494367959949937,0.5560245869837297,0.17533152065081353,0.12868700500625782,0.36090835043804753,0.41655831789737174,0.5534683617021277,0.5372921151439299,0.542628634543179,0.16028600350438046,0.16888570826032542,0.1635471859824781,0.5456510563204005,0.14308694305381728,0.5244870600750938,0.4204224042553192,0.05509054180225282,0
22785,2021,757,0.5376486129458389,0.48083469484808455,0.2708949233817701,0.17709292734478205,0.4048077424042272,0.4192300541611625,0.4928215442536327,0.49145725231175696,0.49798431043593133,0.17853341321003963,0.17279580052840157,0.16925907001321006,0.5530052351387054,0.1377246599735799,0.5571066499339498,0.21871439233817702,0.2241789603698811,1
24115,2021,1643,0.48569689592209375,0.4959288272838003,0.319249236906212,0.11812667862362972,0.4057312588306943,0.4410517588306943,0.49157286786401544,0.48854537203335474,0.4914287735728031,0.13145734855676716,0.1272555484284798,0.12517725926876203,0.536744652465003,0.1426288597078515,0.5792917941534714,0.20482964025578562,0.2158785461632156,1
24117,2021,527,0.40227703984819735,0.43594930988593156,0.3460218019011407,0.12218997680608365,0.4582533098859316,0.41070417490494293,0.3817741896207585,0.3969810698602795,0.40165496606786427,0.12599388103792414,0.11822280399201597,0.12342489181636727,0.5334702281368822,0.14114845513307983,0.6510906977186312,0.31029046768060836,0.03861884600760456,1
22899,2021,568,0.5,0.5326933873239437,0.21605203345070423,0.14788018485915494,0.4089374295774648,0.4031605,0.4885122799295774,0.4995898820422536,0.511535184859155,0.1880810366197183,0.18041619471830986,0.17079012852112677,0.5357885176056338,0.14195922183098592,0.6490686989436619,0.32822202288732394,0.022709288908450705,1
23590,2021,1088,0.44485294117647056,0.48714761121323535,0.2590920689338235,0.14456967279411767,0.37319948897058824,0.42746638419117644,0.4602798283088235,0.45677872702205885,0.45517217095588236,0.18041417803308823,0.1820698997242647,0.1792343578125,0.5352285431985294,0.14175021654411765,0.462410953125,0.43103097977941174,0.10655806056985295,1
23458,2021,1051,0.47954329210275926,0.5214959343482397,0.24978996194100855,0.10745965080875357,0.42780697811607993,0.3883356260704091,0.5032371769743103,0.5070684291151284,0.5112203824928638,0.1166376986679353,0.10942540019029495,0.11100879524262607,0.5351481189343482,0.14093489628924835,0.5483391788772598,0.21113531018078022,0.2405254995242626,0
23772,2021,718,0.5055710306406686,0.517702717270195,0.24808506545961004,0.11403091922005572,0.3861486559888579,0.40793852785515317,0.5188205974930362,0.5153625682451254,0.5169178370473537,0.1319198548746518,0.12573582270194986,0.12391445334261839,0.5382712228412256,0.13991986545961002,0.5131338412256268,0.2754475835654596,0.21141857799442898,0
23105,2021,406,0.6133004926108374,0.5086012783251231,0.22277888669950738,0.158998197044335,0.4166119556650246,0.4178004113300493,0.5648321625615763,0.5401927438423645,0.5347666108374384,0.17604157980295568,0.15007675615763547,0.14862906403940884,0.5583106477832512,0.13686959261083745,0.591622790640394,0.30365276354679804,0.10472442118226602,1
22131,2021,1250,0.6616,0.6863148736,0.080362226,0.08712583727999999,0.38039748479999996,0.3952366136,0.6430746632000001,0.6529783968,0.6559376304000001,0.12613109552000001,0.1146789616,0.11147631736000001,0.54179378,0.138816534,0.3973066312,0.2474455992,0.3552477624,0
23593,2021,2490,0.5224899598393574,0.5489953899598393,0.23722158473895583,0.15684249156626506,0.34531647871485943,0.45191777670682737,0.536327775502008,0.5321190353413655,0.533870854618474,0.17590889634538154,0.17364022365461848,0.17599978152610443,0.5334201943775101,0.14356931365461847,0.36463154136546183,0.3219314831325301,0.3134369497991968,1
24038,2021,994,0.44466800804828976,0.4568691611278953,0.36894355387714,0.1199094755287009,0.4327062124874119,0.42753711681772405,0.4626129161147903,0.4399049591611479,0.4398764426048565,0.11976183145695364,0.12282793774834438,0.11819628752759381,0.5399707786720321,0.13966909114688128,0.5919745931520645,0.4004596072507553,0.007565812467270896,1
21813,2021,446,0.47533632286995514,0.5349235067264574,0.20053309865470853,0.11572450448430494,0.38784487443946186,0.41764126233183857,0.49234298206278027,0.4662075650224215,0.47673959641255603,0.16254962668161435,0.16120944843049329,0.15075618385650225,0.5427963116591928,0.13992529551569508,0.366904298206278,0.4807025,0.15239319506726456,1
22180,2021,322,0.5590062111801242,0.58266050310559,0.22027959627329194,0.10988482608695652,0.33649924844720497,0.43912365838509315,0.5817207484472049,0.5817673509316771,0.591902198757764,0.11828141863354037,0.09648075217391305,0.09357307826086957,0.5446777608695652,0.1391836906832298,0.29131494409937886,0.6907576677018633,0.017927379813664598,0
22469,2021,1430,0.5909090909090909,0.5308636,0.23261207762237762,0.1281333020979021,0.3692137433566433,0.43270118321678325,0.5883294748251748,0.5816914993006993,0.575065558041958,0.10257812034965035,0.09765413447552448,0.0995961793006993,0.566109278516445,0.13518867172848145,0.4661892048951049,0.3455446041958042,0.18826618111888113,0
21936,2021,1426,0.5070126227208976,0.528543427769986,0.2136534137447405,0.13911695301542776,0.396441556802244,0.42574329172510517,0.48998643057503505,0.5060075792426367,0.5071756388499299,0.18746396998597475,0.1598842033660589,0.15787828141654978,0.5440642798036466,0.13984929845722302,0.46380634291725104,0.45471636044880787,0.0814773064516129,1
22380,2021,2522,0.5226011102299762,0.5410645816812054,0.22551650911974624,0.13396470816812053,0.35053684615384617,0.4565008104678826,0.5281964365582871,0.5328937006344171,0.536694787073751,0.12469746431403649,0.12597366181601902,0.12378957311657415,0.5362928025376685,0.14341317890563046,0.488969733148295,0.18647004599524186,0.32456022363203807,0
23293,2021,1261,0.5432196669310071,0.5666294195083267,0.23844664393338622,0.10318572783505155,0.3815021736716891,0.4450925662172878,0.5502911798572562,0.5519336788263284,0.543322605075337,0.11005320896114194,0.11795136582077717,0.11524158889770024,0.5358788223632038,0.14371107486122126,0.4751326130055512,0.11279670785091198,0.4120706534496431,0
22277,2021,1970,0.5477157360406092,0.48342793401015227,0.24794010710659897,0.15999846040609136,0.3759467416243655,0.44903283553299495,0.5325232563451777,0.5276054,0.5145896187817258,0.12841068431472083,0.13185951289340103,0.13629899695431472,0.5495903094512194,0.1385229594512195,0.44486990862944165,0.26486099035532995,0.29026909086294417,1
24085,2021,2370,0.47890295358649787,0.5127823921485859,0.2335658611439426,0.13921671173490924,0.40510800928661883,0.45186291810890666,0.4805890561450044,0.48927873961096374,0.49636586693191864,0.14230891198054818,0.1412348233863837,0.13922373231653404,0.5337826264246518,0.14420025238497255,0.5824430316589279,0.37205213972140144,0.0455048187294217,1
23759,2021,400,0.4425,0.5173510499999999,0.22445653,0.1608237775,0.3907067775,0.4458659775,0.4468261425,0.4208304175,0.4113020825,0.20398893075,0.19761999875,0.2034076725,0.5503111175000001,0.13814514475,0.7307537125,0.26321649999999996,0.006029837225,1
22508,2021,756,0.5119047619047619,0.5257178134920635,0.22085674603174604,0.1509584298941799,0.3325044285714286,0.4985413597883598,0.5124919206349207,0.5151738108465609,0.5147865185185185,0.14228509047619048,0.1369339253968254,0.1358489455026455,0.5319669470899471,0.1434428029100529,0.7021685211640211,0.2441591626984127,0.053672333333333336,1
23782,2021,2290,0.5344978165938865,0.5703569148471616,0.18199002620087337,0.12422276069868995,0.33818861746724893,0.46609264628820957,0.540339188209607,0.5444185462882095,0.5467880253275109,0.14486747244541487,0.1426360605676856,0.1404207650655022,0.5354444864628821,0.14271317323144106,0.5448107899563318,0.2825018323144105,0.17268738471615722,0
23951,2021,318,0.5974842767295597,0.5486149433962264,0.1759954937106918,0.15091272327044025,0.414158034591195,0.4120640597484277,0.5109362767295598,0.5487299496855346,0.5550029371069183,0.20921250094339625,0.1734276540880503,0.16642378930817608,0.5648758081761006,0.13612946729559747,0.5759947955974843,0.3604414245283019,0.06356379402515723,1
23648,2021,631,0.5451664025356577,0.521472500792393,0.19014743740095089,0.15295546909667193,0.35414633280507135,0.4502539556259905,0.5330693185419968,0.5292948716323297,0.5284811394611727,0.13173049778129953,0.1408458565768621,0.13961381236133122,0.5376100491283676,0.14265731870047543,0.609168559429477,0.29819204912836766,0.09263940110935023,0
23496,2021,432,0.5601851851851852,0.5528871087962963,0.20305408564814814,0.14310506712962964,0.346916212962963,0.4140754166666667,0.585082,0.566206574074074,0.5684341157407408,0.0951682875,0.11497483217592593,0.11144101967592593,0.5343671967592593,0.14424376180555556,0.8032074004629629,0.1805141041666667,0.016278469675925927,0
22389,2021,1400,0.5814285714285714,0.5834855892857143,0.19263843714285714,0.12217277928571428,0.3478675214285714,0.45368516785714286,0.5882173035714285,0.5778838821428571,0.5851376757142858,0.12561607542857142,0.14007712507142858,0.1387786597142857,0.5329953942857143,0.14274883714285716,0.5942069064285714,0.33435178428571427,0.07144130035714286,0
22932,2021,402,0.5472636815920398,0.535074828358209,0.20900927611940298,0.16550058457711442,0.41889564179104477,0.4236342711442786,0.559972447761194,0.5355317437810945,0.5441983557213931,0.1739224380597015,0.18136210248756218,0.17231093034825873,0.5447391641791045,0.14425360597014927,0.6516690348258707,0.24230475373134328,0.10602623507462686,1
22253,2021,400,0.56,0.565398465,0.214972115,0.10411022750000001,0.36875096999999996,0.45043529,0.5467806825,0.5414673675,0.5433572825,0.1466320975,0.125693458,0.11487001875000001,0.538646915,0.1406845035,0.49241771,0.4125648775,0.09501739025000001,0
23852,2021,2107,0.5007119126720455,0.4843880564784053,0.2491395457997152,0.1443882282866635,0.37987218889416235,0.4396742363550071,0.4927723251067869,0.49689007071665875,0.494180132415757,0.10809571063122923,0.10717679055529189,0.1101869451352634,0.5379433445657333,0.1437186023255814,0.5207530821072616,0.44678533222591366,0.032461576791646886,1
23672,2021,1014,0.46548323471400394,0.5258671252465483,0.24238116962524656,0.1264179526627219,0.3745841725838264,0.4240650118343195,0.4690325769230769,0.4629493500986193,0.4597230976331361,0.1646431986193294,0.1486072564102564,0.1439170956607495,0.5375015828402367,0.14458874250493095,0.5523013451676528,0.25457692702169626,0.19312176232741618,1
21441,2021,1049,0.561487130600572,0.5624561439466158,0.19660156530028597,0.1419316005719733,0.36378971496663487,0.42605817063870355,0.5701531630123927,0.5791817044804576,0.57798504957102,0.12995276796949476,0.13098841601525263,0.12941697712106767,0.5348170762631077,0.1446072230695901,0.3498296234509056,0.42635174356530026,0.2238186043851287,0
23554,2021,1103,0.4932003626473255,0.5091474306436989,0.23322982139619222,0.15815076881233003,0.4027660888485947,0.41926957388939257,0.49777452039891207,0.5169763454215776,0.5176200380779692,0.13880341233000906,0.14759644116047144,0.15057933363553946,0.5341668023572076,0.14306397869446963,0.5942865240253853,0.2926313508612874,0.11308214025385313,1
23500,2021,991,0.5509586276488395,0.6543086508577195,0.14863693985872856,0.12790312018163472,0.374175053481332,0.46199143491422806,0.6083378607467205,0.6016874399596367,0.618979213925328,0.16607701624621593,0.1394574988900101,0.13161018647830475,0.5268749223007064,0.14581447628657923,0.48225315741675073,0.28342386276488396,0.23432297275479314,0
23542,2021,305,0.6721311475409836,0.5654885081967214,0.14977658032786886,0.1935904655737705,0.37283320655737706,0.44160566229508197,0.6444311311475409,0.6141402131147542,0.5894543606557378,0.1446099813114754,0.16091489245901638,0.17274653770491805,0.5877162163934426,0.1269033324590164,0.5360737573770492,0.32352902622950824,0.14039719344262297,0
22368,2021,824,0.5145631067961165,0.5457599866504854,0.23184525242718448,0.12293532160194175,0.37707984708737863,0.43706557766990295,0.5273163495145631,0.5269174089805825,0.5268718992718446,0.11666090995145631,0.12331401516990291,0.12219911371359224,0.5500762430133657,0.1391156929526124,0.5142539781553398,0.48020696844660193,0.005539056759708738,0
24133,2021,866,0.5554272517321016,0.5206214346820809,0.22919827664739886,0.14799755375722545,0.39921000693641623,0.4162435942196532,0.5227881951515151,0.5243915793939393,0.522614863030303,0.13396742096969697,0.1306009846060606,0.136758472,0.547291092378753,0.1362786682794457,0.5989276635838151,0.13738920427745666,0.2636831583815029,0
23703,2021,455,0.5010989010989011,0.550033934065934,0.26046805934065936,0.11318169010989011,0.38003266813186815,0.41284890329670326,0.5102124857142857,0.5059918681318681,0.5040954637362638,0.09949314395604396,0.11971505230769232,0.12289554769230769,0.5419158414096916,0.14101212995594714,0.6005249274725274,0.29671229230769236,0.10276279076923078,0
23953,2021,473,0.5137420718816068,0.47963005496828753,0.23476551374207189,0.17088582875264272,0.4097747061310782,0.39396634883720927,0.5099760739957717,0.49205555602537,0.4880223044397463,0.1312004272727273,0.14877897230443973,0.14841820930232558,0.5441239408033827,0.14239403805496828,0.5868826384778012,0.18053527484143764,0.23258211627906977,1
23540,2021,1737,0.5273459988485896,0.5572592233736327,0.2066385578583765,0.16246227748992517,0.4021806534254462,0.43132973172135863,0.5322965716753023,0.5291522084052965,0.5291933483016695,0.16579958739205528,0.1696416862982153,0.16983045020149684,0.5362358508923432,0.1417479479562464,0.47609801842256766,0.44764995221646514,0.07625201767415084,1
23747,2021,398,0.5175879396984925,0.48548298241206034,0.2578332236180904,0.15664461557788945,0.43605482412060304,0.3713311055276382,0.4807960477386935,0.4844051809045226,0.4855457261306533,0.18981587914572864,0.16882023994974873,0.18295776130653266,0.5544209849246231,0.13885630603015076,0.6474754824120603,0.21394664070351757,0.1385778731155779,1
24056,2021,1257,0.543357199681782,0.5209349904458599,0.24818298646496814,0.13686493550955414,0.32910897929936306,0.46567216162420383,0.5591193445243805,0.5506826043165468,0.5483295587529976,0.13979005195843325,0.1454140442046363,0.1471768294964029,0.5397219713147411,0.14385606796812747,0.47653800079617836,0.12274277547770701,0.400719201433121,0
22163,2021,514,0.585603112840467,0.5941894241245136,0.13156711284046693,0.128636313229572,0.3524302315175097,0.43150724902723736,0.5612609299610894,0.5494921789883269,0.5497030739299611,0.11624113696498055,0.12763482976653698,0.13300358443579766,0.5413888635477583,0.14509876218323586,0.46448469649805446,0.10989880155642023,0.42561648832684823,0
24089,2021,737,0.5237449118046132,0.5289747146739131,0.24650877309782607,0.1479281535326087,0.38345742527173915,0.41796767663043477,0.48154564027777774,0.5054255180555555,0.5070047291666667,0.1642303886111111,0.14180372958333334,0.14633952666666666,0.5371861872455903,0.14294695956580733,0.595283120923913,0.3159422433423913,0.0887746387228261,1
23555,2021,1940,0.4505154639175258,0.4507476240330067,0.3262124296028881,0.13261811707065496,0.43328293398659107,0.4055191789582259,0.4431168955866523,0.4527815468245425,0.45733472604951564,0.14586546038751347,0.13987170624327236,0.13702080635091496,0.5340172541237114,0.1440836470103093,0.6366237612171223,0.2341100655492522,0.12926615843218153,1
21622,2021,500,0.594,0.554542098,0.150839552,0.15689861400000002,0.442653896,0.35833904,0.623240566,0.587677256,0.57180209,0.1112309788,0.1287223778,0.1408634334,0.549179304,0.1377310172,0.463310016,0.35950111199999996,0.17718885599999998,0
22761,2021,647,0.5332302936630603,0.5547224204018547,0.20498991499227204,0.08412607125193199,0.42884339567233387,0.412019343122102,0.4993140262751159,0.5128687187017001,0.5191059180834622,0.12910440092735703,0.10403197573415765,0.10484771020092735,0.5439697511591962,0.1415300262751159,0.39088757032457494,0.4168094775888717,0.19230295672333847,0
23092,2021,673,0.5423476968796433,0.4789787013372957,0.26739780237741456,0.12518554680534918,0.4511623863298663,0.40561352748885593,0.5210439836552749,0.4806678053491828,0.4688658870728083,0.11380577548291233,0.11774500312035661,0.11868004962852899,0.5690167949479941,0.135325894205052,0.7131014665676078,0.13054947548291235,0.15634905497771173,1
23347,2021,861,0.521486643437863,0.5097813767441861,0.2384890418604651,0.1671363731395349,0.3942323825581395,0.4104516034883721,0.5243944628297362,0.5184089628297363,0.5162808405275779,0.16473037637889687,0.17224753705035972,0.16919394112709832,0.5361184518002323,0.1431328350754936,0.5266191790697674,0.26861429186046515,0.20476653,1
23231,2021,755,0.6701986754966888,0.6228431562913908,0.14435992052980132,0.12438058013245032,0.3780885483443709,0.44694340927152315,0.6544622569536425,0.6551549973509934,0.6494783496688742,0.08672592437086094,0.09524895894039735,0.09448766026490066,0.5926904384105961,0.13083186066225166,0.5256069443708609,0.38155575894039734,0.09283731708609272,0
23101,2021,534,0.41760299625468167,0.4739071966292135,0.24983817228464417,0.20081791573033708,0.3853928764044944,0.4457935224719101,0.4201884531835206,0.41967500374531835,0.4346736872659176,0.20542379419475656,0.2151823033707865,0.22186956554307116,0.541986660412758,0.14274717636022513,0.40245880898876407,0.5504692059925094,0.047072012921348313,1
23426,2021,661,0.6308623298033282,0.5844658668683812,0.19393735552193644,0.12568753857791226,0.3862418593040847,0.4167961679273828,0.6319588396369137,0.6256102602118003,0.6146018698940999,0.0942888323751891,0.09731024886535553,0.09713040965204237,0.5852140726172466,0.1271295467473525,0.5760291770045386,0.3951918698940999,0.028778972314674738,0
23504,2021,1415,0.5166077738515901,0.5087212107496464,0.30766220297029706,0.12875556364922208,0.3825438168316832,0.42233631046676096,0.515215150615496,0.5109917023895727,0.513909868211441,0.13776224503982623,0.13770744286748732,0.13789739341057206,0.5297023821656051,0.14410890870488324,0.5028473323903819,0.296220130834512,0.20093252475247522,1
21994,2021,764,0.5379581151832461,0.5254091439790576,0.19948812958115184,0.1428262552356021,0.3870588704188482,0.43980846989528793,0.5593852853403142,0.5321824973821989,0.5293638573298429,0.14892872434554974,0.1553298157068063,0.14964914162303664,0.5386626034031413,0.14380564044502617,0.4105692081151832,0.3970178337696335,0.19241294764397904,1
22615,2021,515,0.5029126213592233,0.495266,0.3050920875486381,0.1352381852140078,0.4398879630350195,0.39611454085603115,0.5191720456521739,0.5088143956521739,0.5074326978260869,0.11545392173913044,0.1268560456521739,0.12839085652173912,0.5331206427184466,0.14348929417475728,0.433927626459144,0.5401250175097276,0.02594737392996109,1
23518,2021,2154,0.5649953574744662,0.5920529962859795,0.15484089415041782,0.15397137929433613,0.3622050027855153,0.4529552177344475,0.5766027251624883,0.572063326369545,0.5758959229340761,0.16734175283194055,0.16880017780872794,0.16990881801299906,0.5380349391829156,0.14159485701021354,0.480561930362117,0.34316317966573817,0.17627489229340762,0
22154,2021,524,0.5114503816793893,0.5314086049618321,0.21936700954198474,0.13293435114503818,0.3955107423664122,0.43504241221374046,0.5125868492366412,0.4844283187022901,0.4865655896946565,0.1524820917938931,0.15502193816793894,0.1504080961832061,0.5431607633587786,0.1408955026717557,0.5596122919847328,0.34782943129770993,0.09255829580152672,1
22731,2021,502,0.5637450199203188,0.5297896992031873,0.2511162250996016,0.15976000796812748,0.3430786175298805,0.4845455816733068,0.5185435836653386,0.5319649183266931,0.52431596812749,0.13885124820717132,0.13692706832669324,0.14600107091633466,0.5374865597609563,0.14223632689243026,0.7171974163346613,0.16852865537848605,0.11427393944223108,1
24042,2021,383,0.5091383812010444,0.4998010497382199,0.2790349083769634,0.18925463612565446,0.42634175916230366,0.4110592591623037,0.5098207008547009,0.4717760541310541,0.48572233903133905,0.13690778347578347,0.16951786723646722,0.17544649857549857,0.5453048929503916,0.14283556657963445,0.5841769031413613,0.3563022905759162,0.059520829319371735,1
23307,2021,855,0.4409356725146199,0.5076856187134503,0.24750130409356727,0.14447937426900584,0.36774227719298247,0.42834338479532164,0.4475994081871345,0.43639144210526315,0.4384441321637427,0.16689465941520468,0.16929686058479532,0.17426769812865495,0.5360152584795321,0.143815545497076,0.529276143859649,0.27919008538011697,0.19153376140350878,1
24063,2021,837,0.4994026284348865,0.48122677511961726,0.23397951076555026,0.20688780789473682,0.39020292105263155,0.48031790311004785,0.4967556001213592,0.49454129854368933,0.48788659223300973,0.17452534283980584,0.17210280618932036,0.1737343057038835,0.5360737311827957,0.14155299426523296,0.6487590131578947,0.3505956794258373,0.000645314114832536,1
23411,2021,942,0.5828025477707006,0.5468717409766455,0.17852914543524415,0.1257679161358811,0.3654543853503185,0.4508395721868365,0.571566237791932,0.5541435318471337,0.5428829649681529,0.11295554108280255,0.11394721825902335,0.11396572080679405,0.542848508492569,0.13787878099787687,0.5019041549893843,0.41469555307855627,0.08340030169851381,0
22621,2021,471,0.5329087048832272,0.5500905053078556,0.2236296348195329,0.1017739983014862,0.40793640976645434,0.4040327452229299,0.5312417728237792,0.5305493184713376,0.516160898089172,0.13307617070063693,0.1187645864118896,0.11907672420382166,0.5366106730360934,0.1414302203821656,0.5218583970276008,0.3462234501061571,0.13191810615711252,0
22278,2021,1216,0.615953947368421,0.45636192434210526,0.2617250386513158,0.18564431907894738,0.4137880863486842,0.3972671208881579,0.6161913618421052,0.5935584087171053,0.5805644917763157,0.10616743758223683,0.12182586373355263,0.1294699042763158,0.5650303069306931,0.1379157689768977,0.6065636685855263,0.29957554029605266,0.0938607974506579,0
22136,2021,308,0.4935064935064935,0.48342044805194806,0.26706162012987017,0.12722817207792206,0.43429745779220785,0.3954833181818182,0.5179168246753247,0.49846023376623383,0.48064648376623376,0.1552339288961039,0.14536480844155844,0.14332225,0.5488067435064935,0.13530614642857142,0.552266,0.26653371428571426,0.18120032467532468,1
23459,2021,802,0.543640897755611,0.5024311610486891,0.24648363470661674,0.1327635143570537,0.3998543508114857,0.41866274282147314,0.5317755450507614,0.5252618604060914,0.5230910228426395,0.13158049517766499,0.12688020723350255,0.12685141789340101,0.5402007078651685,0.1402340595505618,0.6142145493133583,0.27004101373283396,0.11574446779026218,0
22015,2021,614,0.42996742671009774,0.4302358501628664,0.2899747459283388,0.1591777638436482,0.45360346742671004,0.4084061596091205,0.4137082768729642,0.43197357166123773,0.4328488648208469,0.1692804394136808,0.14298685830618893,0.14613032377850163,0.5323687508143322,0.14450998631921824,0.527635480456026,0.4329643664495114,0.03940014364820847,1
22541,2021,377,0.4509283819628647,0.5189272148541114,0.2604809098143236,0.11270551618037135,0.42230971087533153,0.38594566843501327,0.43964337400530507,0.44771857029177714,0.45727877718832893,0.13973086366047746,0.13284101564986736,0.134368674801061,0.5489378647214854,0.13834528620689657,0.5895274297082228,0.3484273103448276,0.06204528381962865,1
22925,2021,767,0.5267275097783573,0.5240373794002607,0.2185958109517601,0.16054123989569752,0.38914247979139505,0.43031625423728814,0.5279578239895697,0.5392728252933507,0.5419129908735333,0.17342694028683184,0.1773137629726206,0.17862059348109519,0.5378878709256845,0.1413104769230769,0.5347863402868318,0.3971897066492829,0.06802394967405476,1
22721,2021,744,0.5793010752688172,0.5822554104979811,0.19427989502018844,0.1561137725437416,0.36846291790040375,0.4252729380888291,0.5793373378746595,0.5886325640326976,0.5868447247956403,0.1381417189373297,0.14070249972752044,0.1471747326975477,0.5344736196236559,0.1443933938172043,0.49087452489905786,0.22003100148048452,0.28909445625841185,0
23498,2021,301,0.4883720930232558,0.4898133687707641,0.24009223588039869,0.14252396677740864,0.4184124584717608,0.388119,0.38423615282392026,0.41075821594684386,0.42556172093023253,0.11818674418604651,0.13622328239202658,0.13677825913621264,0.5349917607973422,0.14208782093023256,0.6213306279069768,0.2976576146179402,0.08101176411960133,1
23418,2021,674,0.6201780415430267,0.5584020698365527,0.23936535066864786,0.08522719049034175,0.35915818870728083,0.44536592124814267,0.5965796315789473,0.6110051263157894,0.612440815037594,0.11168040646616541,0.09607340781954887,0.09205259714285714,0.5712153233979136,0.13312257704918032,0.6634805185735513,0.3184627340267459,0.01805676534918276,0
24129,2021,1040,0.48653846153846153,0.48872052261790183,0.2627493589990375,0.17255230895091433,0.42017461405197304,0.3929430895091434,0.4733727384140062,0.47964712152420186,0.47551150978372814,0.17758970308959834,0.16741231307929968,0.17079722039134912,0.5380290278846154,0.14199344817307694,0.5953107690086621,0.23169483416746872,0.1729943820981713,1
21795,2021,525,0.56,0.47121536190476193,0.23931221523809523,0.17630331999999999,0.35886752,0.4496555371428571,0.5713167466666667,0.5131294723809523,0.49127108952380955,0.1473158860952381,0.11674294266666667,0.1338511161904762,0.5491163028571429,0.1427484685714286,0.43629917904761906,0.3988446171428572,0.16485623428571428,1
23229,2021,1203,0.6334164588528678,0.5500886722129784,0.2348815224625624,0.10896397004991681,0.3866216306156406,0.45033498252911813,0.6258590129645635,0.6082466724286949,0.597272088159032,0.1071767066551426,0.10574421598962835,0.10453335185825412,0.5811597943380515,0.13068424221482097,0.6573485224625624,0.2673773477537437,0.07527412637271214,0
21875,2021,363,0.5316804407713499,0.5448811845730027,0.19522570798898073,0.13057706887052342,0.3646411707988981,0.4577298071625345,0.5014799311294766,0.5057223553719008,0.5082116170798898,0.17330926721763087,0.15671874986225895,0.16440688595041322,0.534888650137741,0.14236405041322314,0.4132162121212122,0.37586141046831956,0.21092232782369147,1
22675,2021,721,0.5256588072122053,0.5507066768377253,0.2410887517337032,0.11948962829403606,0.36550498196948683,0.4282279389736477,0.5240723273231623,0.5213516338418862,0.5196380485436893,0.12982330013869625,0.1297334721220527,0.12684372579750347,0.5378017739251041,0.1406631504854369,0.6252535894590846,0.23547771428571432,0.1392687087378641,0
23927,2021,309,0.5631067961165048,0.5134126266233766,0.2529561883116883,0.10632846753246752,0.4400198474025974,0.40240034090909094,0.5773467587719299,0.524675495614035,0.5105433245614035,0.14147789824561405,0.1251288956140351,0.12363789561403508,0.5782727216828479,0.12934801812297733,0.4437894577922078,0.11434145681818182,0.441869,0
21940,2021,610,0.5262295081967213,0.5992777852459017,0.16353419016393442,0.12701204918032788,0.3437485491803279,0.44335133278688527,0.5132282737704918,0.5215008557377049,0.5378252590163934,0.15466965606557379,0.15967307852459017,0.15760408754098362,0.5336487983606557,0.1422089962295082,0.4464462229508197,0.26988769672131147,0.2836660967213115,0
22596,2021,517,0.6189555125725339,0.6571478471953578,0.1216306500967118,0.10831882398452612,0.3645558742746615,0.4283457698259187,0.619818839458414,0.6045977234042553,0.6235683713733075,0.12317619148936171,0.13543790483558996,0.12909067988394582,0.547320984496124,0.138102642248062,0.37630719342359764,0.3623337195357834,0.261359083172147,0
22143,2021,335,0.48656716417910445,0.5106823940298507,0.1941377343283582,0.13745334925373134,0.37712024477611944,0.4388199104477612,0.47387108358208957,0.5081371432835821,0.5003720059701492,0.15957466746268656,0.15486876358208956,0.1563267391044776,0.5316104208955225,0.14292211940298508,0.41585403582089553,0.4392067373134328,0.1449392447761194,1
24147,2021,1286,0.5334370139968896,0.5509352428015564,0.21651519533073932,0.15758259214007783,0.33952898287937744,0.45488575719844354,0.544482264681555,0.5494576873449132,0.5503773647642679,0.1647100081885856,0.15753067576509514,0.1559335318444996,0.5336285645412131,0.1438805903576983,0.4992187642023347,0.40533017821011674,0.09545104560311284,1
23749,2021,350,0.7257142857142858,0.5431769971428572,0.2364561942857143,0.12213770571428571,0.42212427999999996,0.3848708885714286,0.6623482428571429,0.6595821028571428,0.6417063285714286,0.11568914114285714,0.1419764802857143,0.1484731314285714,0.5977681514285714,0.12999684057142857,0.6033933514285714,0.32832118,0.06828546457142858,0
24146,2021,1086,0.47513812154696133,0.5017915603686636,0.2162866919815668,0.14502587152073732,0.4098241723502304,0.46406536774193546,0.46950479625984254,0.48518905807086615,0.49528743110236223,0.19539515137795274,0.15125801742125983,0.14963819094488187,0.537232532228361,0.1435034758747698,0.5439384294930876,0.25662387741935483,0.1994376737327189,1
23784,2021,479,0.44258872651356995,0.49352102922755736,0.25095035699373697,0.1214244739039666,0.3749024655532359,0.4213874363256785,0.4208454342379958,0.447233866388309,0.45012752192066807,0.204263372651357,0.15266675511482256,0.15091772400835074,0.5332026283924843,0.1437705866388309,0.5281890668058455,0.11004793528183716,0.3617629916492693,1
23369,2021,429,0.5058275058275058,0.5265224615384616,0.25610497668997667,0.1318710794871795,0.3549026456876457,0.48816970163170165,0.4976095128205128,0.5122723216783217,0.5168514848484849,0.14580129580419582,0.1273991198135198,0.12562569906759907,0.5336529487179488,0.1449832358974359,0.5458470606060606,0.4541529393939394,0.0,1
22730,2021,911,0.5148188803512623,0.5509180329308452,0.22953553457738748,0.11463854006586169,0.3745267705817783,0.4622739253567508,0.5438289736553238,0.5374632052689352,0.5432216103183315,0.1291305083424808,0.1261041668496158,0.11952690669593853,0.5396949890230516,0.1387256254665203,0.5922740944017563,0.3097195115257958,0.09800641536772778,0
23963,2021,371,0.5256064690026954,0.47655814016172504,0.25756076765498653,0.1956049757412399,0.4477738921832884,0.39941992183288405,0.505776692722372,0.5201774204851752,0.49955546091644204,0.14051529191374662,0.15132235363881402,0.1767812064690027,0.5473939299191375,0.1415893681940701,0.5621337331536388,0.2828482021563342,0.15501809946091644,1
24064,2021,411,0.5060827250608273,0.5079562902439024,0.2992191463414634,0.14493204975609758,0.3946254365853658,0.4299221682926829,0.5018356118980171,0.5061432577903683,0.506320657223796,0.15504560651558075,0.15291229745042492,0.15296890651558073,0.5364404209245742,0.1390652508515815,0.5063344097560976,0.42172101951219515,0.07194453853658536,1
22795,2021,492,0.7296747967479674,0.6653406443089431,0.16986019512195125,0.07333987947154472,0.3975406402439024,0.4210479593495935,0.7412098800813007,0.7315935914634146,0.7314387825203252,0.06715623048780488,0.06641515691056911,0.06472992154471545,0.5955364256619144,0.13192141894093687,0.6949495365853658,0.27289875203252034,0.032151705081300816,0
22666,2021,331,0.5015105740181269,0.5150115468277945,0.24495522054380667,0.12058861329305136,0.42725649546827793,0.4171247280966767,0.5178830453172205,0.4982180785498489,0.49910146223564955,0.10271443051359518,0.12724717885196374,0.14182500936555892,0.5408426767371601,0.13770481495468279,0.6003148489425982,0.29383031419939576,0.10585481963746222,1
22595,2021,352,0.4659090909090909,0.4788322414772727,0.254301375,0.12837380397727272,0.43879525852272727,0.40188370170454546,0.45178484090909093,0.46264119318181823,0.46480713068181817,0.1427651588068182,0.13478458267045454,0.13721194318181817,0.5329977897727273,0.14499314772727273,0.77876471875,0.16660823579545456,0.054627080113636366,1
22292,2021,404,0.5198019801980198,0.507853776674938,0.25053089330024814,0.17889392555831266,0.35993150868486357,0.44224729032258064,0.5299816269035533,0.5120379492385787,0.51140069035533,0.14321075126903554,0.1668747842639594,0.17223444923857867,0.5311445371287129,0.14983058415841585,0.5489013275434244,0.34958780893300245,0.10151085285359801,1
24100,2021,407,0.4987714987714988,0.42957214778325126,0.2965311773399015,0.23520811822660098,0.3604981921182266,0.4519968399014778,0.498362310880829,0.47438287046632127,0.4545279689119171,0.18414669430051814,0.190258668134715,0.21117633160621763,0.5417523022113022,0.14380368206388205,0.5981545197044336,0.3390226280788178,0.0628228697044335,1
23644,2021,1467,0.6734832992501704,0.5663662310838445,0.18475679072937967,0.13866070892978868,0.4007741881390593,0.4233380088616224,0.6815738132242672,0.665972670074983,0.655075282208589,0.0952395269256987,0.10689100245398772,0.10847356925698705,0.5810423064295486,0.13304936251709987,0.6129810074982959,0.32088106952965234,0.06613789502385821,0
24051,2021,428,0.4976635514018692,0.4411421756440281,0.29327241217798594,0.15702830679156907,0.4746769765807963,0.3645637587822014,0.40049324935064934,0.42999262857142856,0.4314692519480519,0.1431000561038961,0.1555275220779221,0.1610747038961039,0.5612517710280374,0.1351942144859813,0.7195901288056207,0.16471263864168617,0.11569720515222483,1
22478,2021,684,0.6125730994152047,0.5784791842105262,0.23203757456140348,0.09614567119883041,0.4340402777777778,0.4557432558479532,0.5969265950292398,0.5954268801169591,0.5925732456140351,0.07950249078947369,0.09098672529239767,0.09694938318713449,0.5885645856515374,0.1290462877013177,0.7675911769005849,0.23201109941520467,0.00039771297660818716,0
24088,2021,323,0.5046439628482973,0.4786728167701863,0.28356565217391305,0.13148675869565218,0.41230011180124226,0.3865632639751553,0.4925347147540983,0.4689331770491803,0.46587578688524595,0.1298712393442623,0.1365974993442623,0.13451842032786887,0.5549264179566563,0.13729816191950464,0.7332996708074534,0.2586956583850932,0.00800465795031056,1
24151,2021,661,0.4886535552193646,0.5106114227272727,0.28394633181818185,0.11995516439393938,0.34800516212121213,0.4879840590909091,0.4870327445008461,0.5040358730964467,0.5086557157360406,0.14690355939086294,0.126845972250423,0.12076258646362097,0.5291633661119516,0.14422486399394857,0.4821413151515152,0.33515503787878786,0.18270360393939394,1
23737,2021,391,0.5626598465473146,0.4873306803069054,0.24305641943734016,0.15633126086956523,0.42507921739130433,0.40490786956521735,0.5422341099744246,0.5095596982097187,0.49725348337595915,0.14365846547314579,0.15374446547314577,0.17732182352941178,0.5720336923076923,0.1355865064102564,0.627908621483376,0.19834971611253197,0.17374167519181588,1
22261,2021,339,0.7020648967551623,0.5958257787610619,0.15948909144542775,0.16122849262536873,0.349584179941003,0.47249980235988204,0.6775465162241887,0.6655394454277286,0.6630811002949852,0.07557162772861357,0.1018279622418879,0.11053471799410029,0.604425026627219,0.12768884615384615,0.5259264808259587,0.4586043156342183,0.015469225899705015,0
21372,2021,565,0.720353982300885,0.5100046584070796,0.20667021769911506,0.16110550442477875,0.40051577699115043,0.43881367610619465,0.7296433203539823,0.7085462778761061,0.7009689026548673,0.12187202123893805,0.13087110814159292,0.1312240596460177,0.6034870088967972,0.12990212491103204,0.6318190690265487,0.3238116831858407,0.04436925362831858,0
23643,2021,374,0.7459893048128342,0.651335665775401,0.1506287459893048,0.09935172379679146,0.35601057486631016,0.45382097593582893,0.7342231264705883,0.7257842941176471,0.7186161978609625,0.06595030026737968,0.05324942379679144,0.054690538770053476,0.592354614973262,0.1262790473262032,0.7014775026737967,0.15792560160427807,0.14059685828877005,0
24013,2021,553,0.7377938517179023,0.7388572355072464,0.07639199311594203,0.051072522101449275,0.4617369329710145,0.33706941304347826,0.7372065973282442,0.7461643454198473,0.7538618549618321,0.04926335553435115,0.06299432786259541,0.06005276011450381,0.6099107771739131,0.1238384072463768,0.7440107663043478,0.1790593054347826,0.07692990634057971,0
24018,2021,644,0.7608695652173914,0.723940265940902,0.043029014774494556,0.08958681026438568,0.44218436080870915,0.40182626905132196,0.7472766338259442,0.750126499178982,0.744662288998358,0.07073826683087028,0.0841744433497537,0.09177540509031198,0.6143797391304348,0.11702163245341614,0.6631373919129082,0.23227802846034215,0.10458455723172629,0
21961,2022,2856,0.5192577030812325,0.5789005647759103,0.15218859593837533,0.1671877076330532,0.3419717041316527,0.4672161442577031,0.5184616869747899,0.5241669919467787,0.5259901200980392,0.1888738382352941,0.18381755707282912,0.18286477976190474,0.5295862897687456,0.14737666002102312,0.571792443627451,0.20983968592436975,0.21836786834733893,1
24164,2022,2578,0.5484871993793639,0.5537893756305782,0.18673808366317424,0.15159287031431898,0.31744068141249515,0.5022688086922779,0.5472358622204473,0.5480886058306709,0.5483886218051118,0.14625976126198081,0.1465851553514377,0.14732368450479233,0.5338190069902913,0.14505451899029126,0.6062382576639503,0.3100806872332169,0.08368105188203337,0
23665,2022,797,0.4868255959849435,0.4945808469259724,0.2523387202007528,0.16834364240903388,0.38770227227101633,0.4363971242158093,0.49021918569636136,0.48593988833124213,0.48558035006273526,0.1609059094102886,0.17133137076537017,0.16728094303638644,0.5186512622333751,0.15154688218318693,0.42770009661229613,0.5472815834378921,0.025018320828105397,1
22302,2022,772,0.4896373056994819,0.5148077124352332,0.28240646113989637,0.12057229404145078,0.36332804274611397,0.4586714235751295,0.4871459922279793,0.49127362953367876,0.48989708937823834,0.1074379121761658,0.10639838432642487,0.10495356178756476,0.5414627227979275,0.1441341336787565,0.5510659896373057,0.3703498639896373,0.07858414987046632,1
23637,2022,934,0.44967880085653106,0.4621469464668094,0.34277011991434686,0.12159896680942185,0.34770978265524627,0.4532724807280514,0.46940103961456103,0.46071422698072806,0.4562549239828694,0.09950169967880086,0.09448617130620986,0.09204667505353319,0.5320454989293362,0.14471722483940042,0.8200034625267666,0.17667755139186295,0.00331899073875803,1
22368,2022,596,0.5100671140939598,0.5335992315436242,0.2494361711409396,0.11999413758389263,0.37386008724832215,0.4365625553691275,0.4963346275167786,0.5004308439597315,0.4921109496644296,0.128937733557047,0.11778158976510067,0.11409826711409396,0.5421773959731543,0.14497523305369128,0.5116571275167785,0.4844661308724832,0.003876725369127517,1
23225,2022,970,0.45979381443298967,0.45086872783505155,0.26952087216494847,0.15932616082474227,0.3533603762886598,0.4862064278350515,0.47345415154639175,0.4640042783505155,0.4619712010309278,0.14969143402061857,0.1483587570103093,0.14650747783505155,0.5283524608247423,0.1464381351546392,0.6743467319587628,0.3228178556701031,0.0028354064659793813,1
23440,2022,3003,0.5204795204795205,0.5426189723609723,0.22220341125541124,0.1398476113886114,0.35816697702297706,0.4746875760905761,0.5214938811188812,0.5211736456876457,0.5217861388611389,0.14065678658008657,0.14070577206127208,0.1393331722943723,0.5282187518321119,0.14660833557628247,0.5137679540459541,0.4247165178155178,0.061515535997335995,1
24222,2022,2945,0.5378607809847199,0.5204917336956522,0.21161845142663044,0.16490765016983697,0.3330772105978261,0.4771009969429348,0.5431414164614844,0.5365209799507562,0.5351526605698206,0.1551587810059796,0.15884436229335208,0.1601653527963419,0.5327511372748895,0.14375238362215426,0.4951318777173913,0.27955235597826084,0.22531575625000003,1
23614,2022,661,0.5279878971255674,0.5433462405446293,0.22410713010590017,0.17007432677760967,0.3149781800302572,0.48925365506807866,0.5153916111951589,0.5216417276853252,0.5185400121028745,0.1943436711043873,0.19529706248108925,0.19672040862329804,0.5376343207261725,0.1444274747352496,0.6624833812405446,0.294166810892587,0.04334980287443268,1
22205,2022,692,0.5664739884393064,0.5705629580924856,0.16213653034682082,0.15681143641618497,0.41176698988439303,0.44623816907514446,0.5977491950867052,0.5822488352601156,0.5895644176300577,0.14074897760115607,0.14776953511560692,0.14626671011560693,0.5350499797687861,0.14250098251445087,0.6160456228323699,0.3589628106936416,0.024991537427745666,0
22667,2022,986,0.45233265720081134,0.4229895537525355,0.3466228093306288,0.15305808823529413,0.3896099959432049,0.42744903245436106,0.4329013693711968,0.4383812576064909,0.44008438843813386,0.15136484178498985,0.15346022667342799,0.1524323551724138,0.5250939756592292,0.14524245334685598,0.47180062373225157,0.4804802910750507,0.04771905943204868,1
24089,2022,428,0.514018691588785,0.5157577313084112,0.24562631308411215,0.14138378504672897,0.3944257943925234,0.40760804205607476,0.528886714953271,0.5082170560747663,0.5102501144859812,0.1273084313084112,0.1290198913551402,0.13457548691588786,0.5420097990654206,0.1439789411214953,0.5359316705607476,0.3532049672897196,0.11086336214953271,1
22738,2022,1069,0.5219831618334893,0.5114588671655753,0.2421055696913003,0.15357142656688494,0.37814331618334895,0.4615686847521048,0.512664450888681,0.5167868063610852,0.5172844724041159,0.16632584134705333,0.17406126651075773,0.17643788830682883,0.5302331674462114,0.14635061244153416,0.5163218054256314,0.07931026725912067,0.40436792422825074,1
23747,2022,345,0.5304347826086957,0.5044870956521739,0.23929307246376813,0.1648272956521739,0.40170499130434784,0.390864084057971,0.49200237681159414,0.5274805971014492,0.5239620753623189,0.21418349623188404,0.20300443884057973,0.1924795101449275,0.5687367971014492,0.13940897565217392,0.6103939536231884,0.21363552173913045,0.1759705188405797,1
23767,2022,2974,0.5161398789509078,0.5566132108271687,0.20436890147948888,0.14855820342972428,0.3320879717552118,0.47887925689307326,0.5105523459986551,0.5071758678547411,0.5050627918628111,0.1859758736381977,0.18878260208473435,0.188578784801614,0.5299319569458459,0.14509280299360916,0.7363385585070611,0.1843624539340955,0.07929899630127774,1
24053,2022,2769,0.5095702419646082,0.4893490130010834,0.28386362044059227,0.18943515601300107,0.3215762361863489,0.5100449198266522,0.5036253394727339,0.4994777591188154,0.5006684803178043,0.1850145217045865,0.18857072018779342,0.1894295872156013,0.5309284996387283,0.14500102749277458,0.636379585048754,0.33081820982304083,0.032802203719754425,1
23043,2022,897,0.4793756967670011,0.5189489821627647,0.22713379041248608,0.14768773690078038,0.4077159264214047,0.4218178807134894,0.45891136867335564,0.47904990858416946,0.48738988628762536,0.18694701828316612,0.1596442237458194,0.15800303255295428,0.529637872909699,0.14399432419175026,0.7232097603121517,0.10251932597547381,0.17427090746934223,1
21940,2022,952,0.5504201680672269,0.5863851155462184,0.1807243382352941,0.13621528781512604,0.3407561974789916,0.4535711596638655,0.5230935430672269,0.5418380210084034,0.5427354432773108,0.18834527478991597,0.1773203600840336,0.17666352331932775,0.5302943067226891,0.14513940735294117,0.446991349789916,0.24435163655462186,0.30865698949579834,1
23590,2022,985,0.5258883248730964,0.481020759390863,0.27060759187817257,0.14843205583756347,0.36902444467005074,0.432173854822335,0.5279883422335026,0.5174424588832487,0.5241658741116751,0.11968013939086294,0.11811260182741116,0.11507651390862944,0.5298462456852792,0.1448701783756345,0.45285081725888326,0.43435641725888324,0.11279274111675126,1
22592,2022,957,0.4618599791013584,0.49550318495297807,0.26214825496342736,0.14056985997910135,0.3507700417972832,0.44954126959247653,0.4617681170323929,0.46813716614420064,0.4626695653082549,0.15266524064785789,0.1381707578892372,0.13854519832810866,0.527366841170324,0.1460228685475444,0.5459931964472309,0.3801589749216301,0.07384784064785789,1
22717,2022,1034,0.46808510638297873,0.44825011121856867,0.2857420599613153,0.145336167311412,0.3966409758220503,0.44129080464216636,0.43833217185686657,0.45937554255319146,0.46404425338491295,0.15272168462282398,0.14625602359767892,0.14732727978723403,0.5271743491295938,0.14591125348162476,0.6105864129593811,0.2746011460348163,0.11481242746615086,1
24237,2022,2876,0.45723226703755215,0.4812542212173913,0.2313545495652174,0.16872277530434784,0.36965676556521737,0.4628230497391304,0.4519596570708888,0.4620110723281756,0.4644992907520691,0.16204440165527167,0.15661322259805685,0.15968786639078805,0.5333061154782608,0.14458443906086957,0.5697121436521739,0.31891720490434783,0.11137064956521739,1
22708,2022,2752,0.49273255813953487,0.5079439073401163,0.24892222202034883,0.15042362281976743,0.39001855123546514,0.434457835755814,0.49579166606104647,0.5016797529069768,0.509790390261628,0.16013180625,0.1563817887354651,0.15417467078488373,0.5286208023255814,0.1442650004360465,0.4677292881540697,0.21272629287790698,0.31954440625,1
22293,2022,1009,0.48067393458870167,0.5382736957383548,0.20187016650148662,0.16696520515361746,0.3576239335976214,0.46114883052527256,0.4767343052527255,0.4854190753221011,0.48679233994053517,0.1878796562933598,0.18825511060455896,0.1884466721506442,0.5307597760158572,0.14447521337958374,0.6421941734390486,0.3015143528245788,0.05629147314172448,1
22964,2022,533,0.4821763602251407,0.6011354371482176,0.19033546716697936,0.11282874108818011,0.3768283114446529,0.42775431519699814,0.45812317260787994,0.4927660863039399,0.5225992645403378,0.1789975114446529,0.1698994727954972,0.15755722457786114,0.5307784071294559,0.14376964371482176,0.6990572889305816,0.10945999474671671,0.19148270919324578,1
24100,2022,1763,0.5082246171298922,0.514390154849688,0.2356745643788996,0.17154387521270562,0.376798845717527,0.446916288145207,0.5125004148043109,0.4992533023255814,0.49772151219512195,0.16086926046511626,0.1721426249007374,0.1705403846851957,0.5298366123723042,0.1440868866061294,0.5272800822461713,0.3805701616562677,0.09214976364152014,1
22028,2022,505,0.43564356435643564,0.49746995643564357,0.25910842574257426,0.16876362772277229,0.3627532613861386,0.4632678891089109,0.45488101386138613,0.4336524217821782,0.4362628495049505,0.18163490514851485,0.19948055524752475,0.19397633762376237,0.5408784158415841,0.14226204158415842,0.49077064554455446,0.2710479386138614,0.23818141386138614,1
22710,2022,952,0.5598739495798319,0.5616876880252101,0.21243388760504203,0.14331554411764705,0.369011900210084,0.44138224789915964,0.5464037132352941,0.551061625,0.547242588235294,0.14402661607142858,0.14006134957983193,0.14004235987394956,0.5346298382352941,0.1448114274159664,0.6001114810924371,0.19444621008403362,0.20544229096638655,0
22540,2022,823,0.5078979343863913,0.5449021956257594,0.20246659416767923,0.14887052733900363,0.4055747545565006,0.44583782381530984,0.49495238639125155,0.5014621737545565,0.5109008019441069,0.1981509065613609,0.18952113596597814,0.18053843961117863,0.5361469149453221,0.14195771810449576,0.6448225540704738,0.2913745297691373,0.0638029219927096,1
21943,2022,444,0.5135135135135135,0.47490336036036035,0.27957244144144144,0.1831328626126126,0.3740407905405405,0.43532733558558556,0.4339843490990991,0.48079777927927925,0.4789350563063063,0.2058312882882883,0.20193807364864866,0.1976946391891892,0.5504015968468469,0.14259370743243244,0.7330146959459459,0.2206342297297297,0.046351097747747746,1
23880,2022,2605,0.5765834932821498,0.5828152752399233,0.19240026756238005,0.14770759078694817,0.34828988944337813,0.4601523143953935,0.5793112809980806,0.5769961021113243,0.5794882568138195,0.1542685838771593,0.15709334276391554,0.1562412852207294,0.5297045368663594,0.1454199980798771,0.5911963527831094,0.17091398042226488,0.23788966564299424,0
22729,2022,1213,0.4896949711459192,0.5070744435284419,0.23277992415498766,0.15306987469084912,0.34628828359439406,0.4469800041220115,0.4693339333058532,0.4774813454245672,0.4813364237427865,0.18795043833470734,0.18366557683429513,0.18160895317394887,0.5306020972794724,0.14486480222588624,0.49886833058532565,0.34597458037922507,0.15515709645507006,1
22254,2022,894,0.558165548098434,0.5711406051454139,0.1693916029082774,0.14873989149888145,0.3688512919463087,0.4565398154362416,0.570028451901566,0.5749676017897092,0.5671455,0.16137410402684566,0.15675265011185682,0.16739886845637583,0.5299013874580067,0.1481821502799552,0.5891668087248323,0.2360540380313199,0.17477912192393735,0
24063,2022,849,0.46996466431095407,0.4945173380447585,0.26031618492343933,0.16356941813898707,0.38641185159010605,0.47112475736160186,0.4609761166077738,0.4781411943462897,0.48277622025912836,0.1569980585394582,0.14520554746760894,0.14618839575971732,0.5275431413427562,0.1454965749116608,0.613042714958775,0.38530689045936395,0.0016503909658421672,1
22741,2022,754,0.5450928381962865,0.5865481724137931,0.1582446976127321,0.14415350132625995,0.3517923779840849,0.4348708899204244,0.5398768938992042,0.5399568116710876,0.540290125994695,0.17806327572944297,0.17902881114058355,0.17643910079575595,0.5281416326259947,0.14729867374005304,0.34871398541114057,0.05200199960212202,0.5992839907161803,1
23369,2022,715,0.44195804195804195,0.4863917972027972,0.26736993146853144,0.14875915804195805,0.39145824615384617,0.433755413986014,0.4256871412587413,0.4341078643356643,0.4302548923076923,0.14354886195804195,0.1602985427972028,0.1606195472727273,0.5427955202797202,0.1442049641958042,0.5723903692307692,0.4253117958041958,0.0022978303636363635,1
23190,2022,553,0.46112115732368897,0.5096259981916818,0.2670705678119349,0.1609379493670886,0.40702360216998196,0.4048595913200723,0.4477807703435805,0.4713415280289331,0.4772518336347197,0.19687714593128391,0.17219391121157324,0.16748272929475588,0.5296687414104883,0.1471914712477396,0.6377182459312839,0.3498670452079566,0.012414668372513562,1
22743,2022,1020,0.49607843137254903,0.5510710401960784,0.2067370549019608,0.15057061470588237,0.3226314382352941,0.5009602196078431,0.5109150254901961,0.5020438607843137,0.498569537254902,0.18528530019607842,0.1939583624509804,0.1935795637254902,0.5277010284313726,0.14477698950980392,0.6147431725490197,0.23921569117647057,0.14604112450980394,1
24269,2022,1987,0.5515853044791142,0.5720322129909365,0.21489704279959718,0.1649692262839879,0.28270756596173213,0.518525501510574,0.549909952772074,0.5492164455852157,0.5546570744353182,0.17478098921971252,0.17458749609856264,0.1726239979466119,0.5235077282335179,0.1464514734272773,0.49814037663645516,0.34288238167170193,0.1589772287512588,1
23852,2022,2339,0.46601111586147925,0.4744311013253527,0.26424249038050446,0.13780782300128258,0.37933533946130826,0.43792962676357416,0.4602396289012398,0.4537117345019239,0.4507152920051304,0.1479064722958529,0.14786473745190254,0.14832874476271912,0.5416741989730424,0.14447112832691483,0.5198869444206926,0.43793348311244124,0.04217955844377939,1
23504,2022,878,0.5671981776765376,0.5279687437357631,0.28283336560364464,0.13973389407744874,0.35746704100227794,0.4275908781321185,0.5574553769931663,0.5650243952164009,0.5676796753986333,0.1235229089977221,0.12043195398633258,0.11820462471526196,0.5300122630979499,0.14614434464692483,0.5386938952164009,0.22448360136674259,0.2368225091116173,0
22547,2022,696,0.46695402298850575,0.4856476623563218,0.24914195545977014,0.13971380459770116,0.35062612356321843,0.47682978879310345,0.4538022212643678,0.469204566091954,0.47180266522988507,0.15556206307471263,0.1378684882183908,0.13725407959770114,0.5320421494252874,0.14473454683908046,0.44621862931034484,0.5508327083333333,0.002948664913793104,1
23634,2022,979,0.49846782431052095,0.5506474678243106,0.21078491828396323,0.14402406230847806,0.3477639673135853,0.4762347099080695,0.4966685362614913,0.4979827763023494,0.5028127487231869,0.13911996762002043,0.13410231225740551,0.13056996128702758,0.5302731961184883,0.14462973125638406,0.6098516486210419,0.3593618529111338,0.030786498365679264,1
23630,2022,712,0.601123595505618,0.5976262710674157,0.1736893764044944,0.14177609129213484,0.35151192415730337,0.48221480337078654,0.6073758735955056,0.6138362485955056,0.61544325,0.13741242415730337,0.1296129867977528,0.12500108834269663,0.5268002766853932,0.14621851306179776,0.6067937162921349,0.34162106601123593,0.05158521235955056,0
22624,2022,909,0.5159515951595159,0.5203494774477448,0.23033548734873485,0.12898931133113312,0.39421246754675465,0.4313457909790979,0.5166989779977997,0.5155531628162816,0.5174248767876788,0.15860820979097912,0.15631209218921893,0.14988529405940595,0.5309079944994499,0.14687998019801982,0.5969091562156216,0.2965430341034103,0.10654779757975796,1
22525,2022,454,0.5682819383259912,0.5158163722466961,0.23298901982378856,0.13535447797356828,0.39409901321585905,0.4448237863436123,0.5514593370044053,0.5604267356828194,0.5663990132158591,0.12918147334801763,0.12387634691629955,0.11959562995594714,0.5731578492239467,0.139313533481153,0.6029541718061674,0.10383258370044052,0.2932132026431718,0
23929,2022,914,0.5579868708971554,0.5511174332603939,0.2035079157549234,0.12076029212253829,0.37931650765864333,0.4427295142231948,0.5634330831509847,0.5675188479212253,0.5593054048140044,0.16928638829321663,0.14641440820568927,0.14548923446389497,0.5295566291028446,0.14776827363238512,0.6442352264770241,0.2493188873085339,0.10644588194748358,0
23745,2022,2912,0.551510989010989,0.5557652506868132,0.2250390676510989,0.1399688399725275,0.33908530391483516,0.45945153296703295,0.5490541335851647,0.5493406964285714,0.5471210796703296,0.13771801521291208,0.13660175078983516,0.13594369110576923,0.5262722432153899,0.14613803414634147,0.46535782795329667,0.3094001988324176,0.22524198832417583,0
22759,2022,2599,0.5032704886494805,0.5064857322046942,0.23656965756060025,0.14331863409003465,0.3766328191612158,0.4279210819545979,0.5031080973451327,0.5074668999615236,0.507466617929973,0.14905000580992692,0.14605683235859945,0.14515461562139284,0.5284137356675644,0.14590272577914584,0.4407218387841477,0.40663102462485573,0.15264714274721045,1
22143,2022,365,0.4301369863013699,0.5023695808219178,0.21284385205479453,0.14227439726027397,0.3748017342465753,0.44457310684931506,0.4034810082191781,0.4106729424657534,0.424040591780822,0.1456015109589041,0.15867740794520546,0.14804854602739725,0.5318414575342466,0.1441049005479452,0.4211829342465754,0.4463193616438356,0.13249772328767123,1
22651,2022,692,0.4624277456647399,0.4322921968162084,0.2989900506512301,0.1562456874095514,0.40181835311143266,0.39233705499276406,0.4607264940828402,0.4680096065088757,0.46900210946745563,0.11557594644970413,0.13069831553254438,0.1350627900887574,0.5346755086705203,0.14438801199421966,0.5249007163531114,0.3706049782923299,0.10449432214182344,1
23288,2022,1043,0.5206136145733461,0.5566266241610738,0.20586938255033557,0.1578237008628955,0.38003338638542666,0.4469582224352829,0.5157987229146692,0.5248339117929052,0.5266200719079578,0.16780546337488017,0.14736712876318314,0.14540266720997122,0.5303157459252157,0.1473842580057526,0.6261263959731544,0.19101960402684565,0.18285401917545543,1
23893,2022,1122,0.5098039215686274,0.5155727379679145,0.25561251871657753,0.15810750267379678,0.33580956684491975,0.48395242780748665,0.5165125392156863,0.5066781631016043,0.5025736390374331,0.17466664616755792,0.17789971720142603,0.1797025916221034,0.5305171078431372,0.1450791081105169,0.714412614973262,0.16479513636363638,0.12079226916221035,1
22397,2022,694,0.5302593659942363,0.5542706729106628,0.19999486167146974,0.15558581556195966,0.37040236023054757,0.43146740345821327,0.5180609178674351,0.5344826556195966,0.5373532665706051,0.12825819121037463,0.12938542391930835,0.12826628804034582,0.5308972809798271,0.14474831397694524,0.5268397694524496,0.18440540345821327,0.2887548386167147,0
23307,2022,820,0.42804878048780487,0.4926682609756098,0.2659755451219512,0.15087999390243903,0.3699861573170731,0.4294400426829268,0.42968724634146344,0.43332679268292684,0.4372818780487805,0.18317908695121954,0.17002674804878048,0.16738088878048782,0.5290904329268292,0.14810188658536586,0.5443384548780488,0.27925055000000004,0.17641096707317072,1
24085,2022,767,0.4758800521512386,0.47881627249022163,0.29130375097783573,0.14374072229465448,0.37983434680573663,0.46370965580182527,0.46222240156453714,0.46378463363754885,0.4602659895697523,0.15204427249022165,0.15494149804432855,0.15639088787483704,0.5240849452411995,0.14478033950456323,0.5525420182529335,0.4017302451108214,0.045727760756192955,1
21441,2022,1271,0.5326514555468135,0.5581614760031471,0.2079396947285602,0.14427069708890636,0.3630404468922109,0.4297651825334382,0.5519106616837136,0.5368992981904013,0.5357146955153422,0.1651532653029111,0.15920770889063732,0.15809394335169158,0.5323774162077105,0.14517947261998426,0.3717254051927616,0.4140829811172306,0.21419158929976395,1
23589,2022,1449,0.525879917184265,0.5788641042097998,0.19935234610075916,0.11164502173913043,0.39396685990338165,0.4313757881297447,0.5150922622498275,0.5180438971704624,0.5190340048309179,0.13885550607315392,0.14009180027605245,0.14487277977915805,0.5303981221532091,0.14625698026224984,0.47761671911663217,0.42219706763285025,0.10018619413388544,0
22735,2022,1148,0.49825783972125437,0.5083329451219513,0.22617429181184667,0.17078554616724737,0.38129058536585364,0.4542526959930313,0.4830605853658536,0.4996599486062717,0.4959162987804878,0.19629875714285713,0.1813230044425087,0.17923590775261322,0.5303294076655053,0.14376204146341465,0.5540506890243903,0.08221414973867597,0.3637351655052265,1
22617,2022,429,0.49417249417249415,0.5060437832167832,0.25422301165501165,0.12164135664335665,0.38401517482517483,0.45341299999999995,0.4858064592074592,0.47955015850815846,0.4885535780885781,0.18061048391608392,0.1313050543123543,0.13220282307692308,0.5221176853146853,0.1483547958041958,0.3521427972027972,0.6285431305361304,0.019314067365967365,1
22201,2022,375,0.47733333333333333,0.5249553546666667,0.24110130666666665,0.127625192,0.39400672000000003,0.43480759733333335,0.496998192,0.4945489733333333,0.5126358,0.066691212,0.09663025626666666,0.10015255066666666,0.5442957146666667,0.1425988704,0.5847212986666667,0.07487593226666667,0.3404027786666667,0
24056,2022,833,0.49339735894357745,0.5309036026410564,0.24752969867947178,0.14882836734693877,0.33242129891956784,0.44551040096038413,0.49323111404561826,0.5007943613445378,0.5031446350540216,0.1695553432172869,0.16289745690276108,0.16275000576230492,0.5355192328931573,0.14564895906362546,0.45155647418967587,0.14038308403361344,0.40806045978391353,1
24205,2022,323,0.5077399380804953,0.530080304347826,0.28518906211180123,0.12432859751552794,0.413598400621118,0.4193324844720497,0.4957688116883117,0.5349856623376623,0.533172814935065,0.08119041038961039,0.1222239814935065,0.1251303327922078,0.5342271764705883,0.14504780433436532,0.47332733540372673,0.2095937142857143,0.31707888819875774,0
23561,2022,2755,0.5916515426497277,0.5794213698729582,0.2106530573502722,0.12872432667876588,0.35296515317604354,0.4538339862068965,0.5873234217785844,0.5867879067150635,0.5864064856624319,0.12441791604355718,0.12256642079854808,0.12157981869328494,0.5306133488203267,0.14578653444646097,0.5692706261343012,0.2977913833030853,0.1329379825771325,0
22782,2022,1137,0.5083553210202286,0.5229455866314863,0.21156640193491644,0.12949264291996482,0.4127370949868074,0.42519142832014073,0.5021237423043097,0.5107724283201407,0.5128578100263852,0.13350069419525068,0.12539368381706245,0.12730760747581354,0.5285231178540017,0.14329860237467018,0.5678649226033421,0.3060012691292876,0.12613380650835532,1
21936,2022,1182,0.461082910321489,0.5230676505922165,0.22407333164128593,0.14285408714043993,0.3963863671742809,0.42602448900169204,0.4732112932318105,0.48409864128595603,0.4865768502538071,0.17891873815566836,0.1700993133671743,0.16719018443316414,0.5340675008460237,0.14319089500846022,0.4870295482233503,0.4400174196277496,0.07295302521150591,1
22908,2022,1824,0.5548245614035088,0.5511614599780702,0.1670222028508772,0.13769621052631578,0.3924715586622807,0.42564106140350877,0.5544119555921053,0.5525078081140351,0.5536464084429824,0.1656134660635965,0.17034447620614038,0.17020697023026315,0.5326551042238069,0.14539989808008774,0.515794451754386,0.37150827576754386,0.11269728399122807,1
24283,2022,2959,0.5660696181142277,0.5877756156186612,0.19450223394185262,0.1192939163286004,0.3657062342799189,0.4642341649763354,0.5751930479188527,0.5713463277369709,0.5719357282266526,0.13601611049317944,0.1366247648128716,0.13582978681357116,0.528897094288611,0.14450007117269348,0.49526838979039894,0.3078783885733604,0.19685321602434078,0
23030,2022,676,0.4334319526627219,0.46841797189349116,0.26821240384615386,0.12882233284023667,0.41031846301775143,0.43133042159763313,0.44079908313609467,0.43146288461538457,0.42719664201183427,0.14779574038461538,0.14451690428994082,0.14228129319526628,0.5256326464497042,0.14521145917159764,0.5255423091715976,0.4409296642011834,0.0335280325443787,1
24252,2022,952,0.5252100840336135,0.5042970157728707,0.22243397476340693,0.1556122258675079,0.3778599947423764,0.450860865404837,0.5302339704255319,0.5234557095744681,0.519815679787234,0.17253340191489364,0.1667813578723404,0.16535685127659575,0.5335914159663866,0.14536994600840336,0.6231234269190326,0.16183969516298632,0.21503686277602524,1
23848,2022,978,0.549079754601227,0.5740150705521473,0.17650332208588956,0.13894310122699388,0.33602896114519426,0.48303585685071576,0.5347015869120654,0.5503906707566462,0.5503578527607362,0.12245203057259714,0.1329035525562372,0.13382375756646217,0.5310026002044991,0.14655143967280163,0.5228588895705522,0.35440905725971367,0.1227320572597137,0
24193,2022,2369,0.5609962009286619,0.5652608230574324,0.1677416427364865,0.15018554307432433,0.34175121410472975,0.4393633255912162,0.5763831547153411,0.5646284489352456,0.5650367974793568,0.13590226275532377,0.13937658600608432,0.14086589065623642,0.5270444972562263,0.14720371831996623,0.4726133758445946,0.3222205346283784,0.2051660603885135,0
22277,2022,1829,0.4915254237288136,0.4991741011481684,0.24262333788955714,0.15531544286495355,0.3682875729907053,0.4519937085839257,0.49519466047020233,0.4939164199015856,0.5044901880809185,0.17484134904319298,0.16825739442318208,0.1638426607982504,0.535575938697318,0.15010666206896553,0.45441489830508475,0.27283877364680154,0.2727462974302898,1
21690,2022,919,0.47986942328618065,0.5362419368879217,0.2351434548422198,0.1493288193688792,0.3309752056583243,0.49168134385201306,0.4907896278563656,0.48270531882480955,0.4837550065288357,0.14546127214363438,0.15032339706202394,0.14464885429815016,0.5333815353645267,0.1453889188248096,0.5159192644178454,0.1507054309031556,0.33337531447225244,1
23593,2022,2010,0.5079601990049751,0.528906131840796,0.2568438825870647,0.16780620746268657,0.341694007960199,0.46151295074626864,0.5047157726368159,0.5014332328358209,0.5020966348258706,0.18193106472636814,0.1818065616915423,0.1796728049751244,0.5302610069651742,0.14804712288557215,0.33224316517412933,0.3147494,0.3530074228855722,1
24038,2022,988,0.444331983805668,0.4275992854251012,0.3576276376518218,0.13991234210526315,0.43489474898785424,0.4256356275303644,0.39427724696356276,0.40382917813765185,0.3921783502024292,0.16956212348178137,0.15423690566801618,0.1627518056680162,0.5417623987854251,0.14245371194331985,0.6312789645748988,0.35448398178137647,0.014237055334008097,1
23987,2022,2839,0.541387812610074,0.5356419813314547,0.20768577703416696,0.13683323599859107,0.3649941722437478,0.450999341669602,0.5412412088763648,0.5418034117647059,0.5400536470588235,0.12931974723494188,0.13054978812962312,0.13275183173652697,0.5261199615926709,0.14521625757575757,0.6197659203945052,0.24117199401197603,0.13906207890102149,0
24239,2022,1046,0.5210325047801148,0.49163656842105263,0.236389219138756,0.1815124057416268,0.39836595311004785,0.3900160813397129,0.5092079719042664,0.5041532289281998,0.4985371602497398,0.16641286389177942,0.17430229448491155,0.17824119875130073,0.5313507141491396,0.14357081921606119,0.6913296746411484,0.190869594354067,0.11780074851674642,1
22675,2022,429,0.5594405594405595,0.5508516083916084,0.24734292540792538,0.12228435664335664,0.36277199300699303,0.4304072400932401,0.5718130372960373,0.5774020209790209,0.583253543123543,0.1203210895104895,0.1229896034965035,0.12377780396270396,0.5338242517482518,0.14159687692307693,0.6322118927738928,0.2358876013986014,0.1319005034965035,0
22730,2022,2323,0.5320705983641842,0.5329169535083943,0.24752519888075764,0.13116631941455015,0.35344585923374944,0.47518380068876453,0.5457157882049074,0.523855220835127,0.5188804877313818,0.14379533159707275,0.14210252552733532,0.14433783818338355,0.5278212940163581,0.14699920189410245,0.5308531851054671,0.2645122806715454,0.20463453551442098,1
21991,2022,375,0.49866666666666665,0.49287718933333335,0.27918323466666667,0.14714949333333333,0.41491732533333336,0.41435891199999997,0.502540544,0.4960417893333333,0.4922965306666667,0.1684735272,0.15642555866666666,0.14535683573333333,0.54756476,0.1426698112,0.6866848826666666,0.07793760053333333,0.23537753333333333,1
24271,2022,862,0.537122969837587,0.5433408234610917,0.2386440361207898,0.14081051207897793,0.3680228989547038,0.46689159117305457,0.5317002204724409,0.5378981640419948,0.5355800406824147,0.13236770104986878,0.13370425590551183,0.1397397283464567,0.5311730707656612,0.1478515824825986,0.5533919117305459,0.07545877340301974,0.3711493368176539,0
22575,2022,1274,0.5227629513343799,0.5228801978021977,0.24736593171114601,0.150944874411303,0.34931395761381473,0.45613173076923075,0.5254771656200942,0.5285121711145997,0.5285842331240188,0.1787250724489796,0.1617288733908948,0.16135102213500785,0.5263435915161037,0.14790295459544384,0.5506286954474097,0.20447186656200944,0.24489946781789637,1
23597,2022,801,0.43570536828963796,0.4638198689138577,0.29002654806491884,0.17146683021223472,0.40787816729088644,0.41917313732833955,0.42612587640449434,0.4314883745318352,0.4378004082397004,0.17045600836454433,0.1634928077403246,0.1595839132334582,0.5287025205992509,0.1438606556803995,0.7385395418227215,0.1671514581772784,0.09430898177278403,1
23294,2022,384,0.4505208333333333,0.4937459583333333,0.2369465390625,0.1444673984375,0.3874214036458334,0.4335398984375,0.47051082812499995,0.47397225520833336,0.47841895052083333,0.13653843072916666,0.14354008151041667,0.14573374713541667,0.5298308697916666,0.14685583776041666,0.6911746276041667,0.24637021875,0.062455175,1
22834,2022,1838,0.44178454842219805,0.4856565130576714,0.24740401523394995,0.1505035239390642,0.3856046115342764,0.41651760609357996,0.4617010408052231,0.46037348476605006,0.4605309368879217,0.12397943993471164,0.13057179004352557,0.13341826294885747,0.5328509820457018,0.14421219608269858,0.5431306768226333,0.35722963928182805,0.09963970582154516,1
23719,2022,2669,0.5953540651929562,0.6079761637317347,0.14952131247658298,0.1390638643686774,0.37113063919070816,0.4311011397527164,0.6004031075309104,0.5992616601723492,0.5985443439490445,0.15046667324840762,0.15129907643312102,0.14985472573997752,0.5327625762457849,0.1446300356313226,0.47977416560509556,0.27407998613713,0.2461458437617085,0
22761,2022,349,0.5214899713467048,0.5478695042979943,0.21620067048710603,0.08877378051575932,0.41516984240687677,0.42119214040114616,0.4634230916905444,0.557367547277937,0.5653222750716332,0.06726680515759312,0.04519580487106017,0.05051112865329513,0.5395813553008596,0.14080313438395417,0.40099548710601723,0.4213411833810888,0.177663335243553,0
22261,2022,360,0.5194444444444445,0.6133841722222222,0.16327838055555555,0.12705956944444444,0.3393640666666667,0.48723073055555555,0.5441682250000001,0.5539488,0.5607497972222222,0.10652941527777778,0.10507941,0.10048936194444445,0.5489583944444445,0.14157967777777777,0.5058446194444445,0.4737449388888889,0.02041045138888889,0
23235,2022,1274,0.6028257456828885,0.5959217723704867,0.16828464756671901,0.1487061601255887,0.3458313846153846,0.44644489481946625,0.5670426263736265,0.6001817339089482,0.5942874466248038,0.14386076004709578,0.14453687103610677,0.1448659112244898,0.5329209544740973,0.14409474364207223,0.4839894623233909,0.2808732684458399,0.23513725353218212,0
21402,2022,778,0.6002570694087404,0.5981032416452442,0.21802521208226222,0.1262199267352185,0.32590845629820053,0.46125930462724934,0.6100244897172237,0.593454997429306,0.5878438868894601,0.1458693080976864,0.1558843615681234,0.15436306992287918,0.5357458110539846,0.14501481979434447,0.46215007583547557,0.4853329562982005,0.05251694845758355,0
23536,2022,605,0.5024793388429752,0.5108026578512397,0.20350942975206612,0.1760179256198347,0.3988552347107438,0.4279264380165289,0.4862595239669421,0.473182267768595,0.4784794809917356,0.18162097867768595,0.18905828396694216,0.18266918247933886,0.5361074132231405,0.14301919537190083,0.6847909553719008,0.2739386776859504,0.04127033917355372,1
22890,2022,1824,0.4862938596491228,0.5064689216008772,0.2552830427631579,0.15065519133771932,0.3619944281798245,0.42854475603070175,0.47994416721491223,0.47708270504385963,0.47423570175438595,0.15648795252192982,0.16345861178728072,0.16722644627192984,0.5357995252192982,0.1453602380482456,0.5143267911184211,0.25407670833333335,0.23159649945175437,1
24088,2022,300,0.47333333333333333,0.4862583533333334,0.2943016433333333,0.12807943,0.4351628533333333,0.3732978866666667,0.47547501666666664,0.49049955333333334,0.4904688066666667,0.095839313,0.09950489333333333,0.10289940533333333,0.5464743000000001,0.14159363866666666,0.69377716,0.28505120333333334,0.021171643333333334,1
22094,2022,881,0.41657207718501704,0.4837795414301929,0.3008134790011351,0.14717406696935298,0.3510423530079455,0.4403345448354143,0.3916248524404086,0.41137179682179337,0.4131420510783201,0.13077039455164585,0.11968271520998865,0.12136480646992054,0.5460536152099886,0.14284652497162315,0.6659149409761634,0.22989279341657207,0.10419228354143019,1
23769,2022,2047,0.47288715192965314,0.47954299462628236,0.3121495495847582,0.1490448724963361,0.37493644748412314,0.447267502198339,0.47875448900830486,0.4733131880801173,0.46814672691744014,0.1365131276990718,0.14386755530043968,0.15005308085002442,0.5309046979472141,0.1446784623655914,0.5265037650219834,0.3152100175867123,0.15828621690278458,1
22668,2022,2027,0.5382338431179082,0.54280105525407,0.23372055007400097,0.14781914898865317,0.3344789013320178,0.4379612437099161,0.5469755490873212,0.5432730725209669,0.5389833024173656,0.16047569935865813,0.15898970305870747,0.1603340532807104,0.5281914740996546,0.1458645227429699,0.6149219728663049,0.23911873211642823,0.14595930735076468,1
23347,2022,1961,0.5609382967873534,0.5461591101478838,0.20476009790923,0.17827589801121876,0.37285561091279956,0.44503134013258544,0.5411413090260071,0.5525925242223355,0.5513298439571647,0.19982704604793475,0.19231484446710861,0.18945440678225398,0.526402364099949,0.14698783289138195,0.5247989938806731,0.17728232534421215,0.29791868893421725,1
22720,2022,2617,0.4600687810470004,0.5021540913259458,0.3045041406190294,0.1474476656476882,0.2877912388230799,0.501616196025984,0.4630881474971341,0.4622204726786397,0.4616354604508979,0.15191445724111577,0.1545732989300726,0.1535650206725258,0.5256257451280092,0.14756097806648835,0.3872982139854796,0.18274467749331294,0.42995709973251817,1
23903,2022,2531,0.45752666930067165,0.4556512026866851,0.2976437155274595,0.1744166163571711,0.39615037771631767,0.4264481789806401,0.47962355077044644,0.46652166851047017,0.4626775883050178,0.15185522931647571,0.1636647269853813,0.1666581161596207,0.5311325169960475,0.14499092,0.47770409758988536,0.3922727617542473,0.1300231323587515,1
24115,2022,2649,0.40656851642129105,0.4578768444696112,0.33001736995092484,0.14368658965647413,0.38930502000755,0.4484663744809362,0.40918772178180446,0.4137632121555304,0.4147887044167611,0.15435377969044922,0.15542641170252927,0.15593127746319366,0.5302970525122781,0.14540528983755194,0.5886565100037751,0.2233578739146848,0.1879856323140808,1
24140,2022,330,0.5606060606060606,0.5474883272727272,0.20981764545454545,0.1223588787878788,0.3587650272727273,0.4765001121212121,0.5497478727272728,0.5588165696969697,0.5539539212121213,0.10714824848484848,0.1083335103030303,0.10948820606060605,0.5352503090909091,0.13782528393939394,0.4339065151515152,0.4003197636363637,0.16577375757575757,0
24136,2022,351,0.4586894586894587,0.5550525612535613,0.21870133219373217,0.09329408062678063,0.43746225356125357,0.37698649287749286,0.4317608262108262,0.4590105811965812,0.46143272934472934,0.1111586851851852,0.10571303475783476,0.10338205584045584,0.5429702962962962,0.1424162452991453,0.6617814387464387,0.17148336752136753,0.16673520997150995,0
22163,2022,2117,0.5266887104393009,0.5810576702881436,0.14560207368918282,0.13738519225318846,0.3550153793103448,0.4311819773264053,0.5273193108171941,0.5261235120453471,0.5282550146433632,0.16396214204062354,0.1644029910722721,0.16583049929145016,0.5276023216816249,0.14503372853094001,0.45003037128011336,0.1324593221539915,0.4175103027869627,0
23555,2022,2565,0.49707602339181284,0.4652277325536063,0.3059408682261209,0.14422383001949318,0.41538338752436643,0.4289127415204679,0.4976273598440546,0.4958413220272904,0.49094544873294343,0.14128058822612086,0.14137667883040936,0.1425537142300195,0.5263710951267057,0.1449959202339181,0.5873846206627681,0.25696873684210525,0.1556466417153996,1
23513,2022,403,0.5235732009925558,0.5230328957816377,0.1866970545905707,0.18525092307692306,0.39508563523573204,0.4167597196029777,0.5130834615384615,0.48635684119106704,0.5099409727047146,0.19202828039702233,0.21519248635235733,0.20620729776674937,0.5219250744416873,0.14622012158808934,0.5186212828784119,0.38199519602977666,0.09938354714640199,1
22427,2022,461,0.5574837310195228,0.5520405704989154,0.17911809978308024,0.1375602776572668,0.36018987635574834,0.4209431236442516,0.5898414446854663,0.5685451431670282,0.55199768329718,0.1415054173535792,0.14341989913232103,0.1477691032537961,0.5510651019522776,0.14367073253796095,0.5145536659436009,0.4165986963123644,0.06884766052060737,0
21998,2022,1422,0.5548523206751055,0.5063512735583685,0.25937564978902955,0.14363693741209563,0.3466765639943741,0.4375463361462728,0.5488226926863573,0.5508985872011252,0.5482232742616033,0.11812775731364275,0.11567979268635724,0.114989323488045,0.5313261561181435,0.14761897496483825,0.4165336082981716,0.3679541033755274,0.21551229324894516,0
23853,2022,1861,0.46104245029554003,0.49250537775389575,0.2769738033315422,0.13774737023105857,0.3774600891993552,0.42375999247716284,0.45886382536270826,0.45824079903277803,0.46651957066093497,0.1694497420741537,0.16957639602364322,0.165217835572273,0.5343949758064516,0.1451645215591398,0.5643062654486836,0.27054621762493286,0.16514753734551316,1
24086,2022,408,0.5049019607843137,0.43797520588235295,0.28834876715686275,0.17327637745098037,0.4466814975490196,0.4140243284313726,0.5280617009803922,0.49923998039215683,0.48416339460784313,0.17067742892156865,0.16148110906862745,0.16370052205882354,0.5734388088235294,0.1368289455882353,0.6818920759803921,0.31387689950980396,0.004231056053921569,1
23979,2022,500,0.564,0.53621549,0.24362119000000002,0.117380572,0.389722218,0.395249598,0.544035778,0.528513996,0.527828066,0.1096432388,0.10120377720000001,0.1002938092,0.547227232,0.14178967280000002,0.543984352,0.138676542,0.317339116,0
23644,2022,695,0.5223021582733813,0.6037427208633094,0.16714879424460433,0.12210126474820143,0.3828670014388489,0.43279155251798557,0.5240891395683452,0.5255791971223022,0.5338965395683454,0.11718004,0.1164519837410072,0.11939025410071943,0.5542859654178675,0.14302325259365994,0.5968776776978417,0.3103214474820144,0.09280088791366906,0
22249,2022,1615,0.4792569659442725,0.5196127696594427,0.23755113498452013,0.13364107120743035,0.3763087517027864,0.4349764681114551,0.4885874513931888,0.48702471888544896,0.4846479851393189,0.13130102588235293,0.13022987783281734,0.13517001956656347,0.5324826018575851,0.14562233164086688,0.4779060693498452,0.04132409021671827,0.48076984334365325,1
23988,2022,2499,0.5158063225290116,0.5260825106042417,0.22186631052420966,0.16026361224489796,0.361418399759904,0.44101412444977994,0.509627494197679,0.5145240836334534,0.5133425370148059,0.18684734957983193,0.17967373517406962,0.1798888425770308,0.5257996008807045,0.1460500576461169,0.607973981592637,0.15120162905162066,0.24082439775910364,1
22231,2022,1793,0.5839375348577802,0.5814550501952036,0.17448761795872839,0.1578085856107083,0.33163768878973787,0.45977041215839376,0.5685636056887897,0.5663820429447853,0.5690013731176798,0.16162916503067484,0.16244080290016732,0.16076804372559955,0.5374291283482143,0.14240847433035714,0.47028841940881205,0.21829535861684327,0.31141623982152816,0
22292,2022,1415,0.4911660777385159,0.5180921604240283,0.2694947802120141,0.13162938021201415,0.373591622614841,0.4373522212014134,0.500600696819788,0.4997659738515901,0.5034834826855124,0.11790104939929329,0.11703826954063605,0.1204102119434629,0.5315090975265018,0.14637010522968197,0.5315391858657244,0.30821840212014134,0.16024244946996466,1
23697,2022,733,0.46248294679399726,0.5084363206002729,0.24448672987721692,0.11500902592087311,0.4273655579809004,0.40550204502046383,0.46118279126875855,0.486307860845839,0.5242291596180082,0.1404824556616644,0.1259833383356071,0.1170246556616644,0.5347462032742156,0.1413099763983629,0.5680621759890859,0.15272617326057297,0.2792116766712142,1
22996,2022,344,0.6017441860465116,0.5653810726744186,0.19829870348837209,0.14282925290697673,0.3483182180232558,0.4694869476744186,0.6024213517441861,0.5815341569767442,0.5860004215116279,0.10276944796511629,0.12331034912790698,0.12508074360465116,0.5307991860465117,0.14070858226744187,0.612290011627907,0.08860807558139534,0.2991019215116279,0
23617,2022,1266,0.4802527646129542,0.5339188048973144,0.220474948657188,0.11033539952606634,0.40970432701421805,0.4065681595576619,0.4528977480252765,0.4873402993680884,0.48595482464454975,0.10740552717219588,0.10860582677725118,0.11252350213270142,0.5353588120063192,0.14259963436018958,0.5428610023696683,0.3141215868878357,0.14301740908372826,0
23870,2022,1075,0.466046511627907,0.4457724465116279,0.30985367627906973,0.16389436930232557,0.40972338046511625,0.39748241860465117,0.4620831534883721,0.45580752930232554,0.4537329311627907,0.1855332419534884,0.18247253023255813,0.17989920930232559,0.534709528372093,0.14454360697674418,0.6494400093023256,0.2864652018604651,0.06409480083720931,1
22015,2022,417,0.4172661870503597,0.430014035971223,0.3019615995203837,0.1626244292565947,0.440386448441247,0.4116234532374101,0.3710103057553957,0.41542912709832136,0.41497550119904075,0.20780445707434053,0.18173565587529977,0.18170575779376497,0.5353094844124701,0.1424830052757794,0.542760520383693,0.3756904700239808,0.08154899664268585,1
22253,2022,776,0.5567010309278351,0.5653383363402061,0.22885235051546393,0.11300224742268042,0.3608974432989691,0.44630638530927835,0.569025462628866,0.5642646456185567,0.5645469793814433,0.15843526237113403,0.15599762422680413,0.15169959780927836,0.5423104097938144,0.14207650412371134,0.5025950012886597,0.37428027577319584,0.12312474304123712,0
23515,2022,678,0.43215339233038347,0.46752382595870207,0.25447039528023596,0.16415437168141594,0.4048334115044248,0.416650191740413,0.446127946460177,0.4420037949852507,0.42724335840707967,0.1864498225663717,0.17972766032448376,0.18655100884955753,0.5384808569321533,0.14562594911504423,0.6417299616519174,0.3563796327433628,0.001890397359882006,1
21955,2022,2634,0.5254365983295368,0.5657318158694001,0.16228046735003795,0.14838155846621107,0.33560491154138195,0.470794944191344,0.5338863390280941,0.5303964381169324,0.5302545110098709,0.1486204840546697,0.1535224668944571,0.15539194988610477,0.5305219605013293,0.1443777034181542,0.3669528990129081,0.4677626370539104,0.16528446924829157,0
23306,2022,847,0.5194805194805194,0.5486789090909091,0.19128522077922078,0.14935352420306966,0.37279045808736716,0.4258185230224321,0.5654973234946871,0.5031756162927982,0.5046150472255018,0.1389096396694215,0.17483794144037781,0.17731073435655256,0.5344019657615112,0.14539449598583234,0.4963486033057851,0.37149743683589137,0.1321539704840614,1
23540,2022,1111,0.504950495049505,0.5315106255625562,0.2219826669666967,0.15363810171017103,0.4026245391539154,0.4241555778577858,0.49894849234923494,0.5055089855985598,0.5095770351035104,0.13954055355535552,0.13328045598559857,0.1365337498649865,0.5306680576057606,0.1453582694869487,0.41733028352835283,0.515790800180018,0.0668789199819982,1
23869,2022,1414,0.5318246110325319,0.5543345827439887,0.1828407793493635,0.16328794342291372,0.37607649717114566,0.4470824214992928,0.5175844900990099,0.5263054738330977,0.531271270155587,0.17810025120226308,0.1752919540311174,0.17422434441301274,0.5409357758132957,0.14462138309759548,0.48360324823196604,0.24014211527581328,0.27625461598302686,1
23633,2022,2515,0.5061630218687873,0.5150992345924453,0.20799270497017894,0.14645976898608348,0.34024303936381706,0.4606332143141153,0.5084980528827038,0.5066227765407555,0.507160296222664,0.16121578767395628,0.1590731125248509,0.15619790854870774,0.527433973359841,0.14727188950298212,0.5316614524850894,0.3780108115308151,0.09032774584493042,1
23932,2022,509,0.587426326129666,0.5661396954813359,0.19801852220039293,0.1372866502946955,0.38389947151277015,0.41022567779960706,0.6724147445972495,0.5992708192534381,0.5783575166994106,0.07577277072691553,0.1262520072691552,0.13080964243614931,0.5777897937131631,0.13501052455795678,0.5185087092337918,0.2746340137524558,0.20685726129666013,0
24223,2022,1552,0.5193298969072165,0.5484487440361058,0.18458558214055446,0.16204541843971632,0.34687796518375247,0.4871064281108962,0.5386334184963406,0.5394975149700599,0.5424983313373254,0.15884689394544244,0.15952727897538257,0.16376163213572853,0.5309431881443298,0.14474238582474228,0.5536460128949066,0.40611289555125724,0.04024109645390071,1
21916,2022,2075,0.5224096385542168,0.5673250592771084,0.19691507855421686,0.15712503373493977,0.3584141653012048,0.4385225281927711,0.519091806746988,0.5250916973493976,0.5292571696385542,0.16472526544578311,0.16469611787951807,0.1656381681927711,0.5269446915662651,0.1460612603373494,0.4947117436144578,0.30879800771084337,0.19649023662650603,1
23963,2022,791,0.4715549936788875,0.5039423463969659,0.26696598988621995,0.13132710366624525,0.4394124437420986,0.39648368394437417,0.4890169481668774,0.48230271554993676,0.4901171175726928,0.16100919127686472,0.1455087560050569,0.13170819987357776,0.5256625170670038,0.1432724738305942,0.5319703059418458,0.3019427610619469,0.16608690265486725,1
23748,2022,703,0.5704125177809388,0.5260782603129445,0.199070039829303,0.16428090184921765,0.38412636699857755,0.40025080796586066,0.5642571493598862,0.5723011692745377,0.5477763869132289,0.15575182702702703,0.14124995078236133,0.13888529302987196,0.5708815633001423,0.13772973911806544,0.6393946216216216,0.24331973968705548,0.11728562731152205,0
22721,2022,696,0.4942528735632184,0.5533426537356322,0.22221520114942528,0.14635962212643677,0.3598274224137931,0.4434673433908046,0.4752840689655172,0.4945544439655173,0.49154964080459773,0.1506314912356322,0.15663004439655173,0.15787740804597702,0.5319896594827586,0.14584592672413793,0.44967070689655175,0.2765078060344828,0.27382151005747124,1
22899,2022,802,0.527431421446384,0.516652716957606,0.23917707730673318,0.16733391770573564,0.39678155361596007,0.412382319201995,0.47504830922693264,0.5072368965087282,0.50791227680798,0.2116629529925187,0.17322354064837905,0.17146379002493764,0.5362546359102244,0.14344698528678304,0.6622696009975062,0.2866132493765586,0.051117159476309224,1
21622,2022,481,0.6174636174636174,0.5773852266112266,0.15647854469854472,0.1413825051975052,0.4256513451143451,0.3697786528066528,0.5999326632016632,0.6186653825363826,0.6291324324324324,0.11522779792099791,0.09919763222453223,0.097289004989605,0.5845517151767152,0.1365798097713098,0.4311637130977131,0.4191863555093555,0.14964992723492723,0
21372,2022,740,0.46216216216216216,0.5319112864864864,0.19947664324324324,0.1547158581081081,0.3922486405405406,0.4522102108108108,0.4746889410810811,0.4755278472972973,0.48308640945945946,0.1500205481081081,0.1373367087837838,0.13556670513513513,0.5315258662162162,0.14558341945945946,0.5967856716216217,0.3588772608108108,0.044337058378378376,1
24185,2022,565,0.5345132743362832,0.5183800407801418,0.22975246489361703,0.13803160283687943,0.3660270159574468,0.4411162765957447,0.5958443723021583,0.5262150413669064,0.5175348507194244,0.10296987607913669,0.13291506870503597,0.13433452410071942,0.5423115946902655,0.14320669044247789,0.5063978280141844,0.3076065195035461,0.18599563120567378,0
24018,2022,1336,0.6811377245508982,0.7124193136227545,0.07054156302395209,0.10003626167664671,0.4152667964071856,0.4120403630239521,0.7027894865269461,0.7101001721556887,0.7143151190119761,0.12388617252994014,0.11916960636227546,0.11554123547904191,0.6063152265566392,0.1296440708177044,0.6806543345808383,0.2020209782934132,0.11732469835329343,0
22598,2022,664,0.5617469879518072,0.5497910286144578,0.20018290813253012,0.11893866867469878,0.3806204518072289,0.4020665271084337,0.5484291506024096,0.5708343147590361,0.5613524337349398,0.1593492579819277,0.13762123614457833,0.13822254548192772,0.5491860858433735,0.14055611174698796,0.6714163057228916,0.2644299126506024,0.06415380542168675,0
23672,2022,1040,0.5163461538461539,0.5205750951923077,0.25046581153846154,0.1306317221153846,0.37095197115384615,0.4284972144230769,0.5207726913461539,0.5018548932692307,0.5008152769230769,0.1402626403846154,0.1434068289423077,0.14669212182692307,0.5307912798076923,0.14435727740384613,0.5541775913461539,0.2605365855769231,0.18528580192307692,1
22278,2022,937,0.5378868729989328,0.4935848164354322,0.24141861045891141,0.16732386339381003,0.4063711109925293,0.4057212678762006,0.541335424759872,0.549495469583778,0.5550015496264675,0.13250377235859126,0.1369593522945571,0.13245228676627535,0.5529756254002134,0.14057163874066167,0.5952061077908217,0.3058246702241196,0.09896924941302027,0
23418,2022,713,0.6493688639551192,0.6118069803646563,0.1642650224403927,0.10557544936886396,0.3770316058906031,0.4390763520336606,0.6110429887798037,0.6420271598877981,0.6429201444600281,0.1465175840112202,0.13798940546984573,0.1359929956521739,0.5983163370786517,0.13767888539325843,0.7112833295932679,0.2564694193548387,0.03224726493688639,0
23930,2022,1614,0.4888475836431227,0.47927204337050805,0.2695724417596035,0.17488028624535315,0.413375573110285,0.37274482280049565,0.4904753172242875,0.47826703097893436,0.4812311400247831,0.17320789399008674,0.17796472614622058,0.17684543494423793,0.5349916604708798,0.14325617992565057,0.5228758364312268,0.3270014975216853,0.15012265427509294,1
24059,2022,403,0.543424317617866,0.5315315161290323,0.24383891563275434,0.1376037245657568,0.4078043126550868,0.4157857245657568,0.5275402456575682,0.5390528138957816,0.5428035483870968,0.14211847071960299,0.13834159454094294,0.14064980496277915,0.5584104714640199,0.13923190744416875,0.8657084441687344,0.12877284193548388,0.005518725310173697,0
23731,2022,802,0.4613466334164589,0.4660982905236908,0.3165260610972569,0.14836331047381546,0.4023597805486284,0.44916624688279305,0.48039277743142145,0.4542728379052369,0.4435342082294264,0.16681361758104737,0.16532410274314216,0.15995188229426432,0.5535798566084789,0.13722325461346632,0.5873614975062345,0.4046565224438903,0.007981998366583542,1
23459,2022,887,0.5276211950394588,0.5365145670800451,0.23151322998872606,0.13797862006764375,0.39426474971815106,0.4403486155580609,0.532266348703495,0.5277146538895152,0.5245032547914318,0.1602505492671928,0.1645408293122886,0.1685062198421646,0.5298281724915446,0.14414416933483654,0.5708339199549042,0.2390216042841037,0.19014446448703495,1
22389,2022,1338,0.5366218236173393,0.5773497204783259,0.2012670874439462,0.12038033856502242,0.3471608744394619,0.4542396591928251,0.5395047055306428,0.5349429985052317,0.537019302690583,0.11708964872944694,0.11438911502242154,0.11507577533632286,0.5260166718983558,0.14775716278026907,0.5931682436472346,0.32662374738415545,0.08020801382660687,0
23501,2022,660,0.5106060606060606,0.5086616181818182,0.24189736666666667,0.13778941666666666,0.3702749590909091,0.4653155303030303,0.5228793954545454,0.5229870378787879,0.5146840181818182,0.12277700787878788,0.1247379090909091,0.1264515531818182,0.538170803030303,0.1423143540909091,0.587992246969697,0.33165472878787877,0.08035303181818182,0
23935,2022,911,0.5148188803512623,0.5373033611416026,0.266916365532382,0.13357530735455544,0.3561369571899012,0.48477941712403955,0.514661545554336,0.5241036959385291,0.5232572733260153,0.15126426783754116,0.1490901117453348,0.1494304648737651,0.5285943326015368,0.1453581823271131,0.4494845093304062,0.502883641053787,0.04763183529088913,1
22380,2022,2083,0.5376860297647623,0.5346944819971196,0.2454020897743639,0.13339529092654825,0.3458242448391743,0.4597026101776284,0.5480258775804129,0.5345535343254921,0.5338851397023524,0.13793598084493516,0.13324087690830533,0.1319694181469035,0.5268030086413826,0.14746592049927987,0.48485607777244355,0.1885402654824772,0.32660364282285165,0
23437,2022,840,0.5035714285714286,0.47868080119047623,0.2672251464285714,0.13532763928571429,0.3896052547619048,0.4094026202380952,0.5130779845238095,0.5135262845238096,0.5044430738095238,0.10675333511904762,0.11957812773809523,0.11378207404761906,0.5620005119047619,0.1393882223809524,0.5898312726190476,0.372536455952381,0.037632258333333335,0
22419,2022,747,0.5421686746987951,0.5294287871485943,0.22146657697456493,0.1391491137884873,0.3707227617135208,0.4537174792503347,0.5509467443105756,0.5300171619812584,0.525540093708166,0.17891864672021418,0.18061229437751006,0.18035209344042838,0.5324996157965194,0.1437684860776439,0.516832844712182,0.1978911793842035,0.28527598527443104,1
24157,2022,528,0.7121212121212122,0.6220332979127136,0.1310762227703985,0.12520027779886148,0.36192432258064516,0.4409676299810247,0.6977568269961977,0.6871988231939163,0.6781443384030418,0.12002297319391635,0.126858411026616,0.1254350300380228,0.6004671821631878,0.13705965578747628,0.6167300683111955,0.2823338083491461,0.10093611233396585,0
24076,2022,548,0.4726277372262774,0.4043833540145986,0.29543876642335765,0.17490328649635037,0.4321285328467153,0.3969430821167883,0.5160262645985402,0.41673160583941604,0.4154850675182482,0.1353932268248175,0.1781417208029197,0.17356857664233577,0.5510164142335766,0.13665309251824817,0.5048990328467153,0.3309856405109489,0.16411534598540145,1
23512,2022,407,0.5356265356265356,0.5704353316953317,0.17653796314496314,0.1518911154791155,0.3719926584766585,0.44057598525798525,0.5472865233415233,0.540784054054054,0.5548183906633907,0.13715942825552827,0.15525684275184276,0.14998629484029485,0.5312230761670762,0.14482566093366092,0.5502307248157248,0.19368473464373467,0.25608457002457,0
23558,2022,1162,0.47418244406196214,0.548635143717728,0.22861935593803787,0.12353361222030981,0.3485167082616179,0.44786961617900173,0.48291567728055074,0.4880951144578313,0.49373638382099827,0.1381439834767642,0.141125480464716,0.13434645197934594,0.5295546746987951,0.1441790094664372,0.6460523786574871,0.26595527366609295,0.08799236419965577,1
22469,2022,1605,0.6373831775700934,0.5617888274143302,0.2129491034267913,0.11878781495327102,0.3728881059190031,0.429035846105919,0.6469628492211839,0.6368737906542057,0.6403954728971962,0.12732670348909658,0.1174664707165109,0.1136108769470405,0.5824608549093183,0.13731126435272045,0.5129206747663551,0.32160918068535826,0.1654701414330218,0
24078,2022,313,0.5431309904153354,0.4754986987179487,0.33398910576923074,0.09245520384615384,0.4553807019230769,0.42067533012820507,0.5113014355400697,0.5152903275261325,0.4949847839721254,0.1432878118466899,0.11234841533101045,0.10327190975609757,0.5591252268370607,0.1397039782747604,0.6666360128205128,0.3333639871794872,0.0,1
23257,2022,761,0.5111695137976346,0.5231304113009199,0.25563416951379764,0.13261806833114323,0.4061162812089356,0.4063668567674113,0.5172515597897503,0.5199266281208935,0.5266897043363995,0.13687072155059132,0.13859789027595268,0.1385789693823916,0.5321121038107753,0.14310408515111694,0.5584626727989488,0.06819316491458607,0.373344173455979,1
24099,2022,534,0.5617977528089888,0.5606853689138577,0.1841226956928839,0.12580910973782772,0.396737297752809,0.39270691947565545,0.5651808558052435,0.556269020599251,0.5454489382022473,0.13732196011235956,0.14496185374531834,0.1365448646067416,0.5860592401500938,0.13499831894934333,0.6129620674157303,0.3005659531835206,0.0864720277153558,0
22867,2022,598,0.5150501672240803,0.4981566872909699,0.24043465719063545,0.1576320802675585,0.4313952658862877,0.4198640969899666,0.5156175936454849,0.5055481822742475,0.5060922692307692,0.1469139329431438,0.15072323879598662,0.1466151948160535,0.5468451505016723,0.14250624013377927,0.6959183260869565,0.29128553177257527,0.012796157575250836,1
24240,2022,567,0.4973544973544973,0.5009957579505301,0.20752636925795054,0.14985769257950532,0.4103586978798587,0.42157474381625437,0.4876565767097967,0.4891439131238448,0.4928418280961183,0.1239340798521257,0.12678060480591496,0.12995232975970425,0.543649962962963,0.1445473065255732,0.6348508074204947,0.31200639045936396,0.053142796590106005,1
23642,2022,1622,0.6818742293464858,0.6500990937114673,0.13087193958076448,0.09869318847102343,0.4009514648581997,0.41314266892725027,0.6803265924784218,0.6907193341553637,0.6883694198520345,0.12354587311960542,0.1130763686189889,0.11151448249075216,0.6042092850092535,0.13177105922270205,0.6435056307028361,0.23914597102342788,0.11734840696670777,0
23092,2022,632,0.495253164556962,0.4977571914556962,0.2550082151898734,0.12352440664556961,0.4473205791139241,0.4034583670886076,0.4975888655063291,0.49625973417721514,0.49591425791139243,0.11754582262658227,0.11588808037974685,0.11755912579113925,0.5430722484177215,0.14332977167721517,0.6964626503164557,0.14816315506329114,0.1553742310126582,1
24197,2022,381,0.5196850393700787,0.5052772131578948,0.3208083210526316,0.11371756184210527,0.446543702631579,0.4450921394736842,0.49219652646239553,0.491645364902507,0.49341326462395546,0.14383675793871867,0.12963388384401114,0.11963487019498606,0.5553683359580053,0.1423277034120735,0.6199620526315789,0.31378184894736844,0.06625606736842106,1
24129,2022,329,0.44984802431610943,0.4833657537993921,0.2821664224924012,0.17407300607902734,0.4208644072948329,0.40075459574468086,0.4528810516717325,0.4464631945288754,0.46780290577507594,0.17280477811550152,0.1852256170212766,0.184993094224924,0.553667699088146,0.14131566869300913,0.5709691306990881,0.2905518966565349,0.13847898176291792,1
22621,2022,571,0.4763572679509632,0.5263086952714536,0.2503365148861646,0.11460650595446585,0.3909622819614711,0.421097826619965,0.4916562591943958,0.47740418739054286,0.48927423117338004,0.12024563117338002,0.14054967285464098,0.13012009019264448,0.5272782364273205,0.14618582661996496,0.4908793835376532,0.39626533274956216,0.112855234676007,1
23462,2022,622,0.5,0.5786813022508038,0.1935424501607717,0.1176059196141479,0.37876815594855306,0.42723212057877813,0.531602959807074,0.534407077170418,0.529222773311897,0.1290049538585209,0.1398129964630225,0.1410848688102894,0.5277793279742765,0.14851624437299035,0.4513964871382637,0.21965094372990351,0.32895250482315114,0
24241,2022,386,0.5932642487046632,0.5340153012987013,0.2074758542857143,0.15484564181818183,0.4379501298701299,0.4348589376623377,0.5454509316770186,0.5023085590062112,0.5171629347826087,0.15109921024844722,0.15707173602484473,0.1548685,0.5839944715025907,0.131253785492228,0.755614077922078,0.13241723402597402,0.11196867766233767,0
22772,2022,590,0.4745762711864407,0.533291233898305,0.22786796271186438,0.14954763220338982,0.3909425610169492,0.42318247627118644,0.4239791406779661,0.4433970389830508,0.4470494220338983,0.2024697886440678,0.1706339,0.1706909627118644,0.5437769423728813,0.14510616084745764,0.6276275305084746,0.2354027372881356,0.13696972711864408,1
24173,2022,328,0.5640243902439024,0.5541809021406727,0.18238276146788993,0.17651765137614678,0.3975905749235474,0.4709239663608563,0.537470384868421,0.5773763782894737,0.5518885493421053,0.22872716250000003,0.1888969539473684,0.18297400986842105,0.5841784495412844,0.13210618256880735,0.6941675382262997,0.24614625810397553,0.05968620183486239,1
23035,2022,1756,0.484624145785877,0.48957630068337127,0.2413481138952164,0.16931498917995444,0.35548485592255125,0.4776566856492027,0.4807199464692483,0.4807238582004556,0.47849913382687925,0.18133800911161732,0.1883245472665148,0.19056696697038722,0.5305100922551254,0.14396637813211846,0.5093110717539863,0.306277722665148,0.1844112112756264,1
24152,2022,768,0.6666666666666666,0.6001598031290744,0.1220328183833116,0.13936605997392437,0.4227950769230769,0.4140845267275097,0.6821128205479452,0.6564328397260274,0.6314514506849315,0.14740486301369862,0.1427747794520548,0.1403524493150685,0.6200700664062501,0.13099285052083334,0.7351098826597132,0.23299743663624511,0.031892646153846155,0
23101,2022,447,0.5436241610738255,0.47293988366890377,0.2509556353467562,0.19551096420581654,0.390302841163311,0.4446581051454139,0.5198293982102908,0.5461097583892618,0.5453242774049217,0.17985331387024608,0.17335179798657718,0.17073737874720357,0.5515573847874721,0.1432712409395973,0.3474449843400447,0.6214973892617449,0.031057582997762866,1
23542,2022,667,0.5397301349325337,0.5976974572713643,0.18167530434782608,0.1300651424287856,0.3719855247376312,0.4333264377811094,0.5354360532233883,0.5361267901049475,0.5321413223388306,0.11455748665667166,0.1140465928035982,0.11611242833583209,0.5451543103448276,0.14320950299850074,0.5208749775112443,0.32548964317841084,0.1536353748125937,0
24248,2022,359,0.7632311977715878,0.6892642960893854,0.16707237597765362,0.05908237597765363,0.46701682960893853,0.33745716480446925,0.7145524689440994,0.6850894161490684,0.6558321149068322,0.06923658105590062,0.06027961708074534,0.058907671118012414,0.648860660167131,0.12386266295264624,0.5375784748603352,0.34421182681564244,0.11820969525139664,0
24300,2022,1449,0.47066942719116633,0.4678637962707182,0.33467567886740335,0.13262986001381216,0.35147578107734806,0.464117614640884,0.47178953796561607,0.4609468753581662,0.46045747421203437,0.13376501489971346,0.13891431661891118,0.1368080630372493,0.5308082560386473,0.1448295133195307,0.47997476450276244,0.4143379226519337,0.1056873270718232,1
24051,2022,304,0.6414473684210527,0.526054052631579,0.2017289802631579,0.14018839802631577,0.46167998684210526,0.3675386546052632,0.6392771052631578,0.6232664342105263,0.6066027697368421,0.12344980921052633,0.14324951315789472,0.13172866447368423,0.6002701907894736,0.13315856907894735,0.664083802631579,0.18965686842105262,0.14625934210526315,0
23496,2022,410,0.5463414634146342,0.550759431707317,0.21284080000000002,0.14068990731707318,0.3478582780487805,0.4152450951219512,0.5269521024390245,0.5266225170731708,0.5298988170731707,0.1355659363414634,0.13192802463414632,0.13550676219512195,0.5440026487804879,0.1452635243902439,0.7928925926829268,0.18984432926829267,0.017263029756097562,0
23439,2022,705,0.5702127659574469,0.5822242411347518,0.18906562836879434,0.12486081843971632,0.3578530524822695,0.427238514893617,0.5259145134751773,0.5587964567375887,0.5575860042553191,0.10806909092198581,0.10250128737588654,0.10317505432624115,0.5532422482269503,0.1415992475177305,0.5901201858156029,0.4080304879432624,0.001849318964539007,0
23231,2022,523,0.6826003824091779,0.6443574588910134,0.1289307686424474,0.11673994455066922,0.37780336137667303,0.4419771529636711,0.6955457782026768,0.6896136424474187,0.6947936080305926,0.12550634722753345,0.13298437495219886,0.12797516347992352,0.6066960994263862,0.12994427495219887,0.5252750114722754,0.37538001147227534,0.09934497954110899,0
23289,2022,495,0.5838383838383838,0.5380769030303031,0.20200012525252525,0.13162831313131312,0.3576322888888889,0.44758335757575757,0.5889997494949495,0.5787537090909092,0.5725923191919192,0.0956437692929293,0.09676436222222223,0.0984432604040404,0.549209002020202,0.14227869555555556,0.7116783696969697,0.1701151292929293,0.11820649494949495,0
24303,2022,1164,0.5687285223367697,0.5744009914015478,0.16748551934651765,0.14501931212381772,0.39606840928632847,0.4199773895098882,0.5718766863100635,0.5714192792384407,0.5738690208522212,0.13676489066183137,0.13957619401631913,0.14055996101541252,0.5235783573883162,0.1441635569587629,0.5084557446259673,0.3203244909716251,0.17121976956147894,0
23632,2022,413,0.5544794188861986,0.5276410169491526,0.2764095084745763,0.13648309443099274,0.3251246464891041,0.4638631864406779,0.559074406779661,0.5329023607748183,0.5244030895883777,0.14915210653753028,0.14369496924939468,0.1440841665859564,0.5422693874092009,0.1427568813559322,0.6053793946731235,0.36495932203389825,0.029661269733656175,1
24305,2022,1211,0.4913294797687861,0.492045526446281,0.2596385892561983,0.16192661487603308,0.37614614710743804,0.466383185123967,0.5022228339130435,0.500660887826087,0.49602122,0.1566096587826087,0.15929683826086957,0.15984899826086957,0.5286567663088357,0.14415554252683732,0.5360612760330579,0.20658237404958676,0.2573563446280992,1
22435,2022,503,0.5904572564612326,0.5923348687872764,0.15543471968190853,0.12653567196819085,0.3585094552683896,0.444413874751491,0.5580968827037773,0.555129407554672,0.567830815109344,0.10480014990059641,0.11444373578528827,0.12188964910536779,0.5380918170974155,0.14271385904572564,0.44645969582504974,0.4280982743538767,0.12544202982107355,0
24209,2022,725,0.48,0.46627590331491714,0.28698153729281767,0.1823675267955801,0.40078032044198897,0.4100912044198895,0.4756882411347518,0.4752763432624113,0.4640370936170212,0.15850253872340425,0.16959995460992908,0.17395983035460993,0.5405536096551724,0.14221030413793104,0.6321963411602209,0.2892712610497237,0.07853238977900553,1
24306,2022,1404,0.5178062678062678,0.511591148253742,0.2710990826799715,0.1758061019244476,0.34453520598717036,0.4777545010691376,0.5164816458966566,0.5135332256838906,0.514204476443769,0.1573193681610942,0.16174622948328268,0.1655921869300912,0.5242169330484331,0.14584691111111112,0.6726000292230934,0.23286228225231648,0.09453771632216679,1
21432,2022,798,0.5651629072681704,0.5258747556390977,0.15938788471177945,0.11737888345864662,0.3808332932330827,0.40048069298245614,0.5513018483709273,0.5514816591478696,0.5459199824561404,0.11131052155388471,0.11536455100250627,0.10989788909774437,0.5670431831869511,0.13870055721455457,0.46200995989974936,0.5173699298245614,0.02062014022556391,0
24307,2022,1178,0.4762308998302207,0.47848251911639766,0.2634345502973662,0.1527925046728972,0.3474195437553101,0.4845197204757859,0.4780603296703297,0.479879413003663,0.47808708333333333,0.14735163415750915,0.14990189652014652,0.147513510989011,0.5245350415959253,0.14342251273344653,0.6570323746813933,0.27913835225148687,0.06382925174171623,1
22192,2022,896,0.43191964285714285,0.4908066741071429,0.27977002120535716,0.12000301227678571,0.3610471629464286,0.45931874665178574,0.450857828125,0.46714534040178574,0.4760001071428572,0.10129063582589286,0.09322909866071429,0.09263963772321429,0.5229319899553572,0.1477091015625,0.5460644598214286,0.392727921875,0.06120763314732143,1
24310,2022,1103,0.5213055303717135,0.5566521025408349,0.194566866061706,0.13225786569872958,0.37813750816696917,0.42558541833030855,0.5351812514734774,0.5425159921414539,0.5511428909626719,0.13219770294695482,0.1317455191552063,0.12764474950884086,0.5301862728921125,0.1436565820489574,0.47516017967332125,0.3676718911978222,0.15716790744101636,0
23897,2022,1042,0.4760076775431862,0.5301757408829175,0.25100087332053744,0.12601715259117083,0.3471476689059501,0.4876779769673705,0.47189075047984647,0.47655573512476007,0.4800757274472169,0.17237811737044148,0.165211547024952,0.1583170038387716,0.5258969270633398,0.14290610038387716,0.4713566717850288,0.3845222303262956,0.14412108925143954,1
23954,2022,300,0.64,0.50731612,0.24132328,0.1331273,0.39815010333333334,0.3990367166666667,0.5821105666666667,0.5491618100000001,0.54409335,0.09850151433333335,0.11518264533333335,0.11440472666666666,0.5972617066666667,0.13086084266666667,0.68709151,0.28814757,0.024760954666666668,0
24313,2022,743,0.4899057873485868,0.5061886266846362,0.281939730458221,0.09500857749326146,0.35634823315363884,0.4753690566037736,0.5023296792168674,0.5047876174698795,0.5016730512048193,0.11589276551204819,0.10636024337349398,0.1001747719879518,0.5202463485868103,0.14299602826379543,0.5589934043126684,0.2924541185983828,0.14855250916442048,0
24178,2022,362,0.6160220994475138,0.5353747091412743,0.25876852354570634,0.14504662548476455,0.4846031191135734,0.39610542936288085,0.6277474183976262,0.5917723323442137,0.5515737299703264,0.11937512077151337,0.132322328189911,0.14124732047477745,0.6045864198895028,0.13153589668508286,0.659252296398892,0.26266423324099725,0.07808348171745152,0
23500,2022,354,0.559322033898305,0.5828001242937852,0.18179843785310734,0.14856222598870056,0.39338950282485874,0.42687211581920903,0.5063965451977401,0.500666511299435,0.5050266723163841,0.17510817937853107,0.1989640197740113,0.19349064689265535,0.5429285564971751,0.1427900861581921,0.4799592994350283,0.3118369604519774,0.20820372881355934,1
23736,2022,444,0.581081081081081,0.5468879977477478,0.21533221846846848,0.11244998310810811,0.4357593490990991,0.34432197522522523,0.5769848536036036,0.5357290878378379,0.5394481891891891,0.10893019436936936,0.12752321193693694,0.12404603378378379,0.5912265810810811,0.1333331186936937,0.5589529504504505,0.31566642567567565,0.12538063536036037,0
23421,2022,1627,0.7012907191149355,0.670472786724032,0.11405454062692072,0.0994533303626306,0.3972019674247081,0.4080726773202213,0.6978772925629995,0.695276791026429,0.6844425009219423,0.12316185175169023,0.1224754274738783,0.1191494885064536,0.6131237524752475,0.13245098428217822,0.5822309840196681,0.357861921942225,0.059907074923171474,0
22840,2022,601,0.6855241264559068,0.5683017504159734,0.17262952246256238,0.13467410482529119,0.4359263344425957,0.4142088618968386,0.7082381846921798,0.6943115940099834,0.6960764492512479,0.14203063993344425,0.14737835640599004,0.14562885091514144,0.6220947454242929,0.12903274625623962,0.4659504143094842,0.1730979667221298,0.36095159068219634,0
24020,2022,677,0.6322008862629247,0.6489228301329395,0.12223702555391433,0.09020616514032496,0.4576584106351551,0.3890085332348596,0.6548918419497785,0.6444207503692763,0.6450207090103397,0.11054306898079763,0.11276010871491875,0.10762899689807977,0.6041192047477745,0.13391672522255194,0.5687189512555392,0.4178595450516987,0.013421509143279173,0
23426,2022,488,0.735655737704918,0.611809362704918,0.16596516598360656,0.12247612295081968,0.39203782172131146,0.4101072581967213,0.7423444118852459,0.7259576639344262,0.7221542991803278,0.12157286598360656,0.11664931270491803,0.11996368893442623,0.6147136536885246,0.13071953606557377,0.5734821803278689,0.39930914344262297,0.027208690983606554,0
22795,2022,376,0.7127659574468085,0.7029508696808511,0.08726265957446809,0.07619227127659574,0.4173617526595745,0.4040108058510638,0.6823379069148936,0.7067510957446808,0.7031083882978724,0.1180574414893617,0.10554393776595744,0.10244511622340426,0.6074605641711229,0.1312490128342246,0.7258144441489361,0.24886066223404255,0.025324921276595747,0
23636,2022,474,0.7468354430379747,0.6869684556962025,0.09543685443037975,0.11959150632911393,0.3679745168776371,0.4658110421940928,0.7566721012658227,0.7438620421940928,0.736399799578059,0.12145071561181435,0.11839654915611814,0.12058744008438818,0.6293068773784355,0.12737908689217758,0.6324911434599155,0.33940108860759494,0.028107763291139242,0
23424,2022,719,0.6870653685674548,0.6988880973574408,0.04235434102920723,0.12104353671766341,0.4189715159944367,0.42442547844228096,0.7031038191933241,0.6803076397774687,0.6758031043115438,0.11943737134909597,0.13349416592489569,0.13319522114047289,0.6395600739191074,0.12503454839609485,0.8159451279554937,0.178353159527121,0.005701715340751043,0
23429,2022,341,0.7653958944281525,0.6714230938416422,0.10830875659824048,0.07533034428152492,0.39229343988269794,0.4136972903225806,0.7260575454545455,0.708038586510264,0.6870859002932551,0.1070031788856305,0.08923944721407624,0.08248624076246334,0.6159150294985251,0.12314372831858407,0.6222088592375367,0.3243772815249267,0.05341385395894428,0
23428,2022,345,0.7014492753623188,0.6534486202898551,0.08355730869565217,0.09356991507246376,0.4765289449275363,0.34677243478260866,0.6952833014492753,0.6944517014492754,0.6867914811594202,0.07738712463768116,0.08037854347826086,0.08055109072463769,0.6179911130434782,0.12931761623188404,0.8152040869565217,0.17212485507246375,0.012671094173913044,0
23643,2022,629,0.8028616852146264,0.700808812400636,0.11422239761526232,0.09129740047694754,0.3532641081081081,0.4465012623211447,0.7857761955484897,0.7869943895071543,0.7925466152623212,0.11897849904610493,0.11140695135135134,0.10396581526232114,0.63234564,0.12142201279999999,0.7287316772655008,0.1274009682034976,0.143867346581876,0
23053,2022,418,0.6507177033492823,0.6111109736842105,0.07395213421052631,0.16783620406698566,0.4453473755980861,0.37411740669856464,0.7001657464114833,0.678137894736842,0.6760910215311005,0.10453035478468901,0.12207409330143541,0.12787565550239235,0.6551384832535886,0.12547636531100478,0.6337064641148326,0.284002485645933,0.0822910880382775,0
23857,2022,346,0.6589595375722543,0.5879165838150289,0.12159409248554913,0.16745431213872833,0.4142877774566474,0.42161185549132946,0.687726210982659,0.6672952196531792,0.6506017572254335,0.11570514190751446,0.11578933901734105,0.11810900491329479,0.6178563779069768,0.12015473691860466,0.5695277052023122,0.3531318034682081,0.07734048728323699,0
24300,2023,2636,0.5015174506828528,0.4835517921092565,0.27973748975720786,0.17143720333839152,0.33686432359635815,0.4741969081942337,0.5062828736722307,0.5044896399848255,0.5035229704097117,0.1985924955235205,0.19995078376327768,0.20048176593323216,0.5189309370018975,0.14802337601518026,0.46430983952959026,0.44442604476479514,0.09126410174506829,1
23633,2023,2743,0.5916879329201604,0.5215152314983594,0.20450994203426906,0.14661913051403572,0.3360708370397375,0.46396210936930365,0.5852314600802041,0.5813640565074736,0.5758573065986147,0.12612390138534452,0.129579740940576,0.13278783948231865,0.5187260510390084,0.1506384043018593,0.5259962839956251,0.3779751418155305,0.09602856879329201,0
24344,2023,970,0.5525773195876289,0.505905923632611,0.26614854592363263,0.10380679267285862,0.37311496800825594,0.4482353374613003,0.5446721091476091,0.5473956278586279,0.5413682328482329,0.09739982837837838,0.09209919844074844,0.09627931767151766,0.5199436935817805,0.14591526542443065,0.5620899329205367,0.21220912899896802,0.22570092249742002,0
22547,2023,606,0.45874587458745875,0.47779779702970293,0.25938441584158417,0.14030959405940593,0.3536261072607261,0.471416099009901,0.4842488432343234,0.4517791798679868,0.44767490099009905,0.14858550247524754,0.15412900297029702,0.15112909785478548,0.5387951402640264,0.13961189603960397,0.4394970907590759,0.5499227211221123,0.01058021702970297,1
23418,2023,728,0.5631868131868132,0.614856364010989,0.1533135618131868,0.11673468543956043,0.37278597115384615,0.44208486263736263,0.5520054038461538,0.5704744313186814,0.5670566552197802,0.09489656277472529,0.10038132692307693,0.10275880576923077,0.5222529148351649,0.14681041813186813,0.684121635989011,0.2683338337912088,0.0475445434065934,0
23542,2023,390,0.5230769230769231,0.5682477102564102,0.23084234615384616,0.12743665384615385,0.3605312333333333,0.441489041025641,0.5028619051282052,0.5258758974358975,0.5521538948717948,0.12276056692307692,0.1353655935897436,0.13074090205128205,0.5253657197943444,0.14453833419023135,0.5262177897435898,0.3380296692307692,0.13575254102564102,0
23857,2023,1134,0.48059964726631393,0.5469150008818342,0.18152916578483244,0.15320190388007054,0.41028085097001765,0.41956056172839507,0.4696348818342152,0.47903562522045856,0.4803119109347443,0.13051094047619047,0.12950370590828925,0.128578335978836,0.5194176358024691,0.15049474867724869,0.5818853306878308,0.3047913791887125,0.1133232930335097,1
23478,2023,573,0.4083769633507853,0.4908029197207679,0.23635146596858642,0.14177647120418846,0.3820441012216405,0.4057125776614311,0.41921668446771376,0.4111162565445026,0.40750258987783594,0.15800991797556718,0.1567258294938918,0.15504374694589879,0.5205035863874345,0.15049178429319374,0.5692777626527051,0.334977277486911,0.09574493019197208,1
24028,2023,624,0.5224358974358975,0.47133645906902083,0.25953136597110754,0.171638662600321,0.3643085040128411,0.4823677704654896,0.551017475,0.5154074399999999,0.5171840366666667,0.15753386683333334,0.14697395833333335,0.145407641,0.5304526233974359,0.1458908875,0.5258093306581059,0.45695844301765653,0.017232227447833065,1
23112,2023,642,0.48598130841121495,0.5704865015576325,0.1832805171339564,0.15010715109034267,0.3561699968847352,0.43544113551401864,0.4717490280373831,0.4965828971962617,0.5205379205607477,0.1955725781931464,0.1990526417445483,0.19008077087227415,0.5251630171339564,0.14448658426791278,0.512734222741433,0.2702345700934579,0.21703121962616823,1
24252,2023,1220,0.48032786885245904,0.5038247680327869,0.22549473032786885,0.18157831721311474,0.3549483737704918,0.4857272959016394,0.49171973524590157,0.4891137270491803,0.492080643442623,0.20771936131147542,0.20106785975409835,0.20178654344262295,0.5181635578342905,0.1498619114848236,0.630644974590164,0.12399629836065575,0.2453587344262295,1
23440,2023,2342,0.4918872758326217,0.5305668296327924,0.2361384491887276,0.1422078262169086,0.3502848582408198,0.4841425435525192,0.4963325029888984,0.497610109735269,0.4992736827497865,0.15649429615713067,0.15758443936806146,0.16008371776259608,0.5223496481402309,0.15072464078666098,0.49237720836891546,0.4348082446626815,0.07281454069171649,1
22231,2023,1560,0.5006410256410256,0.5725316121794872,0.18503163782051282,0.1614349628205128,0.3335425634615385,0.45478697435897436,0.495979008974359,0.5072092769230769,0.511806008974359,0.17495862852564104,0.17180009615384614,0.1700834294871795,0.5182598807692308,0.14894540282051283,0.45560661346153847,0.23252106987179486,0.3118723032051282,1
22996,2023,766,0.5261096605744126,0.5655522558746736,0.20364111488250652,0.1402123276762402,0.35039863446475195,0.46814066057441256,0.5197820104438643,0.5280813563968668,0.5316200352480418,0.15092418994778067,0.14085402898172325,0.13708743080939947,0.5183484203655353,0.15002857832898173,0.6179968224543081,0.09041916148825066,0.2915840391644909,0
22397,2023,1161,0.5107665805340224,0.5454435417743325,0.20780212747631352,0.1613788785529716,0.3741276959517657,0.42790302928509905,0.5182918819982772,0.5093717398794143,0.5120160258397932,0.21419011696813092,0.20772951464254952,0.20481051317829457,0.5186552687338501,0.15131213445305772,0.5421800206718346,0.1715310766580534,0.2862888966408269,1
23935,2023,785,0.48662420382165605,0.5243754585987261,0.2791384407643312,0.13493119363057324,0.35953631592356694,0.47696356305732485,0.4757868063694267,0.4830834127388535,0.48166907898089173,0.13879347439490447,0.13291506101910827,0.13407146165605094,0.519970301910828,0.14937791745222928,0.45404957070063695,0.4812353605095542,0.064715085477707,1
22592,2023,322,0.5,0.4915031614906832,0.26630527018633543,0.14168043167701863,0.34893926397515523,0.45140954968944097,0.49413930124223604,0.49361661801242235,0.48993267391304346,0.17558877826086958,0.16527669161490682,0.16542476708074536,0.521479546583851,0.15320885714285715,0.5534959844720497,0.3645542795031056,0.08194972795031057,1
22782,2023,1097,0.4749316317228806,0.5165727866909754,0.21549508021877847,0.12981700820419326,0.409574162260711,0.42651617502278943,0.4972039061075661,0.4840220300820419,0.4831129507748405,0.13700641832269828,0.1366717676390155,0.13657836736554238,0.5210465214220602,0.14858576025524156,0.536626160437557,0.3481455642661805,0.1152282999088423,1
23288,2023,962,0.5519750519750519,0.5519523212058212,0.21157690332640333,0.15402915176715176,0.37952262474012477,0.44612506237006233,0.55307495010395,0.5522646611226611,0.5569839251559251,0.16597192037422037,0.16094378846153845,0.15966710686070684,0.5205852151767152,0.1497311083160083,0.632532579002079,0.18572450415800418,0.18174295010395008,1
22710,2023,912,0.5361842105263158,0.5541206315789474,0.21062457127192982,0.14583099671052632,0.3609134638157895,0.44697183991228073,0.5437173256578948,0.536915951754386,0.544450816885965,0.1629148282894737,0.161938132127193,0.1536578342105263,0.5180673684210526,0.14734141622807018,0.5793390471491228,0.22649374451754387,0.1941671951754386,1
22205,2023,487,0.4702258726899384,0.5531178213552361,0.19187531416837783,0.1595146344969199,0.39065764271047226,0.4442672381930185,0.4801101889117043,0.49123936960985626,0.4907349609856263,0.1874488110882957,0.18347795133470227,0.1810659772073922,0.5245547310061601,0.14743908069815195,0.6248749938398357,0.351705681724846,0.023419303696098563,1
21936,2023,640,0.459375,0.51415655625,0.23251822187500001,0.147626584375,0.3955280171875,0.42882796093750003,0.4496009234375,0.45905148906250004,0.454888053125,0.1811468721875,0.1591007471875,0.1622296284375,0.5183849109375,0.1458143234375,0.4988782203125,0.43533606249999995,0.0657857175,1
23880,2023,2984,0.5539544235924933,0.5756367198391421,0.19658104959785522,0.15140141152815015,0.34287545174262735,0.4627477798257373,0.5546337355898123,0.5496210777479893,0.547202336461126,0.16662747071045578,0.1722745686997319,0.17213388371313673,0.5176849949715052,0.15028565504525646,0.6009381685656837,0.16501245073726542,0.2340493649463807,1
24327,2023,2904,0.5371900826446281,0.5295619404064761,0.19016691457113333,0.16191868584223218,0.35781174130210125,0.4895662411298657,0.5388406190987125,0.5378927904148784,0.5361662349785408,0.1623451231402003,0.15836823690987123,0.1572360751788269,0.5222275385674932,0.14771925516528925,0.5422507202893558,0.2867487524285222,0.17100054357561145,1
23257,2023,329,0.39209726443769,0.5058673343465045,0.2830988176291793,0.14071185106382977,0.38843368085106383,0.4308815866261398,0.35840631003039514,0.388337811550152,0.4061291033434651,0.1872792954407295,0.1773712398176292,0.1718302498480243,0.523346170212766,0.1428725106382979,0.5672703161094225,0.055881351063829784,0.37684835866261396,1
23512,2023,636,0.5047169811320755,0.5522731525157233,0.1969570314465409,0.15150588836477988,0.37757898113207544,0.43129980660377354,0.521873929245283,0.5087087201257862,0.5063019088050315,0.1634222639937107,0.14945819732704402,0.15011318805031448,0.5174460455974843,0.14974476257861635,0.5412518789308176,0.2032007437106918,0.2555474040880503,1
23501,2023,880,0.48409090909090907,0.4997478977272727,0.2592102352272727,0.1464300840909091,0.36983892613636365,0.4660677068181818,0.46484402272727277,0.48016075113636364,0.47923568749999995,0.20552166249999998,0.18653024238636365,0.18804511761363638,0.5185937113636363,0.14821045954545456,0.5304248556818182,0.3836790886363637,0.08589603511363637,1
23043,2023,1083,0.43674976915974145,0.489753676823638,0.25352814404432134,0.16211055309325947,0.40712123638042474,0.42444259372114496,0.43566114035087716,0.43789028531855956,0.43803923084025853,0.18106825207756233,0.19117284755309324,0.18557246131117267,0.5247467820867959,0.14647684487534626,0.7322011819021237,0.08050809058171746,0.18729073591874423,1
23781,2023,2988,0.6194779116465864,0.612585748995984,0.12996054718875502,0.14376738955823293,0.3081705404953146,0.49014993340026775,0.6126318624497992,0.6115498236278447,0.6111950886880857,0.1691168544846051,0.16805993440428382,0.16775559672021417,0.5215460522088353,0.1489061315261044,0.5909913276439089,0.2074456750334672,0.20156298929049532,0
23897,2023,1465,0.4955631399317406,0.5226073392491467,0.2501871460750853,0.13395657542662118,0.3489942232081911,0.48428079180887373,0.4930972607508532,0.4884989440273037,0.48158007781569967,0.16565623829351536,0.16700556989761092,0.17526422593856655,0.5242401707650274,0.1455393756830601,0.4660348498293515,0.38387249351535835,0.15009265119453927,1
23235,2023,1445,0.5612456747404845,0.5903420373702423,0.1737867785467128,0.14604069619377164,0.34718882352941177,0.456571060899654,0.5639221882352942,0.563967305882353,0.5648845439446366,0.15341214664359862,0.14397266235294118,0.1415773594463668,0.5239330124567474,0.14890751833910035,0.48388743114186855,0.27239556193771625,0.24371699792387544,0
22598,2023,529,0.504725897920605,0.5484580491493384,0.20582410396975426,0.1236904820415879,0.3776701398865785,0.4086014593572779,0.5412386540642722,0.5406984120982986,0.5492129754253308,0.14999929489603026,0.12490431720226844,0.12777930226843098,0.5308536654064272,0.14427691361058603,0.6694983686200379,0.2615596899810964,0.06894195784499055,0
23459,2023,561,0.5169340463458111,0.5326360427807487,0.23270152049910875,0.1462155668449198,0.386721192513369,0.44006658110516933,0.5035520766488413,0.5254803725490196,0.5315614901960783,0.16044338395721924,0.14225263814616756,0.1454504126559715,0.5259989304812834,0.14492710695187166,0.53131011942959,0.22626677005347595,0.24242311764705882,1
21789,2023,905,0.5314917127071823,0.5198002740331491,0.2136510773480663,0.16114612044198895,0.374761053038674,0.4553218563535912,0.5071078110497238,0.5345306143646409,0.539087391160221,0.1538225670718232,0.15226876519337018,0.15473770928176794,0.5220231933701658,0.14771272077348066,0.5395450497237569,0.16846960220994475,0.29198535138121545,1
22738,2023,1169,0.5218135158254918,0.5125697382378102,0.24121153293413175,0.1573864362703165,0.37812841745081266,0.46379909666381525,0.5202825141146279,0.524424120615911,0.5254634662104363,0.16215532155688625,0.15109252044482463,0.15182433173652696,0.5190701779298545,0.14939110983746792,0.49881800684345595,0.08626012763045338,0.41492186056458513,1
23558,2023,1254,0.4704944178628389,0.48532632296650713,0.2788217950558214,0.14250727432216906,0.37476018740031897,0.4375371794258373,0.47331287161084534,0.46688721610845296,0.46684446172248806,0.15509121977671453,0.1562613101275917,0.1565077418660287,0.522517644338118,0.1477185629984051,0.6506726562998405,0.25705346650717703,0.09227388748006381,1
22293,2023,1092,0.5265567765567766,0.5313505503663003,0.21227266575091575,0.1680984120879121,0.35480078754578753,0.4636242692307692,0.5244416987179488,0.5211537316849817,0.524924347985348,0.15937385805860807,0.15342331126373626,0.15406501538461537,0.5212595146520146,0.14919748452380951,0.6360360485347986,0.31499697435897434,0.04896697673992674,1
23238,2023,923,0.5070422535211268,0.5219009209100758,0.2549193824485374,0.12628072914409535,0.3669995222101842,0.4460249144095341,0.54102273531961,0.5041320216684724,0.5083399945828819,0.11422646749729146,0.12740107627302275,0.12898976630552547,0.5262084756229686,0.14644654030335863,0.6154199414951246,0.22074308450704225,0.16383697399783317,1
22419,2023,1084,0.540590405904059,0.5292576854243543,0.22210914483394834,0.14228392066420664,0.36710915498154983,0.4621928560885609,0.5385518431734317,0.5500648994464945,0.5450835553505535,0.16042501798892989,0.14706755719557196,0.14582873634686347,0.5220765009225092,0.14881099833948339,0.5011635765682656,0.1822467315498155,0.31658970756457566,1
24224,2023,599,0.4373956594323873,0.4312906210350584,0.3608519732888147,0.1154618103505843,0.4422574090150251,0.4099838347245409,0.4322516761268781,0.4536168914858097,0.45223687479131885,0.11521195626043405,0.12456395041736228,0.12528810651085143,0.5277334507512521,0.1443320083472454,0.6696697245409015,0.26883911185308845,0.061491175792988316,1
24234,2023,431,0.4547563805104408,0.5192566171693735,0.2296425336426914,0.14554457076566124,0.39975943387470997,0.4304653271461717,0.4721313526682135,0.4831050719257541,0.4829817076566126,0.10660661972157774,0.10952812761020882,0.11085706821345709,0.5309019860788863,0.14604955614849188,0.47974781902552205,0.40790558700696056,0.11234655220417633,1
21955,2023,2798,0.4760543245175125,0.5383330425303788,0.1924877787705504,0.1573762462473195,0.3461940800571837,0.46360578663330954,0.4765269478198713,0.47541119120800573,0.4770165950679056,0.19167963727662618,0.18913728341672623,0.18762190385989994,0.5229562841315225,0.14696560614724805,0.3303348631165118,0.47371225804145817,0.19595287383845605,1
24388,2023,1312,0.4481707317073171,0.4538122990083905,0.2975834385964912,0.151164158733791,0.3518495514874142,0.4402880137299771,0.44987395413595416,0.44246108599508605,0.4454288165438165,0.18039125454545454,0.17210407452907453,0.162297266994267,0.5176854256292907,0.14740577269260105,0.4536944866514111,0.521016709382151,0.025288816704805494,1
23540,2023,1025,0.551219512195122,0.5327329687804878,0.21260663414634146,0.1594862292682927,0.39953501560975613,0.42107618341463415,0.5463680819512196,0.5453521580487805,0.5460348721951219,0.20720309775609758,0.20856871863414633,0.20394002829268293,0.5204608712195122,0.1466593687804878,0.44651439219512196,0.5001096985365854,0.0533759323902439,1
21441,2023,1396,0.49498567335243554,0.5449253051575932,0.21176223352435528,0.15321067550143266,0.36410528080229226,0.4326716053008596,0.4851565787965616,0.4926000458452722,0.4937917808022923,0.19516650823782236,0.19132234670487108,0.18830320630372493,0.5219053803724929,0.14784404441260746,0.3996508044412607,0.38066393481375355,0.21968527148997133,1
23650,2023,671,0.4172876304023845,0.5089727228017884,0.23795287928464978,0.15575169448584203,0.42082280476900147,0.4196485678092399,0.42542357675111775,0.42438054843517137,0.4353142652757079,0.20888565067064083,0.18632980417287628,0.18495908509687034,0.52332982414307,0.14776877943368108,0.6739364232488823,0.17113384053651268,0.15492971982116244,1
21372,2023,1214,0.4489291598023064,0.508620373970346,0.22781622570016474,0.15418758154859968,0.4015791680395387,0.4466116993410214,0.4573322018121911,0.44633989456342665,0.4453479752883031,0.15759202133443162,0.16654547907743,0.17152611334431633,0.5231670922570016,0.1482584859967051,0.5469588574958814,0.4164853476112026,0.036555799917627675,1
24265,2023,985,0.41928934010152286,0.4494628730964467,0.3108721878172589,0.14068674720812183,0.3728907258883249,0.4443878497461929,0.43554005989847716,0.4315767076142132,0.4307879766497462,0.13302652162436548,0.13772836964467003,0.13671371431472082,0.5179015904471544,0.14863337967479676,0.6236093817258883,0.24685056954314719,0.12954006294416245,1
22735,2023,1259,0.5011914217633042,0.5027502374900714,0.23078948848292294,0.1727331104050834,0.38655457347100874,0.44700894360603655,0.5062564955520255,0.5037832676727562,0.4989857180301827,0.17924275464654488,0.18063948196981733,0.18295235583796665,0.5253910810166799,0.1467212515488483,0.5501319396346307,0.06633837347100874,0.38352969340746623,1
23853,2023,1416,0.4964689265536723,0.4851536468926554,0.27492119562146894,0.14648545127118642,0.3707841475988701,0.4273094025423729,0.4981569738700565,0.49912749293785313,0.4917439540960452,0.14703010197740113,0.14785835127118643,0.15398434343220338,0.5261992683615819,0.14597370176553673,0.5461903269774011,0.2747443036723164,0.17906537358757063,1
22277,2023,2458,0.5988608624898292,0.50811288364524,0.23661872172497966,0.1546076057770545,0.3612223787632221,0.455358067534581,0.5902265854353133,0.592991902359642,0.5890318580146461,0.11764783576078112,0.12077604487388122,0.1228965725386493,0.5193360305250305,0.14970336214896213,0.45108568348250616,0.2744562013832384,0.2744580984540277,0
22908,2023,2331,0.4800514800514801,0.5447445598455598,0.1740360042900043,0.1483133419133419,0.3938627915057915,0.4236690012870013,0.4842813543543543,0.4922063384813385,0.4906388511368511,0.20473307867867868,0.20060717057057056,0.19930624367224367,0.5166149665379666,0.15116978833118835,0.5110272024882024,0.37581188717288716,0.11316091033891033,1
21690,2023,1105,0.6108597285067874,0.5386292470588235,0.23319531583710404,0.14831409140271493,0.3326887366515837,0.49455376832579184,0.6133572407239819,0.6078103764705882,0.6021468190045249,0.13301641746606335,0.1284785896832579,0.13522816742081448,0.5186864850678733,0.14979607601809955,0.5182914018099547,0.12114526515837105,0.3605633339366516,0
23637,2023,965,0.6010362694300518,0.4764308455958549,0.3387468538860104,0.11485989119170983,0.3495535616580311,0.4510511979274611,0.5935902341968912,0.5798353772020726,0.5833285056994819,0.08701858632124353,0.09378557088082902,0.09338910538860104,0.5251101844559586,0.14801407668393782,0.8252959658031088,0.17003691088082903,0.004667103430051813,0
23634,2023,1458,0.5493827160493827,0.5404791358024692,0.22257683058984912,0.13846133744855968,0.3446120171467764,0.4706827277091907,0.5518467030178327,0.5566341673525378,0.5538124561042524,0.1145615280521262,0.11796989691358024,0.11600619849108368,0.5204707647462277,0.14948817489711932,0.5962609348422496,0.3509481412894376,0.0527909341563786,0
22743,2023,1005,0.47064676616915424,0.5316754915422887,0.2258835542288557,0.16082238805970148,0.31776773731343283,0.5073611940298508,0.4505386976119403,0.46367530746268654,0.4659123144278607,0.2274620526368159,0.19983086865671643,0.1997427184079602,0.5218941870646766,0.14945774527363184,0.6286494398009951,0.23535529253731344,0.1359952656716418,1
22525,2023,910,0.532967032967033,0.5244979197802198,0.22777747912087912,0.13506845714285715,0.3909168978021978,0.44842365054945055,0.5470478,0.5411417736263736,0.5444098483516483,0.10239082769230769,0.11212922956043957,0.11678843406593406,0.5196628371837183,0.1500779119911991,0.5990022692307693,0.11554889340659341,0.28544883186813186,0
22720,2023,2453,0.48308194048104364,0.4906442637586629,0.3142091577660008,0.1543845495311863,0.278756043212393,0.5007337619241744,0.4897210917244191,0.48163754790053,0.4745849828781084,0.17372811769262128,0.17646083717896455,0.18139597105584998,0.518331381884945,0.14874583394532842,0.4029363868732165,0.1689064370158989,0.42815715776600083,1
23745,2023,1100,0.4590909090909091,0.550236510909091,0.2320343890909091,0.14110826,0.3405129081818182,0.4592645463636364,0.4705361454545454,0.47949425,0.48710801363636363,0.16273898872727272,0.15933222636363636,0.1654034781818182,0.5286022327272727,0.14554630809090907,0.4771858909090909,0.3100876209090909,0.21272646636363635,1
22708,2023,967,0.4550155118924509,0.49926443226473627,0.2557559927611169,0.15420903722854187,0.3901956194415719,0.43247091106514995,0.4541605077559462,0.444383316442606,0.437244728024819,0.1751655652533609,0.18193210134436402,0.18497261323681488,0.5215181065149949,0.14659220268872802,0.4658270775594623,0.21398034850051706,0.3201925687693899,1
22292,2023,958,0.48851774530271397,0.5016237004175366,0.27936487682672234,0.1266136764091858,0.3858239770354906,0.4266576430062631,0.4917303768267223,0.5036296795407098,0.5047762901878915,0.13411408235908143,0.13223022818371608,0.1290349946764092,0.5362918987473905,0.13885781054279747,0.52821572651357,0.32704932776617957,0.14473494050104382,1
22028,2023,826,0.45278450363196127,0.4835022457627119,0.27037089104116224,0.17387650847457625,0.35640732566585953,0.46480954479418884,0.44886222033898304,0.4612085012106537,0.45682379055690076,0.18573259588377725,0.18740935266343825,0.1889770314769976,0.5260819539951574,0.1483580411622276,0.4881052711864407,0.2864763474576271,0.22541837167070217,1
24283,2023,1881,0.5603402445507709,0.5684501063264221,0.19382055023923445,0.14081768421052632,0.3570358740031898,0.4660482860180755,0.5631692589048379,0.5655814455077086,0.5667141355661882,0.14921443157894737,0.149035448112706,0.14702916693248272,0.5171678819776715,0.15112674215842636,0.5010865332270069,0.290355884635832,0.2085575927698033,0
23035,2023,845,0.47337278106508873,0.4858236828402367,0.2555493088757396,0.172320624852071,0.3538037147928994,0.4765565325443787,0.4748703846153846,0.46359869349112426,0.4650766307692308,0.18336523798816567,0.18642121301775147,0.1825562,0.5173876224852071,0.14535134923076923,0.5165028946745562,0.3033426366863905,0.18015447455621303,1
22254,2023,1077,0.5598885793871866,0.5656044642525534,0.17674564716805943,0.15300605106778087,0.3630848997214485,0.45886906592386256,0.5486089777158774,0.5565460111420613,0.562740452181987,0.1628447929433612,0.16493808467966573,0.16434592293407616,0.5178592033426184,0.14851094800371403,0.5791633992571958,0.23499836490250697,0.1858382451253482,1
24063,2023,806,0.45161290322580644,0.4804737171215881,0.28176920223325064,0.16482040322580646,0.3805253598014888,0.4682977369727047,0.44858320843672456,0.44589131885856076,0.45115775558312654,0.17242410918114146,0.18441230620347393,0.1795539975186104,0.5186419565756824,0.14988191439205956,0.6057840707196029,0.39301224813895785,0.0012036824640198512,1
21402,2023,733,0.5989085948158254,0.5995986493860845,0.21823906957708047,0.1267197639836289,0.3290497571623465,0.45872059072305593,0.6386663478854024,0.61680817053206,0.6180691937244202,0.1252431472032742,0.12085446412005457,0.12302689126875853,0.5230646807639836,0.1475687257844475,0.4487940954979536,0.49944600682128243,0.05175992223738062,0
23848,2023,1027,0.5501460564751705,0.5611011713729308,0.188724299902629,0.14458166504381692,0.33708276241480034,0.47818633982473224,0.5455185608568647,0.5492246630963973,0.5464518899707888,0.1731964963972736,0.16243259552093475,0.1656409557935735,0.5157478149951314,0.15027245082765334,0.5076312570593964,0.3604142794547225,0.1319544664070107,1
22617,2023,840,0.5083333333333333,0.502755461904762,0.2611745880952381,0.1282817142857143,0.3822435023809524,0.4523478369047619,0.4868225523809524,0.5028796297619047,0.5049537595238095,0.1775491572619048,0.15178250702380952,0.1508902726190476,0.5216237607142857,0.1475762180952381,0.3817519738095238,0.584565425,0.0336826055952381,1
23561,2023,1837,0.5955362003266195,0.5826925356559608,0.2134590865541644,0.12634926183995646,0.35134517201959714,0.4529516113228089,0.6226423135547088,0.6019670821992378,0.5979522199237888,0.1106393927054981,0.11954257920522592,0.12277603168209035,0.5245194801306478,0.14890478225367448,0.5542605405552531,0.3170574686989657,0.1286819994556342,0
23347,2023,2208,0.5348731884057971,0.5480179103260869,0.20030074592391306,0.18102504257246377,0.35848923188405796,0.4555039384057971,0.5394833442028986,0.5379705122282609,0.5403381041666667,0.1824942694746377,0.1835697930253623,0.18107038451086957,0.5204607947439964,0.14827787018577254,0.5417681453804348,0.14432576856884058,0.31390609375,1
24440,2023,2246,0.4995547640249332,0.4936758752783964,0.2713409247216036,0.18936843973273942,0.3500581242761693,0.4801015870824053,0.49454925510204084,0.49620932142857144,0.4976926201298701,0.1811932793599258,0.18219264935064935,0.1818197639146568,0.5238207056990205,0.14687758637577916,0.708932229844098,0.19846319340757237,0.09260456356347438,1
24115,2023,2546,0.3813825608798115,0.41895645915161034,0.3731654893951296,0.144589310290652,0.39067487549096624,0.4546834461901021,0.38333165239591516,0.37841626787117044,0.37874960526315793,0.12663153307148467,0.12937496103692064,0.1299965567164179,0.5194415675569521,0.14843807623723487,0.605602793401414,0.25097623566378635,0.1434209465828751,1
24447,2023,906,0.47792494481236203,0.4743726453038674,0.21841725392265193,0.22351711160220994,0.4224447701657459,0.4119156220994475,0.48427674801362086,0.4864170953461975,0.48437792281498293,0.18919117048808173,0.19545770703745743,0.20200282860385926,0.5260844061810155,0.14440579801324502,0.5781558552486188,0.35701905524861877,0.06482507988950277,1
23761,2023,656,0.49847560975609756,0.48179917225609753,0.27337725,0.17301447865853659,0.4245585457317073,0.40755004420731705,0.5193455548780488,0.5118789649390244,0.5116112103658537,0.1679838513719512,0.1779348518292683,0.18433864024390242,0.5216556600609756,0.14726935975609756,0.5592619009146341,0.29699168902439027,0.14374638719512195,1
23665,2023,620,0.4629032258064516,0.4913520532258065,0.2551066870967742,0.1674819564516129,0.38428857096774194,0.4420742532258064,0.47683773709677413,0.46402527903225804,0.4657180548387097,0.16174696354838708,0.15936706645161292,0.1614821020967742,0.5171802838709677,0.15053749612903225,0.40487664677419355,0.574691279032258,0.02043208370967742,1
23630,2023,945,0.5661375661375662,0.5966797206349207,0.17371137354497357,0.1383468148148148,0.3539793841269841,0.4784742888888889,0.5772844518518518,0.5775709047619048,0.5771904158730158,0.1378339378835979,0.13718129185185185,0.13882195269841272,0.523677452910053,0.14724867439153438,0.5875257915343916,0.3632135164021164,0.04926068825396825,0
24444,2023,1107,0.5112917795844625,0.5127463417721518,0.19013482567811935,0.15743644990958408,0.4047062830018083,0.43571806871609403,0.4868252594644506,0.5000934506001847,0.505848136657433,0.17863553933518006,0.17324083333333334,0.16786041468144045,0.5259604164408311,0.14749413730803976,0.6361355379746836,0.26852839330922246,0.09533608372513562,1
22302,2023,458,0.44541484716157204,0.5086757947598253,0.28793950873362445,0.11883048034934497,0.36027626419213976,0.4643665065502183,0.44778387772925765,0.479621866812227,0.4758049978165939,0.11884784454148471,0.10946962598253275,0.11739196877729258,0.5213805262008734,0.14803537991266374,0.5505163886462882,0.3772828165938865,0.0722008076419214,1
24166,2023,388,0.4742268041237113,0.5646849896907217,0.20298794097938141,0.14860749484536084,0.39873294845360824,0.40762486340206183,0.46922060051546394,0.49583024226804123,0.5047610953608248,0.12249045077319588,0.12432310773195876,0.13044740283505155,0.5375652706185566,0.135670406185567,0.6948121572164948,0.2984028144329897,0.006785074639175258,1
23929,2023,797,0.5583437892095358,0.5530449422835634,0.19981649435382687,0.1301466461731493,0.3770896511919699,0.43586070012547057,0.5643103375156838,0.5528432308657466,0.5627418130489334,0.16026007666248432,0.13814924654956084,0.14043788657465497,0.5271306386449184,0.14556449598494353,0.6440778531994982,0.23680165997490588,0.11912050815558343,0
24410,2023,2797,0.5230604218805863,0.5259472557224606,0.23973968168812587,0.19022050804721033,0.3165128619456366,0.4819587149499285,0.5247427741097923,0.5247961543026706,0.5250396524480712,0.1835843353486647,0.18486065548961422,0.18524317729970324,0.5210787643904183,0.14768399642474078,0.6193092664520744,0.22380725454220315,0.15688346648783977,1
24164,2023,1972,0.59026369168357,0.554171909229209,0.17098726470588235,0.14374107302231237,0.32950405020283974,0.4882405486815416,0.5885425111561866,0.5850558286004057,0.581870911764706,0.1329412080121704,0.13389408803245437,0.13513206997971602,0.5196928727180528,0.14878670334685598,0.6004051693711968,0.325061787525355,0.07453304143002029,0
22651,2023,933,0.4555198285101822,0.4619244222936763,0.26537428081457665,0.15422080278670955,0.4084504297963558,0.3993169496248661,0.4334341136120043,0.45605899892818863,0.4573728370846731,0.20890753001071813,0.18074268853161843,0.18276839989281887,0.5217670246516612,0.14801228081457665,0.4676379335476956,0.43478159592711685,0.09758047995712756,1
23979,2023,795,0.5069182389937107,0.5344874842767295,0.24999873836477987,0.11527130440251572,0.38188915471698115,0.40540110566037735,0.5223062503144654,0.4958782062893081,0.5033898100628931,0.10915657283018869,0.11784559408805031,0.11271393257861635,0.5267461647798742,0.1473250116981132,0.5415124075471698,0.1287162113207547,0.3297713899371069,0
23719,2023,2521,0.5684252280840936,0.6004090690202301,0.15865578778262596,0.1421763240777469,0.3653075961919873,0.4363452673542245,0.5662331626338755,0.5688130940103134,0.5725116838556128,0.16444906203887347,0.16124122332407775,0.15850322967076555,0.5234952340341135,0.14836702221340736,0.47210708052360173,0.28251650218167396,0.24537642364141216,0
24305,2023,2886,0.4902979902979903,0.47910790679140675,0.2708162054747055,0.1604290498960499,0.36787034095634097,0.4602580568260568,0.48434131496881494,0.48127050346500344,0.4803231074151075,0.15152631195426194,0.1534855488911989,0.15438833756063758,0.51962251004851,0.14870356767151768,0.5188551801801802,0.19776089708939706,0.28338392966042963,1
23932,2023,1267,0.47513812154696133,0.5528212312549329,0.19344950828729282,0.13610988161010262,0.38004377426992897,0.4326636045777427,0.4811790986582478,0.47994387134964483,0.4948705264404104,0.13980354640883977,0.14269613291239147,0.14233433062352013,0.5186683883188634,0.15046118547750592,0.46683811128650354,0.4091311846882399,0.12403069329123914,1
23903,2023,2564,0.4208268330733229,0.44849993291731666,0.30384870163806554,0.17544611349453978,0.3866018966458658,0.4324725900936038,0.4171931302652106,0.42152241536661467,0.42148838611544465,0.17042698607644305,0.17604835752730108,0.17871315990639627,0.5222322102184087,0.1465255179407176,0.47785483580343213,0.39145292043681745,0.1306922437597504,1
22759,2023,2630,0.48250950570342205,0.5007207414448669,0.23913910950570344,0.14694657490494298,0.3730660186311787,0.4334405996197719,0.48390766273764263,0.47993785171102665,0.4799161140684411,0.15867553946768062,0.16131157368821292,0.1611086102661597,0.5190031627995436,0.1490582593381514,0.43607759087452475,0.4219302258555133,0.14199218593155893,1
24038,2023,763,0.47182175622542594,0.45066438007863696,0.3260332123197903,0.13993307994757537,0.42873941546526867,0.4261558558322412,0.46576189515072086,0.4873288020969856,0.4846997011795544,0.15989089043250326,0.15444536710353868,0.1551843376146789,0.5239481598951508,0.14647034325032765,0.6327866985583225,0.3525308925294888,0.014682414023591087,1
23555,2023,2229,0.4607447285778376,0.4754526316733962,0.3021566025123374,0.1396043862718708,0.39399825930910726,0.4427636657694033,0.463777001345895,0.4726875114401077,0.4714739273216689,0.1343867398384926,0.13059581408703455,0.13377873396141768,0.5224220883804396,0.14769790847913863,0.5238671408703455,0.3087422552714222,0.16739061238223418,1
23769,2023,1871,0.46018172100481025,0.47505187439871727,0.3167414259754142,0.14615189898450026,0.37692038268305716,0.4472285082843399,0.4782118487439872,0.46357484233030466,0.45627290005344734,0.14169774061998933,0.13854391528594334,0.14075402153928382,0.5200088556921432,0.1464817229823624,0.5249115189738108,0.3062076616782469,0.16888081667557456,1
23590,2023,916,0.45524017467248906,0.48304147161572053,0.27188086026200875,0.1466874093886463,0.36827226855895195,0.43240819432314415,0.4627502652838428,0.46297383406113535,0.46202633733624454,0.1655603944323144,0.16669160032751093,0.16468413373362445,0.5167137958515284,0.14691689901746727,0.45738987445414847,0.426636346069869,0.11597379694323144,1
23589,2023,998,0.4909819639278557,0.5365141012024047,0.22772818737474948,0.13543190581162326,0.3946879198396794,0.43851613927855715,0.47910327855711426,0.4924236683366734,0.4958098977955912,0.17751452605210422,0.16939051613226452,0.16779512494989982,0.522593878757515,0.1473764869739479,0.46094923547094185,0.4064410931863728,0.13260964428857716,1
22469,2023,439,0.38496583143507973,0.5775128974943052,0.19988361503416857,0.11701932574031891,0.3705068268792711,0.43141667881548973,0.5017968747152619,0.4922831958997722,0.49516939407744875,0.09208558041002278,0.08115753917995444,0.08339289521640092,0.5493158577981652,0.1353401848623853,0.5254628952164009,0.3193726765375854,0.15516442824601365,0
23437,2023,855,0.4257309941520468,0.47787525847953216,0.26420847719298246,0.13736900350877193,0.3803576701754386,0.4202473263157895,0.42785108304093566,0.4377044292397661,0.44630224210526315,0.16701653450292397,0.1776366245614035,0.1742091649122807,0.5294856991774383,0.1444399830787309,0.5551137368421053,0.40587383040935676,0.03901243473684211,1
24178,2023,604,0.4519867549668874,0.5423497599337748,0.22126139238410597,0.14253009602649006,0.4674411490066225,0.3927313360927152,0.4534994387417218,0.48728468708609274,0.5134265629139073,0.14152831274834438,0.14752174039735097,0.14549855463576158,0.5415423841059602,0.1386391665562914,0.5727436357615894,0.27321804470198674,0.1540382915562914,1
23426,2023,487,0.4804928131416838,0.6136679507186859,0.16566944353182753,0.12110577823408623,0.38665348665297744,0.4128876098562628,0.49995101848049284,0.4890096529774128,0.5013615872689938,0.13821385770020533,0.13866981293634498,0.13489073059548257,0.5344307371663244,0.13808162361396303,0.572803453798768,0.3981282669404517,0.029068290349075973,0
22094,2023,814,0.5319410319410319,0.4829965147420147,0.30544835380835383,0.14007010933660935,0.35000529852579854,0.4411197702702702,0.5389615380835381,0.5417990442260442,0.5472567186732187,0.11416502100737101,0.1254368699017199,0.1267722418918919,0.5320549237392374,0.146334389298893,0.6657773144963145,0.22108814373464372,0.11313454938574938,1
23439,2023,961,0.5338189386056191,0.5787385421436004,0.18472768886576485,0.1252137752341311,0.3628759417273673,0.4201826555671176,0.5547663694068679,0.5459233704474505,0.5506835452653487,0.12976578002081166,0.13925143506763787,0.13966446534859522,0.5252997294484911,0.14937938085327784,0.5771288168574402,0.4214548563995838,0.0014163397710718001,0
22820,2023,753,0.4409030544488712,0.47778968658698545,0.2474932802124834,0.1578054342629482,0.39150906108897743,0.4053373160690571,0.4265189030544489,0.44938330677290833,0.45385734661354576,0.11546965139442232,0.10785018432934927,0.10989152124833998,0.5553723501997336,0.13009101278295607,0.569197454183267,0.3048813320053121,0.12592121912350598,1
24089,2023,835,0.5221556886227545,0.516830605988024,0.2384469592814371,0.1399054994011976,0.38712068263473054,0.41679449700598803,0.5451103649101796,0.5370762958083832,0.5406506359281438,0.13837408814371258,0.14423806479041917,0.14220983125748501,0.5253385150060024,0.14649766746698678,0.5165731005988025,0.3764704898203593,0.10695645305389222,1
22867,2023,497,0.44064386317907445,0.4890695573440644,0.25955518913480885,0.15073543460764585,0.42158848692152917,0.4257268893360161,0.44799075050301806,0.4511333601609658,0.4469417243460765,0.13663545130784707,0.13153753118712275,0.13786239818913482,0.5336954556451613,0.13854537681451612,0.6974347867203219,0.29148400603621727,0.01108120633802817,1
22890,2023,2352,0.45790816326530615,0.4993471892006802,0.261086462159864,0.15642394260204082,0.35895515391156463,0.4334120807823129,0.47092900170068025,0.47525883333333335,0.47432926147959187,0.16938667555272108,0.16927017104591838,0.17338496271258502,0.5182617232142858,0.148354856335034,0.4915494081632653,0.29045773767006805,0.21799284481292516,1
23852,2023,858,0.46503496503496505,0.4751152902097902,0.26124777738927735,0.1376115244755245,0.3769700501165501,0.43612406410256416,0.4997676678321678,0.5069591223776224,0.5126066072261072,0.10968525372960373,0.11119130139860141,0.1141945421911422,0.5344949894982497,0.1467450633605601,0.506319175990676,0.44131765034965037,0.05236320186480187,1
24100,2023,1853,0.4975715056664868,0.5027090129519698,0.25479353642741503,0.1626396087425796,0.36837370372369127,0.4468891565029682,0.4980934991905019,0.49005078251484085,0.4881366184565569,0.12727052191041555,0.13560223864004317,0.13770474139233674,0.5260579805720453,0.14591671397733405,0.49002779007015645,0.4074348602266595,0.10253733874797624,1
23593,2023,2140,0.49252336448598133,0.5166009705607476,0.2642542742990654,0.17455077429906543,0.341402226635514,0.4652697691588785,0.4953692336448598,0.4942667808411215,0.49293554953271035,0.1896874353738318,0.18760792242990654,0.18663174299065421,0.5213909247663552,0.14804972967289717,0.3572851210280374,0.2762512219626168,0.36646365654205604,1
21940,2023,942,0.505307855626327,0.574577355626327,0.19651022717622083,0.14635116560509553,0.3368138450106157,0.4607024267515924,0.4991542346072187,0.49488757006369427,0.49476176326963905,0.2113142992569002,0.20443224861995754,0.20529685010615709,0.5243320658174098,0.14762342250530786,0.4431021804670913,0.21632396815286623,0.34057383333333335,1
24086,2023,1494,0.41365461847389556,0.43582554551539493,0.2913686432396252,0.1680883688085676,0.4346480809906292,0.4209214076305221,0.43415750736278447,0.44089191499330654,0.43722209772423026,0.13880483380187417,0.14874113219544846,0.14930035742971887,0.5207516753681393,0.14867253942436412,0.6314874578313253,0.36659220013386884,0.0019203533400267735,1
24020,2023,1444,0.45429362880886426,0.563887360803324,0.20681488434903048,0.11885110872576178,0.42026096052631573,0.41004593975069253,0.47305287603878116,0.47680801246537396,0.47643238365650964,0.1263053126731302,0.12432469826869805,0.12645955373961218,0.5353332475728155,0.13632541796116504,0.5455015367036011,0.4270414944598338,0.02745696613573407,1
21916,2023,1589,0.5645059786028949,0.5601462863436123,0.20862054940213973,0.1557857759597231,0.35971184896161107,0.436308386406545,0.5623693058527376,0.5570088074260541,0.5480556651982379,0.16497149729389554,0.15690462806796726,0.1571968930144745,0.5194821434864695,0.14769405601006924,0.4944757356828194,0.3122352341095028,0.19328903901825048,1
24240,2023,2096,0.48139312977099236,0.4793114713740458,0.24613649904580154,0.15798021803435114,0.39689828196564886,0.4434224880725191,0.4883019375,0.49279243463740463,0.48530296564885494,0.1775127945610687,0.1742356469465649,0.17469983874045802,0.5219839847328245,0.1469890209923664,0.5594428229961832,0.37784696660305345,0.0627102143129771,1
22318,2023,1083,0.5521698984302862,0.5760563638042475,0.23744882548476456,0.12330035364727607,0.34363946168051707,0.44714072576177283,0.5560719095106186,0.5494977220683287,0.5582329132040628,0.14535424275161588,0.1639861918744229,0.1597144704524469,0.5204872613111727,0.14934177285318562,0.5037209815327793,0.494312784856879,0.0019662414219759924,1
24099,2023,1390,0.4762589928057554,0.5185411669064749,0.22170853956834533,0.14583189712230216,0.3725032366906475,0.43104523741007195,0.47643290503597124,0.4929120525179856,0.49957461079136695,0.1412762537410072,0.13692651856115107,0.14083005971223023,0.5262903597122301,0.14407601007194246,0.5075812014388489,0.34301884100719426,0.14939997338129496,1
24319,2023,753,0.45152722443559096,0.4786888111702128,0.2530016114361702,0.16155400970744682,0.4155280598404255,0.40431257845744684,0.410712852238806,0.4500124701492537,0.44867420746268655,0.22566503462686566,0.19530800955223881,0.18484815373134328,0.5310882164674635,0.14275019800796812,0.6513297912234043,0.24840766489361701,0.1002625472074468,1
24076,2023,1343,0.4422933730454207,0.46004190692479524,0.26296784214445273,0.1860938927773641,0.4060601370067014,0.4256632472077439,0.453692358153388,0.47097790692479524,0.47371930379746835,0.19229479865971708,0.18287017944899478,0.1821383857781087,0.5238476537602382,0.14689811757259866,0.4861593633655994,0.33943804244229336,0.1744025763216679,1
23513,2023,549,0.4262295081967213,0.4985095810564663,0.22422738615664844,0.18681607832422586,0.39917952641165755,0.40987219307832423,0.42721064954462656,0.4435367650273224,0.46304531329690346,0.17709393606557378,0.19183595081967214,0.18705844262295082,0.5089261020036431,0.15281963387978142,0.5386919763205829,0.34757034608378873,0.11373768087431695,1
22389,2023,1927,0.5225739491437468,0.5664746440062274,0.21710678567721847,0.12129303528801247,0.35153955319148933,0.4522926725480021,0.5262143217436429,0.5212346512714063,0.5198276704722367,0.15609371510119358,0.14000864047742603,0.13454621883757137,0.5218343627400104,0.14722403585884797,0.5871086637259989,0.3200835822522055,0.09280775563051374,0
22925,2023,325,0.47384615384615386,0.5193251384615384,0.2254856676923077,0.16466539692307694,0.40201510461538464,0.41813501846153844,0.49111151076923076,0.4888604369230769,0.5068333876923077,0.18367563323076921,0.18023131446153845,0.17693572615384615,0.5402008276923077,0.1377063516923077,0.4776869815384615,0.4395337046153846,0.082779284,1
22253,2023,476,0.5546218487394958,0.560442468487395,0.2398225651260504,0.12105298319327731,0.3541365567226891,0.44576478361344535,0.5913640798319328,0.5728869012605042,0.5662136974789916,0.13531582773109244,0.1365863972689076,0.1402087962184874,0.526302525210084,0.14688617857142858,0.49730054201680673,0.35059639495798317,0.1521030714285714,0
23786,2023,1100,0.49454545454545457,0.5131210745454545,0.23513340636363636,0.1588122381818182,0.3715375490909091,0.4301614036363636,0.47715053499999993,0.4919362845454545,0.50080414,0.1786077509090909,0.17143607181818182,0.1700302818181818,0.5213727618181818,0.14801429454545453,0.5904750763636364,0.3050774154545454,0.10444749645454544,1
22163,2023,1261,0.507533703409992,0.565052757335448,0.16272768834258525,0.14156965344964312,0.35881529024583664,0.43190749722442506,0.5197132926249008,0.5227655915939731,0.5249347176843775,0.15025069619349724,0.14448589310071372,0.14631140206185567,0.5239416756542427,0.14539335733544806,0.43919410626486916,0.14084500317208565,0.41996088263283105,0
22192,2023,1717,0.45719277810133957,0.4825484571927781,0.28836006639487477,0.12306862434478742,0.36525071228887596,0.4553608998252766,0.4521428654630169,0.44672017880023296,0.4460121968549796,0.13820721991846244,0.13762097781013397,0.1371430933605125,0.5288587839254514,0.14393101997670354,0.5732560786255096,0.37128249388468254,0.055461453057658705,1
23421,2023,945,0.49523809523809526,0.6663620592592592,0.1127123328042328,0.11330560317460318,0.38132272380952376,0.41576315767195765,0.4969239714285714,0.5198621365079366,0.5462050497354497,0.15060963333333335,0.1394282383068783,0.1334992184126984,0.5643524802981895,0.13203633397231096,0.5807267767195767,0.352526055026455,0.06674714,0
23105,2023,747,0.47657295850066933,0.5144043775100401,0.21560436144578313,0.1609063721552878,0.4174705515394913,0.4125810736278447,0.4475057617135208,0.47521436546184737,0.4884103627844712,0.15231193922356093,0.16170242945113789,0.16009781004016066,0.5273442091152815,0.14581425603217157,0.6040075368139224,0.2897678888888889,0.10622454082998661,1
24152,2023,851,0.46298472385428907,0.5970503807285547,0.16541394430082257,0.1264958143360752,0.41436177673325497,0.41413259929494717,0.4642309341950646,0.4791324136310223,0.4956794876615746,0.10472278813160986,0.10526918683901293,0.10706757085781433,0.5617474964622642,0.1332509320754717,0.7101870188014101,0.2582888166862515,0.03152416792009401,0
23424,2023,506,0.4743083003952569,0.6325163675889328,0.10988930395256917,0.1248902371541502,0.39566471343873516,0.4497655652173913,0.4679642233201581,0.48441585770750983,0.493990871541502,0.11691127628458499,0.10379178043478261,0.10813426679841898,0.5625433406813628,0.12795334188376753,0.7651593833992094,0.2170791067193676,0.01776149624505929,0
22278,2023,799,0.49937421777221525,0.5017877784730913,0.23726030413016272,0.1625721827284105,0.4044929311639549,0.40495264455569463,0.5047224267834793,0.5047548473091364,0.5068341163954944,0.11987312803504381,0.12502044130162704,0.12964893591989987,0.5279924418022528,0.14609792403003755,0.6054567033792241,0.29619808886107635,0.09834520750938673,1
22721,2023,801,0.49313358302122345,0.5274643595505618,0.23654270786516854,0.1515082247191011,0.3593712609238452,0.43524951560549313,0.4560482334581773,0.4569161460674157,0.46786452559300873,0.15322165168539326,0.14745146104868914,0.15105637540574282,0.5258977428214732,0.14643550436953806,0.4534951123595506,0.33392579275905115,0.21257909612983772,1
22380,2023,1248,0.5232371794871795,0.5347511915064103,0.24677161298076924,0.13502536538461538,0.34679210576923075,0.455837484775641,0.5423655336538461,0.5214131426282052,0.5229770208333334,0.12540211009615385,0.14294214463141025,0.14316031538461538,0.5221554439102564,0.1487228205128205,0.47598586858974357,0.18431830849358974,0.3396958157051282,1
23617,2023,715,0.46293706293706294,0.49325849930069926,0.2604076027972028,0.11887192587412587,0.40748425454545456,0.3917675188811188,0.44944644895104896,0.4578357090909091,0.4635606517482518,0.14252230601398602,0.1473231423776224,0.14760541118881118,0.5386964461538462,0.13697278685314687,0.4918531748251749,0.3366154783216783,0.17153135244755247,1
23930,2023,770,0.44285714285714284,0.479483525974026,0.27115582727272725,0.17686066753246754,0.3931344376623377,0.39583524805194803,0.44959529090909095,0.4855568454545454,0.4877113506493506,0.14704496090909092,0.14994696363636364,0.1543180961038961,0.5313431324675325,0.1443789705194805,0.513043625974026,0.37123304285714287,0.11572332337662337,1
22840,2023,388,0.5360824742268041,0.5838748788659793,0.16409982989690722,0.1353008144329897,0.4345686417525773,0.41530930154639173,0.5497705695876288,0.5666256520618557,0.5690895618556701,0.12649944458762885,0.12349039613402063,0.12349523170103092,0.5775236262886598,0.12830580798969074,0.4918601391752577,0.18770787371134018,0.320431956185567,0
23860,2023,682,0.4912023460410557,0.5972251319648094,0.16833781964809383,0.16041927565982406,0.38801481818181816,0.41533259677419354,0.44690040615835774,0.5022170117302053,0.5218675953079179,0.13641087639296187,0.11848682008797655,0.11470992521994135,0.5465774545454546,0.13238464648093842,0.5416620630498533,0.31007262463343105,0.14826529912023462,0
23231,2023,568,0.5211267605633803,0.6374311197183099,0.13450697535211267,0.1177439559859155,0.37389619366197185,0.4434153028169014,0.5078802711267606,0.5167122781690141,0.5262563661971831,0.11148306408450705,0.10451995387323944,0.10435397376760563,0.5536174295774648,0.13366043045774648,0.5138931795774647,0.3881617447183099,0.09794509595070423,0
24017,2023,303,0.38283828382838286,0.3720382715231788,0.32601754370860925,0.11083764701986754,0.5402017417218543,0.29271394072847684,0.3905235594405594,0.3706114020979021,0.3685445874125874,0.08990699685314685,0.1101021311188811,0.1195076825174825,0.5464589503311259,0.12790155529801325,0.8239060562913907,0.13415438774834437,0.04193954437086093,1
24387,2023,1003,0.4995014955134596,0.47873944610778446,0.2736163622754491,0.14036992854291416,0.3570674910179641,0.43237120459081835,0.5085022803943045,0.49677295071193867,0.4900119474260679,0.15394557174151152,0.14684547097480832,0.1442401182913472,0.5167436769690927,0.14892711764705882,0.612694869261477,0.28097037834331334,0.10633473193612775,1
24129,2023,1022,0.3806262230919765,0.4521801712328767,0.3075066790606653,0.16769556653620354,0.4142810577299413,0.40919394520547947,0.38087514774951076,0.38479846575342463,0.3823048199608611,0.16798474187866927,0.17105775127201567,0.17267674246575343,0.5182312045009785,0.14932347015655578,0.5440064236790606,0.34526453522504896,0.11072903718199609,1
22575,2023,841,0.47919143876337694,0.5186807098692033,0.24643279310344826,0.15593643400713436,0.3467157063020214,0.4539734233055886,0.4810164637336504,0.4829339738406659,0.4841295826397146,0.1546139501783591,0.1588880724137931,0.16027269655172413,0.5192024149821641,0.14969651950059454,0.5564531997621879,0.21768422948870395,0.2258625422116528,1
24343,2023,864,0.4074074074074074,0.38177889918887603,0.3794112491309386,0.11045697555040555,0.42629891888760135,0.40325646465816917,0.39091800385604114,0.388270763496144,0.38050623136246786,0.11934572789203085,0.118237940874036,0.11901807712082262,0.55998240625,0.13417588611111111,0.6646745955967556,0.26642122943221325,0.0689042033603708,1
22368,2023,431,0.4895591647331787,0.5355487563805105,0.24847150580046404,0.11895389327146172,0.36380503712296985,0.4461092853828306,0.5089280371229699,0.507495,0.5208145498839907,0.12496937076566125,0.11751716218097448,0.12310001206496521,0.5406171255813953,0.13984616976744185,0.5000544129930394,0.49569887935034807,0.004246691067285383,0
24222,2023,2757,0.5270221254987305,0.5369824932898077,0.21996370982952482,0.14559823032281463,0.3385361218715996,0.46684362785636563,0.5221594338048603,0.5266438396808124,0.5281538113891912,0.13609715161407326,0.13132383463910047,0.13005684370692783,0.5205212002176278,0.14806078491113528,0.48264474392455564,0.30498217011244105,0.21237307943416756,0
24424,2023,815,0.5214723926380368,0.4835115282555283,0.2587932727272727,0.1894417972972973,0.3336484803439803,0.45875113882063884,0.5211393548830812,0.5027443810178817,0.4985589738651995,0.17297387826685007,0.18836042365887207,0.18839074002751033,0.5185317570552147,0.14746959141104296,0.6169452665847666,0.0685519312039312,0.3145027793611794,1
21961,2023,2751,0.5089058524173028,0.556258417302799,0.17827374300254453,0.1736073413304253,0.34323586913849513,0.4658091014176663,0.5085120519810978,0.49975529989094875,0.4973594118502363,0.18035013413304252,0.1858953744093057,0.18789567720828793,0.5189740719738277,0.1490800109051254,0.5622666339512904,0.22088204398400582,0.21685132969829152,1
22621,2023,327,0.4740061162079511,0.5153000948012232,0.2676814495412844,0.11745717737003057,0.38172068501529055,0.43449373088685017,0.4326648354740061,0.4648813455657492,0.48148805810397555,0.16858787645259937,0.1432127504587156,0.13699147889908259,0.5255571376146788,0.1469215626911315,0.47537817431192664,0.4112608379204893,0.1133610122324159,1
23790,2023,646,0.5944272445820433,0.5832843947368421,0.23860720743034056,0.12223218328173376,0.32417725386996904,0.4594384458204334,0.5289888715170279,0.5918763544891641,0.5937332476780185,0.14722553854489165,0.10882990959752323,0.1171701404024768,0.5233705263157894,0.14404004659442726,0.6018792337461301,0.2659367291021672,0.13218405572755418,0
23225,2023,866,0.5346420323325635,0.45906993879907626,0.26887944457274826,0.1538017286374134,0.35575453579676675,0.4901443337182448,0.5316389064665127,0.5214544480369515,0.5225358302540416,0.10133111466512702,0.111567180369515,0.11007164595842955,0.5224225955967555,0.15142738794901506,0.6463163914549654,0.34962357621247114,0.004060021662817552,1
23642,2023,1458,0.52400548696845,0.6378560384087791,0.13983974485596706,0.12205206241426612,0.37252696776406036,0.443129085048011,0.492018085733882,0.5186977798353909,0.5198933127572016,0.13239435,0.12135003264746227,0.1252260853909465,0.5326091872427984,0.14588297043895748,0.6115977215363512,0.24840998834019204,0.139992280521262,0
22435,2023,1793,0.535973229224763,0.5879609715560514,0.15963663134411601,0.13007278806469605,0.3590838176240937,0.4434973100948132,0.5512755995538204,0.551151633575014,0.5463899514779699,0.15673857819297268,0.15376901226993864,0.147679556218628,0.5222890786391523,0.14683553653095371,0.4522416307863915,0.41953481372002227,0.12822357334076967,0
22427,2023,369,0.5013550135501355,0.553918677506775,0.17988939566395665,0.13976566666666668,0.3584047100271003,0.42340847154471545,0.5324804579945799,0.5378782249322493,0.535935674796748,0.14284542547425474,0.16464065040650408,0.16954544173441735,0.5314422601626017,0.1455078943089431,0.5053372601626016,0.4041535257452575,0.09050921192411923,1
24205,2023,544,0.46691176470588236,0.4855387738970588,0.30009313970588236,0.14592071875,0.3976752922794118,0.4432930735294118,0.43367705330882356,0.4504165900735294,0.4512064117647059,0.19024562610294118,0.18102439889705882,0.1795032794117647,0.5238511068139963,0.14632596869244935,0.49864588786764713,0.09565866397058823,0.40569545772058824,1
22761,2023,650,0.5523076923076923,0.5450029523076922,0.21936471999999999,0.09131047415384616,0.4115562861538462,0.41741448,0.5624739830769231,0.5321683123076923,0.5346830230769231,0.09564017907692307,0.10739046030769231,0.11076003615384615,0.5318667753846155,0.14362441323076922,0.3919249969230769,0.43166364,0.17641138307692308,0
21813,2023,300,0.49,0.5263636533333333,0.21399542000000002,0.12216595666666667,0.3887756866666667,0.4149524633333333,0.55993423,0.5231425799999999,0.52247316,0.10101540266666667,0.120084617,0.12982287733333334,0.5294584466666666,0.142870799,0.38184387999999997,0.47304542999999993,0.14511067333333336,0
24389,2023,2047,0.4748412310698583,0.47064254789833826,0.2708262008797654,0.1491185441837732,0.39351367008797655,0.4190363020527859,0.46285282807731437,0.46312338860630725,0.4624517080366226,0.16006720605289929,0.1614627431332655,0.15964362512716176,0.5213365437225208,0.14800376111382513,0.4761651901270772,0.3363055928641251,0.18752918670576735,1
23005,2023,327,0.48623853211009177,0.5092527308868502,0.27183430275229353,0.11453904587155964,0.40616982568807336,0.42587151376146787,0.5108794097859327,0.5183147522935779,0.5071860672782874,0.09239309388379205,0.09119003944954128,0.09522358134556574,0.551952116207951,0.1373670256880734,0.6645800091743119,0.3128786024464832,0.022541393272171254,0
23632,2023,435,0.49195402298850577,0.5293294298850575,0.28029866666666664,0.1358733172413793,0.3269388413793104,0.458096216091954,0.5631807011494253,0.5211741678160919,0.5213771057471264,0.10882392827586208,0.11639065655172415,0.11136440367816092,0.5239513563218391,0.14731262137931034,0.6142090091954023,0.35056254252873564,0.0352284783908046,0
23429,2023,514,0.4591439688715953,0.6487816342412452,0.13086528404669262,0.08044899357976654,0.3951709027237354,0.4084204513618677,0.47700966926070043,0.4866220525291829,0.49319267509727627,0.10146527684824903,0.09328724085603113,0.09192538910505837,0.5467977101167315,0.13222934221789884,0.6602204280155641,0.2828873035019455,0.05689225252918288,0
24286,2023,676,0.5236686390532544,0.5511193639053255,0.17498608313609468,0.13957887426035503,0.3546323269230769,0.46799309171597636,0.5600483905325444,0.5410133579881656,0.5407411627218934,0.13620344585798816,0.1439854773668639,0.1466702352071006,0.5318615813609467,0.14364397825443787,0.4659840177514793,0.38144369378698223,0.15257225443786984,0
22624,2023,888,0.5022522522522522,0.519202688063063,0.23018316891891893,0.13301807657657658,0.3946408322072072,0.42918878828828827,0.49475414414414415,0.49803299887387387,0.503514168918919,0.16410866925675677,0.1517543739864865,0.1527328536036036,0.5229298265765766,0.14857200551801802,0.5952441677927928,0.2929490608108108,0.11180675225225226,1
23258,2023,337,0.49258160237388726,0.4568833798219584,0.31495902077151333,0.17259905044510387,0.4563427507418398,0.36994063798219584,0.4755325756676558,0.51689187537092,0.5067868545994065,0.15116381632047476,0.17861047477744807,0.1721883056379822,0.5233447804154302,0.1462576884272997,0.6811629673590505,0.19157308308605342,0.12726393353115728,1
24355,2023,563,0.4191829484902309,0.396159665480427,0.39089926512455514,0.11613974697508897,0.37736587544483985,0.4924057028469751,0.43900444505494507,0.42091270146520143,0.41648940293040293,0.08023369725274725,0.09911189322344323,0.11060320842490842,0.5211889094138543,0.14332224618117229,0.5714897455516014,0.356980628113879,0.07152962882562278,1
23414,2023,1103,0.471441523118767,0.5178520389845874,0.22496236264732547,0.1332898685403445,0.37780850679963734,0.4410295457842248,0.45651162284678154,0.4622734215775159,0.4630526971894832,0.1681268259292838,0.18217594152311878,0.1800019748866727,0.5202132384406165,0.14837021668177697,0.48503254578422483,0.1820004106980961,0.33296699184043516,1
22730,2023,1790,0.5072625698324023,0.5307974519553073,0.2485100502793296,0.1391722592178771,0.34245961787709495,0.4857532240223464,0.49284427374301676,0.510995974301676,0.5170147346368715,0.17633538296089385,0.16700209217877093,0.16111466927374302,0.5208128188932365,0.1477524542761319,0.4788115469273743,0.20118104860335195,0.32000740111731846,1
23627,2023,666,0.5405405405405406,0.5783200495495495,0.17815858258258258,0.14890332732732733,0.40169638138138136,0.4093800765765766,0.5271642912912913,0.5475019339339339,0.5574687882882883,0.13593139354354355,0.1405192045045045,0.13884116096096097,0.5176451531531532,0.1490353003003003,0.6118023378378378,0.36380651201201203,0.02439117087087087,0
22772,2023,480,0.47708333333333336,0.5277068604166667,0.23375138958333333,0.1508255,0.39104633333333333,0.41947032291666664,0.5002814875,0.5037807291666667,0.5027256895833333,0.16859239416666666,0.175443978125,0.1670293,0.5240936625,0.13865471812500002,0.6227318208333333,0.24021065208333334,0.13705756875,1
23190,2023,734,0.4536784741144414,0.4950647138964578,0.280273568119891,0.16591161989100817,0.3921098528610354,0.4094704264305177,0.45693611444141685,0.4501782656675749,0.45151101771117164,0.17599357643051775,0.1786778696185286,0.17796880940054496,0.5210965940054496,0.14649027738419618,0.6692307683923706,0.32254775340599456,0.008221474509536785,1
23893,2023,841,0.5315101070154578,0.5170760701545779,0.2587551688466112,0.15876851248513674,0.33639070392390014,0.47991475862068966,0.5023915826397146,0.5206072936979786,0.5296914530321046,0.17024958834720572,0.15937901569560048,0.15303380059453034,0.5247773198573127,0.1492197288941736,0.6810133067776457,0.17250371819262783,0.14648294768133174,1
23475,2023,546,0.43956043956043955,0.4653489358974359,0.24110700915750918,0.21098962637362637,0.4292379468864469,0.4043371575091575,0.41473189926739923,0.4544719652014652,0.4508885677655678,0.14473817948717949,0.18389399267399267,0.18775910989010988,0.5229924908424909,0.1505291098901099,0.7001399230769231,0.26884141575091575,0.03101863498168498,1
24329,2023,316,0.4525316455696203,0.5184083015873017,0.22430491428571428,0.1267361850793651,0.4620102984126984,0.40749492380952385,0.39437368539325846,0.5017112097378278,0.5113248164794006,0.17205231198501872,0.13016394344569288,0.12431001835205993,0.5525527974683544,0.13120648544303798,0.5994729492063492,0.37335740317460314,0.027169669523809527,1
23597,2023,469,0.5159914712153518,0.46307550106609807,0.28600168443496804,0.16892141364605542,0.4119624349680171,0.42122710234541577,0.5130800703624734,0.5112380447761194,0.5033584648187633,0.12566143198294244,0.12956488464818763,0.13793872345415778,0.5621506209850107,0.12958493854389722,0.7361284882729211,0.16342869296375265,0.10044285458422175,1
24226,2023,354,0.4322033898305085,0.5086495621468927,0.22361750649717516,0.1354180649717514,0.4265392994350283,0.34795191807909603,0.45044285310734467,0.4798922344632769,0.5123351101694915,0.1502050175141243,0.14165075988700565,0.13332050847457627,0.5651846355932203,0.11668595960451977,0.6492056186440678,0.2994104491525424,0.05138394774011299,1
23232,2023,434,0.3709677419354839,0.5765488847926268,0.19154457603686637,0.11599333640552995,0.3834496405529954,0.4798584585253456,0.41873354838709675,0.4093036912442396,0.40902209907834103,0.1011376737327189,0.10017618410138249,0.11122238663594469,0.5657015103926097,0.12881420069284066,0.6723547004608295,0.22633821658986175,0.10130707788018432,0
24136,2023,365,0.4904109589041096,0.5113786602739726,0.2453345397260274,0.11382941479452054,0.42334629589041095,0.408403695890411,0.4987902301369863,0.5408215534246575,0.5351012657534246,0.15101786684931506,0.1383048402739726,0.14102165205479453,0.5275349561643836,0.14401584356164385,0.6032250219178082,0.18200566575342467,0.21476929315068494,1
23306,2023,339,0.4896755162241888,0.5440973215339233,0.1978785604719764,0.15138917699115045,0.3724369616519174,0.4284658761061947,0.4995990884955752,0.5244449233038349,0.5126591887905604,0.15391954336283187,0.1488035209439528,0.15850160294985252,0.5297183746312685,0.13820865191740414,0.5111580707964603,0.3676836519174041,0.12115826548672566,1
23229,2023,1199,0.49958298582151794,0.5782027814845705,0.191847740617181,0.1171119266055046,0.3693253469557965,0.4577928807339449,0.488745801501251,0.4949691409507923,0.4968615287739783,0.13274431326105088,0.13078302602168473,0.13321120166805672,0.5577342949039265,0.134873923893066,0.6281201718098415,0.2789783653044204,0.09290147889908257,0
24169,2023,332,0.46987951807228917,0.5506672168674699,0.2068307045180723,0.12448499397590361,0.4310429879518072,0.3934291807228916,0.49312102108433736,0.5306749578313253,0.552933265060241,0.10381761807228918,0.11969083734939759,0.12229667771084338,0.5586518945783133,0.1243247578313253,0.5754020632530121,0.2649586325301205,0.15963930963855422,0
21998,2023,1061,0.49858623939679547,0.5141092507068803,0.2544948275212064,0.14318156738925542,0.34730485485391144,0.4350630490103676,0.509368396795476,0.5189436201696513,0.523423067860509,0.17412228868991517,0.1715004974552309,0.16745089820923656,0.5188594373232799,0.14922191809613572,0.41605938360037703,0.3817579066918002,0.20218269085768145,1
23869,2023,697,0.48923959827833574,0.5237550086083214,0.22254431850789097,0.169464824964132,0.3835854332855093,0.44240030989956963,0.5166795911047346,0.5036858249641321,0.49893526111908176,0.1424609024390244,0.15487580200860832,0.16075156241033,0.521824593974175,0.1456322761836442,0.47698840028694406,0.23840578766140602,0.2846058421807747,1
24185,2023,1022,0.45792563600782776,0.4967107005870841,0.26469882876712325,0.14267562915851273,0.383319385518591,0.4079246193737769,0.4689532240704501,0.4586951594911937,0.46642267318982383,0.17935275146771035,0.16258839892367905,0.15839877309197653,0.5214077005870842,0.14886802759295498,0.5093050499021526,0.36499016340508805,0.1257047925636008,1
24459,2023,2125,0.5105882352941177,0.483246225047081,0.29980676694915254,0.15503208380414313,0.3439275484934087,0.46607615960451976,0.5179200275096525,0.5090008122586873,0.5046636076254826,0.14178086288610037,0.14566257842664093,0.14505194449806952,0.5202905115294117,0.1465849227764706,0.5443950955743879,0.31453059632768365,0.14107430649717512,1
21943,2023,512,0.47265625,0.479976732421875,0.27328399609375,0.180845974609375,0.3710268046875,0.435554490234375,0.48896852343749997,0.490355076171875,0.49039823046875003,0.1388878701171875,0.147948751953125,0.154551953125,0.529238638671875,0.146445326171875,0.706127751953125,0.24901060546875,0.0448616427734375,1
23206,2023,1198,0.4958263772954925,0.5202216202003339,0.2375877595993322,0.15796644908180302,0.3916971402337229,0.4217282921535893,0.5072026335559265,0.526181521702838,0.5275942913188647,0.1759263160267112,0.16901321969949917,0.17511229883138565,0.523125641903172,0.1450975853088481,0.5177609081803005,0.2662591026711185,0.2159800141903172,1
22741,2023,714,0.5588235294117647,0.5809628935574229,0.16422474229691877,0.14698032913165265,0.3524285868347339,0.4303205952380952,0.542265550420168,0.5471604047619048,0.5461872086834734,0.15770902927170868,0.15447442282913165,0.1598062144257703,0.5232604537815125,0.14678181428571427,0.34789879271708685,0.05434319299719888,0.5977580238095238,0
24211,2023,618,0.5258899676375405,0.5620016035598705,0.19896982524271845,0.12718722427184467,0.4049768996763754,0.4367248268608414,0.5569197297734628,0.5415981796116505,0.5456520906148867,0.15937893446601942,0.1527623784789644,0.14984860647249193,0.5285475113268608,0.14533830485436894,0.4768824255663431,0.4624807297734628,0.060636809061488675,0
23455,2023,395,0.40253164556962023,0.47414195949367094,0.28011495189873414,0.14435728101265824,0.4054267873417722,0.3779690329113924,0.3904766,0.3906379544303797,0.3958200050632912,0.18767347088607597,0.15444410632911393,0.15840377974683545,0.531606835443038,0.14312067316455696,0.6897596835443038,0.23180390632911393,0.07843640556962025,1
22249,2023,1142,0.46147110332749564,0.5117510560420315,0.2496244413309983,0.13565536690017513,0.3778364343257443,0.4357796208406305,0.45933119964973734,0.45682803064798605,0.4603637180385289,0.17468592101576183,0.16438420840630472,0.16037247635726795,0.5195552556917687,0.14894238791593695,0.4799654886164623,0.04235911322241681,0.4776753922942207,1
21622,2023,729,0.49519890260631,0.5789674471879287,0.1639502743484225,0.13540304938271605,0.40549972702331966,0.3844944403292181,0.5179094622770919,0.5447911069958847,0.5634287585733881,0.15420797942386832,0.14487040740740742,0.135578463648834,0.5208465980795611,0.14990072043895747,0.44813938134430725,0.39986518518518516,0.1519954485596708,0
24460,2023,2123,0.5129533678756477,0.5133504373232799,0.23197609377945333,0.15723982059377944,0.35765393732327994,0.4547481819038643,0.5197102052165354,0.5188570393700788,0.5153145551181102,0.1586101002952756,0.15274154493110237,0.15186851264763782,0.522313199717381,0.14828747998115874,0.47262296182846375,0.222321221065033,0.30505579622997175,1
23771,2023,350,0.48,0.5278808971428571,0.25136010571428574,0.13371735885714284,0.41490540000000004,0.36542984285714286,0.4237220857142857,0.49081701714285714,0.49771354857142863,0.16344133257142857,0.16379263628571428,0.154205012,0.5427156714285714,0.1434552342857143,0.70288704,0.2914632657142857,0.005649667257142857,1
23500,2023,541,0.5064695009242144,0.5695147467652496,0.19429439371534193,0.15259566913123845,0.3955141552680222,0.4202546266173752,0.5196936561922366,0.4988239574861368,0.4973476358595194,0.17262661146025876,0.1717890506469501,0.17927340499075786,0.5226030757855823,0.1487328798521257,0.49875519408502766,0.3210354935304991,0.1802092957486137,1
24423,2023,1956,0.4810838445807771,0.4680967544757033,0.28084080869565214,0.18795583734015345,0.3637980920716113,0.4713222915601023,0.4817204639397201,0.48220532669537136,0.4824322368137783,0.18354986329386436,0.1833078772874058,0.18277576318622174,0.5242206042944786,0.14782054038854806,0.547398905370844,0.20153036368286448,0.2510707360613811,1
24183,2023,484,0.4669421487603306,0.5379187954545455,0.22746158450413223,0.16929861570247934,0.34714282438016525,0.41455745661157023,0.4755832727272727,0.495751194214876,0.5054771859504132,0.18429045103305786,0.1820092411157025,0.18366034297520661,0.5321260185950413,0.1450427431818182,0.5258718037190082,0.4633592396694215,0.010768963450413222,1
23977,2023,399,0.5037593984962406,0.5716624661654135,0.19978096741854634,0.14899741604010025,0.4132557744360902,0.39094116290726816,0.5166663759398497,0.5100646917293233,0.5388887644110275,0.14685030325814535,0.1292555263157895,0.12068073082706768,0.537034969924812,0.14221319849624062,0.6786557844611529,0.17868875187969926,0.1426555087719298,0
22899,2023,382,0.4319371727748691,0.509449557591623,0.24759057068062829,0.17515610471204188,0.39298886387434556,0.4202319764397906,0.4398796937172775,0.47493826701570685,0.4846118219895288,0.24306460994764398,0.22452795811518328,0.2161101492146597,0.5408830445026178,0.14324499869109947,0.6478773429319372,0.2732380942408377,0.07888454764397906,1
22834,2023,739,0.42219215155615697,0.4792177050067659,0.25823182543978346,0.1470213748308525,0.38861504194857915,0.4174766576454668,0.430808901217862,0.4321936400541272,0.43174915020297694,0.14932304154262518,0.13587942706359946,0.1434655301759134,0.5239000838971584,0.14894169959404602,0.5329322652232747,0.3644408592692828,0.10262689580514207,1
23787,2023,672,0.4732142857142857,0.5291967946428572,0.23172363690476191,0.14476794196428572,0.3736474776785714,0.42624639434523803,0.47936325892857146,0.4768651413690476,0.48599725744047617,0.18753099538690476,0.17881180714285713,0.17827921130952382,0.5201438392857143,0.14722277053571428,0.5794068020833334,0.1279348005952381,0.29265840922619046,1
23518,2023,1167,0.5861182519280206,0.5901397600685518,0.16315420651242502,0.15577675664095972,0.3615917043701799,0.4501779957155098,0.6048549588688946,0.5903893718937446,0.5897461422450728,0.1370887122536418,0.14583042159383033,0.14625383890317054,0.5224720771208227,0.1475377095115681,0.47147946615252784,0.35653901028277635,0.17198152527849186,0
23638,2023,312,0.5641025641025641,0.5901657980769232,0.18191724679487178,0.1342094391025641,0.40231018269230767,0.40907,0.6112625544871795,0.6064344551282052,0.6198979423076924,0.08159224807692309,0.09355813108974359,0.09684685448717949,0.5287855512820513,0.14245933846153847,0.5670608333333333,0.2703832596153846,0.1625558653846154,0
23363,2023,332,0.4759036144578313,0.49899631626506025,0.22185226204819275,0.15589082831325302,0.4005431746987952,0.4324354638554217,0.4803031325301205,0.4759051506024096,0.4823822439759036,0.15222742048192772,0.15756593855421688,0.1611129313253012,0.5211345030120482,0.15040774397590362,0.48585460843373496,0.5108197228915663,0.0033256815361445784,1
23782,2023,1666,0.5354141656662665,0.5592872971188475,0.19261558283313326,0.13017539975990397,0.338954950180072,0.46854212665066025,0.5425835138055222,0.5339913181272509,0.534598569027611,0.14201396578631453,0.1434782954981993,0.14779106722689075,0.5215275714285714,0.14892434513805522,0.5737433793517407,0.2585221476590636,0.16773448139255703,0
23504,2023,407,0.5552825552825553,0.5365004987714987,0.27054958722358724,0.13287803439803442,0.3592879582309582,0.4164984054054054,0.5939339975429975,0.5702522948402948,0.5634677886977887,0.1048834339066339,0.11998566953316953,0.12362130638820638,0.5227119926289927,0.1479059914004914,0.560081683046683,0.21336629238329238,0.22655203685503683,0
22668,2023,636,0.5864779874213837,0.5434880833333333,0.23626437893081764,0.15085436163522015,0.3386028050314465,0.43403540566037735,0.5819571572327044,0.5721592971698113,0.580290073899371,0.1494708753144654,0.13383490597484277,0.13616026808176102,0.5206833333333334,0.14383799481132076,0.5727804465408805,0.264786572327044,0.1624330031446541,0
24399,2023,327,0.40672782874617736,0.4229204969325154,0.2753233085889571,0.20139661595092026,0.4297673220858896,0.3894971564417178,0.4485004228187919,0.4296458993288591,0.4305545637583893,0.18284334496644297,0.1902198355704698,0.1968143355704698,0.5276664067278288,0.1465053360856269,0.5757884693251534,0.27034400306748463,0.15386758711656442,1
24310,2023,1729,0.5905147484094853,0.5583371411220358,0.17691465991902833,0.12242151069982649,0.36559151185656447,0.44794481723539614,0.5818657229612493,0.5783687183342973,0.5730226570271834,0.1183789093117409,0.11881363221515327,0.12127286622325044,0.5214115633314054,0.14707932041642569,0.525687015037594,0.36947630306535567,0.10483669595141701,0
24461,2023,1089,0.519742883379247,0.5330950266544118,0.18698765248161764,0.14854050128676471,0.41617237683823527,0.41089497794117646,0.522744140019861,0.5275957338629593,0.534887417080437,0.15224961241310822,0.1475730641509434,0.14391964846077457,0.5215413223140496,0.14883179889807163,0.62665025,0.159781265625,0.2135685049632353,1
24463,2023,1071,0.5079365079365079,0.5003530224299065,0.24900002803738316,0.1364210785046729,0.3001754093457944,0.5269275738317757,0.5084153173957273,0.5062673560528993,0.5040622583926755,0.1502307992878942,0.14577332655137337,0.14226224415055952,0.5210329887955182,0.15105047525676937,0.5093814411214953,0.38352470467289723,0.10709385327102804,1
24306,2023,1416,0.5790960451977402,0.5344720995762712,0.253314718220339,0.14553702966101695,0.3410064872881356,0.4777223785310734,0.5750448820621469,0.5620852492937852,0.5588315303672317,0.12793566468926554,0.1300167961158192,0.12894812853107346,0.5187284265536724,0.14987394420903954,0.7115434103107345,0.20281106426553674,0.08564552507062147,0
24465,2023,1296,0.5949074074074074,0.6127274478764478,0.1372346301930502,0.1365541552123552,0.3188187328957529,0.49209003629343634,0.5969048278688525,0.6000156319672131,0.602774987704918,0.15528208196721313,0.14993657180327868,0.14478953950819673,0.5198369382716049,0.1497406064814815,0.5644553961389961,0.3061174216216216,0.12942718833976832,0
24467,2023,1012,0.5266798418972332,0.5456051859545005,0.2461905440158259,0.139258631256182,0.32491620870425325,0.4666365806132542,0.5241458196544276,0.5295169827213823,0.5327307764578834,0.17356725701943843,0.16076673466522678,0.15430507591792655,0.5216038753709198,0.14658658951533135,0.4915885677546983,0.35627792284866466,0.1521335090999011,1
24483,2024,2906,0.5712319339298004,0.5538388382099828,0.2336296385542169,0.0983417661273666,0.33409225576592083,0.49086911290877794,0.5718406457223998,0.5729768672346468,0.5711279435569755,0.10527042676606317,0.1023216454029109,0.10107711341853036,0.5156544516351119,0.15603985370051635,0.7026771005163511,0.1901571640275387,0.10716574530120482,0
24604,2024,2599,0.6021546748749519,0.6115711428021555,0.16737069668976134,0.15409135673595073,0.32244223826020013,0.4828809588144727,0.6039171814564266,0.6061508460007959,0.606492576999602,0.17486582077198567,0.17295688097890966,0.17155710660565063,0.5173321108118507,0.15268011327433628,0.6053514407236336,0.16223777047729024,0.23241079734411085,0
24129,2024,1161,0.425495262704565,0.43269493626184324,0.31909817657192074,0.17963297416020674,0.398328480620155,0.4211654013781223,0.4039808992248062,0.41176104306632216,0.4186893402239449,0.2027802394487511,0.20922578552971577,0.2152032661498708,0.5182150947459088,0.14884747149009475,0.5048363359173127,0.38536488630490956,0.10979876571920757,1
22292,2024,1221,0.4520884520884521,0.487243018018018,0.2750488877968878,0.13678786814086816,0.3907622702702703,0.42786168632268634,0.4633166642096642,0.4527289058149059,0.4490918427518428,0.1679076552006552,0.17409086715806715,0.17343927428337427,0.5180019164619164,0.1521096651924652,0.5157658566748566,0.3419700565110565,0.14226409254709255,1
21690,2024,1151,0.577758470894874,0.5537803492615117,0.22359857862728064,0.1412664196350999,0.3319927497827976,0.4966346481320591,0.5923721598609903,0.5796336681146829,0.5794706185925282,0.13200191815812337,0.1356452364031277,0.1369855512597741,0.516002067767159,0.15638747341442225,0.5139229852302346,0.0972714815812337,0.3888055247610773,0
23306,2024,989,0.4863498483316481,0.537532734074823,0.20457109605662285,0.153916567239636,0.3736799069767442,0.43144826289180993,0.5059809929221436,0.48879915369059657,0.48251421031344793,0.17598803660262893,0.18627405631951466,0.18496295834175935,0.5175803913043479,0.1516735813953488,0.5358181769464105,0.3523063650151668,0.11187545803842265,1
23932,2024,607,0.49093904448105435,0.5143202981878089,0.22798836243822077,0.14202085831960462,0.3812720197693575,0.4269449291598023,0.5315087331136739,0.49682287973640854,0.4909548747940692,0.18778389308072488,0.18011697891268535,0.18280411861614498,0.5175025980230642,0.14704954168039538,0.4577686573311367,0.4232941202635914,0.11893722075782535,1
24344,2024,497,0.482897384305835,0.5421973641851107,0.24933020724346078,0.09761513078470824,0.36940974245472835,0.44726838028169014,0.5011757482897384,0.49388088128772634,0.498736722334004,0.09720164124748491,0.094528469416499,0.09747368953722334,0.5203215070422536,0.15342868973843057,0.5838632756539235,0.2126637907444668,0.20347288531187124,0
22278,2024,828,0.48429951690821255,0.5013457198067633,0.2423246618357488,0.15459427053140096,0.406002652173913,0.4055893647342995,0.4686224722222222,0.49088577777777775,0.4874285434782608,0.11613171183574879,0.0973873638888889,0.09486126956521738,0.5211958188405797,0.15031038466183574,0.602908611111111,0.286636595410628,0.11045481400966184,1
23782,2024,2856,0.5248599439775911,0.5549798515406162,0.19431902205882354,0.13815844117647058,0.33779843907563023,0.47050150700280113,0.5235591334033614,0.5284337829131652,0.5301774800420168,0.18237933466386555,0.18024944712885155,0.17782757983193276,0.5143884802101576,0.15611251817863397,0.5902504355742296,0.24547850595238097,0.16427105602240896,1
24541,2024,2604,0.4535330261136713,0.455600718401844,0.2482755190165194,0.20828328159815598,0.3256215535920092,0.49402081905493656,0.4505177977751291,0.45044293166468025,0.45144201470003975,0.2008229691696464,0.2031368720699245,0.2027759435836313,0.5173516497695853,0.15365997484639018,0.6916398002305033,0.19997660411064158,0.10838361456012292,1
21402,2024,695,0.5482014388489208,0.5955038503597122,0.21849032517985612,0.13225408201438849,0.3271238345323741,0.46041342014388487,0.5366874043165468,0.5420510503597122,0.538925507913669,0.19639590690647482,0.19127359309352515,0.19030889366906473,0.5169323237410072,0.15389935309352518,0.4368288474820144,0.5093784834532374,0.05379268115107914,1
23787,2024,637,0.4599686028257457,0.5030110235478807,0.24331581632653063,0.16652774882260596,0.34907102668759815,0.4594328210361067,0.4513533751962323,0.46276103296703297,0.4664082653061224,0.2366671240188383,0.2206368273155416,0.21730603453689168,0.5159126106750392,0.150495931711146,0.5512990596546311,0.08613712150706436,0.36256384458398744,1
22741,2024,919,0.5603917301414582,0.5762569379760609,0.17007643416757345,0.15046832100108812,0.3536852459194777,0.42626597714907505,0.5583956245919477,0.5609590184983678,0.5620988618063112,0.19055088019586505,0.18230960826985854,0.18142442306855278,0.5162864461371055,0.15182691371055496,0.3612920261153428,0.0641430162132753,0.5745649575625681,1
22028,2024,1031,0.457807953443259,0.4721467904946654,0.27747823278370515,0.18210968574199807,0.3621921959262852,0.4603377148399612,0.4617638457807954,0.4597335053346266,0.4591392861299709,0.20614048729388945,0.2058863787584869,0.2053312298739088,0.5183218661493696,0.1535138805043647,0.4872800746847721,0.2988765664403492,0.21384335790494666,1
23786,2024,805,0.4546583850931677,0.5040775180124224,0.24221983850931678,0.15795718757763974,0.3676909763975155,0.42924603975155284,0.45870879751552796,0.44508491677018636,0.44889336521739126,0.17228703763975153,0.1908187751552795,0.18369636273291925,0.5176988981366459,0.1520838237267081,0.5991977267080746,0.29159158757763975,0.10921067850931677,1
22743,2024,1092,0.42032967032967034,0.5173823534798535,0.23685569780219778,0.16907981227106228,0.3203041263736264,0.5023507371794872,0.43187434294871796,0.4290239652014652,0.4295508168498169,0.22336793360805862,0.2213037042124542,0.2195715183150183,0.5143532912087913,0.1551699945054945,0.6350028580586081,0.23438094139194138,0.13061619963369964,1
24252,2024,1248,0.4911858974358974,0.4985973918269231,0.23609648317307694,0.1943861001602564,0.34405839022435897,0.49384950480769224,0.5057797155448718,0.4903505873397436,0.49054618669871797,0.22377548974358974,0.22520846009615383,0.22295928285256414,0.5144034055288461,0.1562829157852564,0.6238727676282051,0.11698006810897436,0.25914718910256407,1
23848,2024,1002,0.5469061876247505,0.5589654381237524,0.18580784530938124,0.14814335528942116,0.33809030339321355,0.473803999001996,0.5334749481037924,0.5398504670658683,0.5423784301397205,0.1907631341317365,0.17968865648702595,0.17760130888223552,0.5168606686626747,0.1541016354291417,0.4906041876247505,0.3688490369261477,0.1405467604790419,1
24559,2024,710,0.547887323943662,0.5627964696755994,0.14233834146685473,0.1476204047954866,0.384137221438646,0.4330821946403385,0.5590443354632587,0.5597197428115016,0.5587155431309904,0.13242571309904153,0.13949241853035144,0.14234959744408945,0.5111352048022599,0.15105800423728813,0.6276921015514809,0.15951320705218616,0.21279469675599436,0
24410,2024,2894,0.5338631651693159,0.5299710079474775,0.21764123704215618,0.1872404429854872,0.3112706834830684,0.483285296129924,0.5403807121630961,0.5404938887353145,0.540031398064962,0.19454652401520386,0.19014721147201105,0.19112224498963373,0.5175952809260539,0.15261969395300623,0.6253916347615757,0.2032553220456116,0.17135304422944023,1
24572,2024,348,0.3850574712643678,0.3767772190201729,0.33042272910662823,0.23891847838616714,0.4479129538904899,0.3478566570605187,0.45419851063829786,0.3914221550151975,0.38798574772036476,0.18506631003039514,0.22930931610942248,0.23580928571428572,0.51901525,0.14819807183908046,0.6153708674351586,0.3846291325648415,0.0,1
24392,2024,1068,0.4101123595505618,0.45717869850187265,0.3174544513108614,0.13872254307116105,0.4138440074906367,0.4481290205992509,0.40391847303370787,0.41978654307116103,0.4228292331460674,0.16941560627340824,0.15647163735955058,0.15315641104868913,0.5160802125468165,0.15456368857677902,0.6783551301498127,0.30687424531835206,0.01477062186329588,1
24571,2024,675,0.4696296296296296,0.46500043471810093,0.2750089362017804,0.18286332344213652,0.4354521884272997,0.3860320801186944,0.4393544057052298,0.48928640887480196,0.4905953391442155,0.20395002456418382,0.16730794231378765,0.1700966085578447,0.5185658874074074,0.15052763555555557,0.7392040548961424,0.18130485608308605,0.07949108842729971,1
23630,2024,1088,0.5193014705882353,0.583907528492647,0.17923812040441178,0.14402058088235292,0.3520026525735294,0.47371548529411767,0.5121813943014706,0.5098485670955882,0.5158296976102941,0.21983595091911767,0.2029973747242647,0.19587833125,0.5164848731617647,0.1528865455882353,0.5560635974264706,0.38162132077205885,0.06231507334558823,1
24265,2024,915,0.3650273224043716,0.41896126010928963,0.3333441016393443,0.14819550273224044,0.39373978579234975,0.43193386448087434,0.3629976295081967,0.36484609508196725,0.37030591475409835,0.19020685224043715,0.18362742633879783,0.1840128986885246,0.5176105361050328,0.1547608237417943,0.6162431737704918,0.2837992994535519,0.09995752229508197,1
24573,2024,597,0.4321608040201005,0.38085708389261747,0.3409067080536913,0.17714456208053692,0.42397102013422816,0.37811473825503356,0.45054546471600687,0.42585407228915667,0.42401676247848535,0.16265787814113597,0.17616931290877796,0.1758118881239243,0.514706770519263,0.15566943852596316,0.656613322147651,0.27276589664429535,0.07062079714765102,1
23929,2024,840,0.5797619047619048,0.5569488238095238,0.19354921904761904,0.13587048452380954,0.372302344047619,0.43889169523809524,0.5778777142857143,0.587467494047619,0.584393425,0.1690306442857143,0.1622705894047619,0.16418065333333334,0.5215920976190476,0.15249246678571426,0.6395200464285714,0.23830969523809525,0.12217026071428572,0
24509,2024,2465,0.5334685598377282,0.5319636310876624,0.22139643871753245,0.17203653571428573,0.3513978234577922,0.4725721680194805,0.5295947586352149,0.5371665888795283,0.5385376630160067,0.18177071727042965,0.1745565893007582,0.17232609267059815,0.5165819273833671,0.15353373144016227,0.619476494724026,0.2188335953733766,0.16168991895292206,1
23781,2024,1043,0.5953978906999041,0.6119455503355705,0.1341736184084372,0.15047359635666346,0.3104984439117929,0.4865288197507191,0.5995558389261745,0.6070463604985619,0.6070937411313518,0.16095883077660594,0.15794138734419944,0.15808156471716203,0.5161628704414588,0.15147211036468328,0.5734739338446788,0.20247857046979864,0.22404751102588688,0
24527,2024,1238,0.462843295638126,0.468242297493937,0.2691727065481002,0.1753472708164915,0.3906223217461601,0.47631983508488274,0.47577082021541006,0.46335581358740685,0.46934677547638776,0.18542644623032312,0.19456322692626346,0.19039531582435792,0.5169521025848143,0.1539115666397415,0.7559872150363783,0.19651808730800324,0.04749469539207761,1
22617,2024,981,0.5045871559633027,0.5079461039755352,0.2633568511722732,0.13175832415902142,0.3765002742099898,0.45491109480122327,0.5081172120285423,0.5062535392456677,0.5064845840978593,0.1370882150866463,0.141349278695209,0.1419610602446483,0.5169666513761468,0.15165633129459732,0.3651788409785933,0.5882089449541285,0.04661220642201835,1
23043,2024,760,0.49078947368421055,0.48059266052631583,0.25720061052631576,0.1719544763157895,0.4029071355263158,0.4273883644736842,0.48910590657894737,0.4901496328947369,0.4857418763157895,0.20084797000000001,0.1995163457894737,0.20047548092105263,0.5167272789473685,0.1523719710526316,0.7155122578947368,0.059892748815789466,0.22459498684210527,1
23235,2024,692,0.5216763005780347,0.5791024190751445,0.18201731791907513,0.1479350289017341,0.35138337283237,0.45688164161849715,0.5087627037572254,0.5453789161849711,0.535981598265896,0.21972268540462428,0.18357623294797687,0.18512412080924856,0.5183167196531792,0.1520815867052023,0.4858049624277457,0.2850977904624277,0.2290972789017341,1
23238,2024,827,0.48125755743651755,0.5123805453446192,0.26112022732769047,0.1333828222490931,0.3648095574365175,0.44523522974607016,0.48725572430471586,0.4925480713422007,0.49597773881499396,0.15972740108827085,0.16696679516324064,0.17026900568319228,0.5177893712212818,0.1546441605804111,0.5962849250302298,0.2256837992744861,0.17803126481257556,1
23558,2024,720,0.4597222222222222,0.4801203361111111,0.27762481250000004,0.1495704625,0.37886583472222224,0.4379682194444444,0.48040860138888886,0.48173980555555557,0.47680772083333334,0.20827695375000002,0.19108771083333334,0.18626253166666665,0.5205304930555555,0.15580183055555555,0.6294368013888889,0.26819061944444444,0.10237260319444444,1
21955,2024,2775,0.5027027027027027,0.5249829246846847,0.20200720972972974,0.16539877477477477,0.3514723726126126,0.46040435567567567,0.4947399855855856,0.49810748252252257,0.4981499365765766,0.18369405585585585,0.18584728216216218,0.18505454054054055,0.5169844989185292,0.1516645262076424,0.32888484396396395,0.476580009009009,0.19453514522522522,1
24465,2024,3124,0.6037131882202305,0.6035492058258642,0.13894961747759282,0.1600510233674776,0.32074028649167735,0.4926023866837388,0.600158971190781,0.6008439388604353,0.601343049615877,0.1771918839628681,0.17504737035851473,0.17444234539052497,0.5157877119078105,0.15216354263764403,0.5906009334186939,0.2540287288732394,0.15537034218950066,0
23903,2024,2208,0.3990036231884058,0.4377545733695652,0.31502781657608697,0.17068912817028986,0.3879692350543478,0.42998629664855076,0.398913102807971,0.3911321150362319,0.39436027083333336,0.16889327721920291,0.17235422780797102,0.1713408596014493,0.5168863822463768,0.15075034524456524,0.4931613355978261,0.3809756440217391,0.12586301494565216,1
23893,2024,431,0.4756380510440835,0.5127234245939676,0.2601538422273782,0.16229651740139212,0.34035844779582364,0.47733589559164735,0.4777272598607889,0.4675067587006961,0.4604251554524362,0.18792625220417633,0.18563842389791183,0.187837716937355,0.5216636403712297,0.15085495823665893,0.6577927935034803,0.17038892807424594,0.17181830626450117,1
21372,2024,503,0.4532803180914513,0.49785414512922466,0.23484158449304174,0.15781596620278332,0.40227187673956266,0.4516418310139165,0.44099336580516896,0.4446923777335984,0.45164674155069584,0.20335198091451293,0.189953506361829,0.18767069781312126,0.518775574552684,0.15026692445328033,0.5317590159045725,0.43352575944334,0.03471519224652088,1
21441,2024,1354,0.5199409158050221,0.5391965502215658,0.2076864918759232,0.15868479394387,0.3633972666174298,0.4375774992614475,0.523566635155096,0.5207565302806499,0.5217703906942394,0.16734843500738553,0.17785891971935008,0.1771947805760709,0.517472223042836,0.1528776305760709,0.40722305169867057,0.3623595635155096,0.23041738626292466,1
21789,2024,1186,0.5168634064080945,0.521587155143339,0.20910466104553121,0.1666508600337268,0.3737442318718381,0.45212272175379425,0.509017028836425,0.5083589662731872,0.5152631610455313,0.21537392672849917,0.21117102428330525,0.20777145446880269,0.515589284148398,0.1537847812816189,0.520332284148398,0.17754455817875212,0.30212315514333893,1
23475,2024,479,0.4592901878914405,0.4559449394572025,0.27970747181628397,0.1813276993736952,0.42036704175365347,0.4037241753653445,0.4621700286012526,0.45224839457202504,0.46693321503131524,0.19744340584551148,0.18334428434237995,0.16902268204592905,0.5173202384937239,0.15353626150627614,0.6214681670146137,0.33155992066805845,0.0469718885177453,1
22435,2024,1056,0.5198863636363636,0.5763315700757575,0.16564574431818183,0.13873676325757575,0.3598619640151515,0.4421508172348485,0.530888159090909,0.5131144630681819,0.5159884100378789,0.1874098365530303,0.1990039081439394,0.19726931155303032,0.5174576628787879,0.1553364205492424,0.4546302121212121,0.41351804356060606,0.1318517178030303,1
22277,2024,2225,0.5824719101123595,0.5299818319101124,0.2269302337078652,0.1426585649438202,0.35676821438202244,0.4588282035955056,0.5806697541573034,0.5881270961797753,0.594746197752809,0.09886015847191011,0.0965861437752809,0.09537155123595505,0.514614762247191,0.1560056764044944,0.4350324669662921,0.28470419820224724,0.28026334741573034,0
24305,2024,702,0.46296296296296297,0.4887521239316239,0.2645717934472934,0.15803960683760684,0.36637335897435896,0.45365597863247864,0.4543696595441596,0.4787914886039886,0.49054031766381767,0.21739491595441596,0.2009014017094017,0.18910616239316239,0.5187884458689458,0.14915647863247863,0.49983286182336184,0.19257208831908834,0.3075950185185185,1
22782,2024,742,0.4757412398921833,0.5094383194070081,0.2207306010781671,0.1344400566037736,0.4058137776280324,0.4295494595687332,0.4663767493261456,0.45871808355795146,0.4554476630727763,0.18837074460916442,0.18541109541778977,0.18564589433962264,0.5172377533692722,0.15294650835579515,0.5206070592991914,0.3613749218328841,0.11801799865229111,1
23418,2024,832,0.5204326923076923,0.5943093810096154,0.17981016586538462,0.111674953125,0.380211046875,0.4354161105769231,0.5307775576923077,0.5263073786057693,0.5256049471153846,0.13616580817307694,0.13101859242788463,0.12994917079326923,0.5174064440433214,0.15210273176895306,0.6617642235576924,0.2694895745192308,0.06874622223557693,0
23857,2024,1105,0.4841628959276018,0.5266705746606335,0.22602460180995473,0.1372027375565611,0.39259025610859727,0.4340171773755656,0.4870777981900452,0.4935093936651584,0.4947232542986425,0.11857885194570136,0.1166599771040724,0.11526356389140271,0.5169825809954751,0.15507360271493215,0.5616919230769231,0.2915953873303167,0.14671269683257918,1
22710,2024,1074,0.5344506517690876,0.5498145689013035,0.20569080446927374,0.15264063873370579,0.3532991852886406,0.45518478212290503,0.555923383612663,0.5359857001862197,0.5277182504655493,0.17895691452513968,0.1818305852886406,0.1872375417132216,0.5209116607642125,0.15296850698974837,0.5685766340782122,0.25036727281191806,0.18105609683426444,1
22667,2024,856,0.47079439252336447,0.4557304042056075,0.31928604672897193,0.129499726635514,0.3813319497663551,0.43682402686915883,0.48496162383177566,0.48415255023364484,0.4779377429906542,0.06406491226635513,0.06547981144859813,0.06659289322429907,0.5190549485380117,0.15291657309941523,0.44636454556074767,0.48619589135514013,0.06743954742990654,1
23414,2024,1134,0.48500881834215165,0.5064948959435627,0.23954368783068783,0.1483824488536155,0.3737596701940035,0.4471677072310406,0.47859204938271604,0.48134460052910055,0.4772006243386243,0.18929023783068782,0.1930950724867725,0.19624024867724868,0.5177266384479717,0.15271408509700177,0.5001533844797178,0.15856259700176367,0.34128399470899473,1
22730,2024,2789,0.48691287199713157,0.5182907837934744,0.2553539591251345,0.15218218608820366,0.33824571136608106,0.4874612258874148,0.4913142377196128,0.4901757855862316,0.49084990821082825,0.1925833956973826,0.1940495550376479,0.19399702581570452,0.514631775546791,0.15534332671208317,0.5005987902474005,0.14172296163499462,0.35767825421297955,1
24540,2024,2429,0.5603128859613009,0.5507070617792421,0.15723531659802306,0.18314284184514004,0.36230392421746294,0.4460613957990115,0.5613309287846482,0.5568432486140725,0.5546391121535181,0.17117475765458423,0.17637648230277184,0.17881121023454158,0.5163307966241251,0.15355119287772745,0.4710807310543657,0.34032460848434926,0.18859464847611201,1
22729,2024,1350,0.5155555555555555,0.5071030725925926,0.23641096888888888,0.1583991725925926,0.33827388666666663,0.45793093111111116,0.5230054192592593,0.5229815525925926,0.5221588074074074,0.20383938548148148,0.20090008311111113,0.20060955725925927,0.5139253237037037,0.15450024222222222,0.48347131407407407,0.35727737555555555,0.15925128,1
23860,2024,564,0.4326241134751773,0.5499640567375886,0.21143494858156028,0.15826088297872343,0.3818477925531915,0.4198346755319149,0.424616445035461,0.41268313120567374,0.4255717659574468,0.21460547730496454,0.18552237677304964,0.18281668014184396,0.5194319946808511,0.14956809574468086,0.5233062677304965,0.3447016790780142,0.13199204609929077,1
22397,2024,870,0.5091954022988506,0.5385195827586207,0.2131149724137931,0.16699167701149426,0.3742369827586207,0.4281039241379311,0.5015028356321839,0.49788517816091954,0.49575541839080456,0.2080410303448276,0.1940345383908046,0.19341473448275862,0.516593324137931,0.15266623827586207,0.5491630862068966,0.16573336091954025,0.2851035632183908,1
22318,2024,529,0.5141776937618148,0.5697634952741021,0.23962750094517957,0.13189655387523627,0.34329546880907374,0.4472135595463138,0.5380188393194707,0.5274864744801512,0.5249075066162571,0.183157197731569,0.1928299718336484,0.19892224461247637,0.5213895387523629,0.15217604347826086,0.5137409905482041,0.48451833648393194,0.0017406715689981098,1
23593,2024,2003,0.5127309036445332,0.5137295611582626,0.2590437993010484,0.18235171642536196,0.33487730753869194,0.46966246130803796,0.521641263105342,0.521598967548677,0.5224880479281079,0.2138145866200699,0.2164308157763355,0.2152775501747379,0.516286946053946,0.15318054165834166,0.3963610604093859,0.2239498352471293,0.3796890968547179,1
24310,2024,1274,0.5416012558869702,0.5598786789638932,0.1588790416012559,0.1351362252747253,0.360086953689168,0.45982335949764525,0.5523618736263736,0.5492528846153846,0.5463063163265306,0.17294982543171114,0.17208743092621664,0.17184455494505496,0.5196647817896389,0.15145102119309262,0.5789454529042386,0.314444863422292,0.1066096680533752,1
24078,2024,815,0.3852760736196319,0.47891730061349697,0.2550750809815951,0.1853355226993865,0.40267848220858893,0.45202267852760736,0.37808733128834354,0.3969930233128834,0.3994423190184049,0.21136011141104294,0.22286485030674846,0.22487982453987732,0.5159908564417178,0.1551126137423313,0.6283614294478527,0.3249196147239264,0.0467189536196319,1
24234,2024,878,0.5034168564920274,0.4957136400911162,0.2684092927107062,0.12765438154897493,0.40835596127562646,0.4222102175398634,0.515691603644647,0.49610086104783596,0.497290201594533,0.13157258906605923,0.12780814555808656,0.13152337949886103,0.5152536480637813,0.15314493359908882,0.5053289031890661,0.3880700182232346,0.1066010832574032,1
24319,2024,1019,0.4730127576054956,0.4576165868498528,0.2633050157016683,0.19124105004906772,0.40109793032384694,0.4178094052993131,0.4897073827281649,0.4794784484789009,0.4813499774288518,0.19883117085377822,0.2022085288518155,0.19481362315996076,0.5144681540726203,0.15377645161923453,0.6275305053974485,0.3074713748773307,0.06499814985279687,1
22899,2024,1097,0.46946216955332726,0.49889577939835916,0.24312292342752964,0.18900300364630812,0.3860850054694622,0.4330593436645397,0.4627333475843209,0.4686199580674567,0.4691913026435734,0.2461129415679125,0.24479540237010028,0.24166790063810392,0.5173433928896992,0.1525382351868733,0.5813147584320875,0.287382838650866,0.13130239571558797,1
24224,2024,1173,0.40494458653026427,0.43217430946291563,0.33793020971867005,0.1311557851662404,0.4192580988917306,0.43028702983802214,0.41847531713554986,0.40730710571184997,0.41053236999147485,0.16322990554134698,0.15724075959079284,0.15445356965046889,0.5179615878839591,0.1506935468430034,0.6281759957374254,0.3124823537936914,0.05934166905370843,1
22761,2024,540,0.5074074074074074,0.5433252888888889,0.2191056685185185,0.09427751296296297,0.41199239444444447,0.4102099203703704,0.5036851111111111,0.5210709740740741,0.5189913962962963,0.16289589722222222,0.1174653487037037,0.11360753166666666,0.5176795333333333,0.15358627037037037,0.3824276851851852,0.43868269444444447,0.1788895925925926,1
21940,2024,1042,0.5047984644913628,0.5633484606525911,0.20414098656429944,0.15463746737044146,0.3354163982725528,0.46451316314779273,0.4941278358925144,0.49788126391554705,0.500195508637236,0.21366225047984644,0.21178158829174662,0.20520995969289826,0.5186368282149713,0.15240829443378118,0.4493022082533589,0.19038074280230327,0.3603170441458733,1
24460,2024,2039,0.5321235899950957,0.5207346826875919,0.22787356204021578,0.16661151250613046,0.34067559391858754,0.4591174129475233,0.5322198116723885,0.5331861824423737,0.535079635605689,0.18285925453653754,0.18501127905836195,0.18420756645414418,0.5169931549779303,0.15554355640019615,0.5107358048062776,0.21437098822952427,0.27489320941638057,1
22759,2024,2926,0.5034176349965823,0.5004865522898154,0.23713669514695832,0.15068777887901572,0.3714113831168831,0.4361141825017088,0.5090232969924812,0.5065895297334245,0.5049810980861245,0.17230156302118935,0.17324142829801778,0.17419275051264527,0.5150853468899521,0.15325406811346548,0.4271347149692413,0.4361073246753247,0.1367579654818865,1
22738,2024,1138,0.4806678383128295,0.5090334059753955,0.24103832337434092,0.1584937381370826,0.38046970738137087,0.4599030992970123,0.4864671353251318,0.47677621353251315,0.4727015852372583,0.1829519340070299,0.1842593828646749,0.17830450193321618,0.5137412240773287,0.15597342012302287,0.48149324428822493,0.09237270404217926,0.4261340553602812,1
23676,2024,802,0.456359102244389,0.4864315149625935,0.25101045635910224,0.16909716708229425,0.39662264962593513,0.39542768079800494,0.4582078682044888,0.4650853229426434,0.4670163703241895,0.22336305810473817,0.20634933167082295,0.20852383765586033,0.5158072331670822,0.15264670561097257,0.4959774376558604,0.44201820573566086,0.062004346259351625,1
24444,2024,1138,0.4789103690685413,0.5107207240773287,0.1841759007029877,0.17515627152899824,0.4027714920913884,0.42655397275922674,0.4938384833919156,0.48344632776801405,0.48373158699472757,0.21289984868189807,0.21634252047451671,0.21290698594024604,0.5176187706502636,0.1522743111599297,0.6099532495606327,0.21178698154657294,0.17825976098418278,1
24044,2024,574,0.519163763066202,0.47754208536585363,0.322228031358885,0.09361354442508711,0.4114388675958188,0.41889275783972124,0.5293414965156794,0.5204370174216028,0.5171236306620208,0.08099133397212543,0.07939236411149825,0.0797141550522648,0.5252450244328097,0.14555790122164047,0.7474176602787457,0.18152061149825785,0.07106175034843205,0
24469,2024,619,0.4781906300484653,0.48842793689320385,0.14957020388349515,0.19764101941747572,0.4021598656957929,0.46948051618122977,0.46680259128978224,0.4778563668341709,0.4768178190954774,0.18270767520938025,0.19692670452261307,0.20048142713567838,0.5178123537964459,0.15037443457189015,0.5264010841423948,0.470634213592233,0.0029646930420711977,1
22419,2024,1136,0.5008802816901409,0.528434914612676,0.22221651936619718,0.1492382588028169,0.3652653723591549,0.46834130105633803,0.49638853873239436,0.4945973433098591,0.4963092447183098,0.22546332323943666,0.21887897940140846,0.21617513882042252,0.5167315184859156,0.1524781818661972,0.49083416725352114,0.1677497068661972,0.3414161399647887,1
23633,2024,1813,0.5874241588527302,0.53416222283508,0.1995112757859901,0.1393235107556536,0.33511264864864865,0.4633761152785439,0.589768694980695,0.5891050694980695,0.5929117402095974,0.09106918687258687,0.09148079282956426,0.0897025942084942,0.5149884114726971,0.15497521621621624,0.5227599376723663,0.3767783855488141,0.10046168212906784,0
21916,2024,1288,0.5271739130434783,0.5580710939440994,0.20625074689440992,0.1605099340062112,0.35969209394409934,0.43484298447204967,0.531131623447205,0.5289150388198758,0.5316399324534162,0.22306621428571427,0.21692719798136645,0.21258946195652173,0.5185886203416149,0.1521010560559006,0.4846060380434783,0.31614032375776396,0.19925365372670809,1
24508,2024,1783,0.5193494111048794,0.5297013181818182,0.21135719450056117,0.20006183333333333,0.2891785246913581,0.5116478877665545,0.5157619074183977,0.5188624919881305,0.5196208213649851,0.1950769691394659,0.19392997151335312,0.1953016480712166,0.5183513185642177,0.15239691738642736,0.5824248540965208,0.26989741638608306,0.14767773900112233,1
24570,2024,2832,0.5028248587570622,0.4951960981985164,0.2284856895090074,0.19183399010950195,0.3217967612151183,0.5001507075238432,0.5010684355426074,0.5023673583394028,0.5004818546977422,0.19330750651857248,0.18959562490895848,0.18940766970138384,0.5177354841101695,0.15390198697033897,0.6551767322500883,0.14453834860473333,0.20028491748498764,1
23979,2024,622,0.4646302250803859,0.5258230916398714,0.25796559163987137,0.11950279581993568,0.3827580691318328,0.4075652009646302,0.4560889340836013,0.477199192926045,0.4822357717041801,0.17251726993569133,0.16895763151125404,0.157287792926045,0.5152296414790998,0.1506772073954984,0.5492884919614148,0.11149699196141478,0.3392145080385852,1
24568,2024,1311,0.5102974828375286,0.510065917557252,0.18269788320610686,0.18633614961832062,0.4024737351145038,0.40529677175572515,0.5058178949478749,0.5133474346431436,0.5089030729751404,0.19867766912590215,0.189765589414595,0.19104525741780273,0.5173817543859649,0.15373719183829138,0.6587052030534352,0.2066186372519084,0.13467618541984733,1
23206,2024,878,0.49544419134396356,0.5158010683371298,0.24686030296127562,0.16178042824601366,0.3866924817767654,0.42267947038724374,0.4913110956719818,0.48612225170842827,0.49487066287015946,0.19712474533029614,0.19194480979498862,0.18875065261958998,0.5201931332574032,0.14591350330296127,0.5172620045558087,0.2623648451025057,0.22037316628701595,1
24300,2024,2507,0.46749102512963703,0.48677721499800564,0.25931276186677304,0.18093165217391302,0.3348481579577184,0.4801306597526925,0.4624931459912246,0.4691867483047467,0.4716815265257279,0.20088117120063823,0.2022426344635022,0.19860042720382928,0.5143389238133227,0.1552374833266853,0.4627585951336259,0.47226671240526524,0.06497467191862784,1
23555,2024,2892,0.43775933609958506,0.4649251141078838,0.30232784059474416,0.14787813831258645,0.3864120746887967,0.4494039529737206,0.43289668395574,0.4342573803596127,0.4359684761410788,0.18752295916320885,0.18530649343015215,0.18243882745504839,0.515936235131397,0.15370274650760718,0.4927653547717843,0.3475447662517289,0.15968989626556016,1
22834,2024,1279,0.44487881157154024,0.47391930023455825,0.26194572947615324,0.14961188037529322,0.38839549022673964,0.4188789460516028,0.4451609569976544,0.4433060562939796,0.4413191446442533,0.1986098369820172,0.19074930265832682,0.19197932838154808,0.5169968272087568,0.15213598279906176,0.5248249741985926,0.36974437138389366,0.1054306333072713,1
21961,2024,2620,0.5080152671755725,0.5479332984732825,0.18657115419847328,0.17989952633587786,0.34083575954198475,0.4642846763358779,0.508286010687023,0.5157586988549618,0.5203469809160305,0.23456942709923664,0.22738967900763357,0.22277774045801527,0.5172235038167938,0.15434788870229008,0.5520141694656489,0.22015846221374044,0.22782739045801528,1
24222,2024,2396,0.510016694490818,0.5283647095158598,0.22496261185308847,0.14910792988313856,0.338476933639399,0.4716081356427379,0.5116001594323872,0.5083458393155259,0.5082342988313856,0.16854173372287146,0.17204797245409015,0.16925114023372287,0.512597285475793,0.15647115321368948,0.4606389010851419,0.3160863017529215,0.2232747883973289,1
22380,2024,866,0.4953810623556582,0.5331065069284064,0.24655009930715935,0.13614008775981526,0.346874331408776,0.45557801616628174,0.4963840184757506,0.5015025288683603,0.5067775046189377,0.15081071639722865,0.15631498510392608,0.15898854618937644,0.5142671755196304,0.15814258775981524,0.4659709295612009,0.18619166859122402,0.34783737875288684,1
24494,2024,457,0.612691466083151,0.7017502587719298,0.09660924671052633,0.11598002390350877,0.4005194978070175,0.4256624451754386,0.6267968668478261,0.6661903206521739,0.6842816684782609,0.15451959510869565,0.1363668614130435,0.1280118641304348,0.5257562910284463,0.14671826761487966,0.6524963399122807,0.2419506842105263,0.10555297478070176,0
23484,2024,1071,0.4173669467787115,0.45712779551820726,0.2867697469654529,0.18243634547152196,0.3543178991596639,0.4660280345471522,0.407450614379085,0.41039375350140056,0.412529933706816,0.18696027637721754,0.18711023473389357,0.18846880765639587,0.5181571596638656,0.15349238748832866,0.48538147152194216,0.5089742268907563,0.005644293734827264,1
23540,2024,817,0.4981640146878825,0.533426958384333,0.20207837331701345,0.16560097552019584,0.39472994614443085,0.423598276621787,0.5224164602203183,0.5100486682986536,0.5107310208078335,0.17265983574051408,0.17506452827417382,0.1810390905752754,0.522428947368421,0.14935894528763768,0.4899568543451653,0.45483584822521417,0.05520727417380661,1
24055,2024,1294,0.48763523956723337,0.5752212457496135,0.18745527511591964,0.14791280293663062,0.3528254497681607,0.4962739953632148,0.4907369126738794,0.4856904211746522,0.4852249451313756,0.20138696800618236,0.1924134156877898,0.19303298655332302,0.517167728748068,0.1529573774343122,0.6223482534775888,0.21697306646058734,0.16067870386398764,1
23421,2024,1322,0.5173978819969742,0.6131599470499244,0.1600142254160363,0.12443322844175492,0.3818148615733737,0.41643216944024203,0.5168020083207262,0.5160806149773071,0.5063580310136158,0.12728968290468987,0.13909549750378214,0.14503755,0.5255992271006813,0.14511623050719152,0.5737241512859305,0.34861637821482605,0.07765946293494705,0
23565,2024,509,0.40471512770137524,0.5091828762278978,0.24226655795677798,0.14978332809430256,0.3882654066797643,0.4312969823182711,0.399900699410609,0.41760804715127703,0.4062437917485265,0.18286408742632612,0.17695501944990177,0.17630377996070729,0.5239619074803149,0.1480499816929134,0.5402331493123772,0.3539231355599214,0.10584371237721021,1
24488,2024,856,0.4497663551401869,0.4218376297076023,0.295224701754386,0.15774537169590644,0.4295019684210526,0.41369039883040937,0.4599759644128114,0.4459151411625148,0.4381915278766311,0.14023839537366548,0.1533222209964413,0.15595261589561094,0.5305171512309496,0.13968084525205157,0.5228967356725146,0.3789783403508772,0.09812492432748537,1
22293,2024,1061,0.49858623939679547,0.5273828020735155,0.21088365409990575,0.1683042714420358,0.3573796833176249,0.4627871074458058,0.5042319698397738,0.49754469180018845,0.48819406126295944,0.19195452205466543,0.19388218256361922,0.19486875249764374,0.515490941509434,0.1543656609433962,0.6176363864278982,0.33732323091423183,0.04504037794533459,1
23424,2024,1575,0.41904761904761906,0.5352658476190476,0.20437923746031744,0.14234124126984127,0.38678273841269845,0.437384726984127,0.4116503288888889,0.41235041714285714,0.40939238603174605,0.190862606984127,0.1813304304761905,0.182678793015873,0.5291177061068703,0.14549387792620866,0.7025295155555557,0.25025283619047617,0.04721766717460318,1
22890,2024,2159,0.4668828161185734,0.4927010690134322,0.2691700917091246,0.1492702899490505,0.36041470495599814,0.43565550995831404,0.4702535766558592,0.4690118684576193,0.469661056044465,0.11200147614636405,0.10151172505789718,0.09979921852709588,0.5116569212233549,0.15878853846153845,0.467590970819824,0.3226116739231125,0.20979738351088467,1
23719,2024,2693,0.5573709617526922,0.5949057021908652,0.16152416821388785,0.14841859970293353,0.3627029298180468,0.44048073338284444,0.556882792053472,0.5617338340141107,0.5621693761604158,0.1900858693278871,0.18344410323059784,0.18169076903082065,0.5150310972892684,0.15522216201262534,0.46589387003342,0.2869644912736725,0.247141640549573,1
23642,2024,1003,0.518444666001994,0.5999120249252243,0.17820610169491527,0.1176505702891326,0.37717008474576275,0.43538294017946166,0.522093593220339,0.5225106889332004,0.5166353459621137,0.10634200528414756,0.10759731615154537,0.10756980089730807,0.5140198255234296,0.156384866999003,0.5692596390827517,0.26615113559322034,0.16458922133599202,0
22094,2024,732,0.41939890710382516,0.48440745355191256,0.30428442213114754,0.13842003551912568,0.3482251980874317,0.44130963387978145,0.40272856816939895,0.4193102049180328,0.4236857459016394,0.1593459631147541,0.15513665,0.15421847513661202,0.5220158563611491,0.14591753105335156,0.6449105396174863,0.20420337841530056,0.1508860532786885,1
22621,2024,416,0.5024038461538461,0.5083073413461539,0.26400866586538463,0.12568230048076923,0.37751775,0.42799503125,0.5341621081730769,0.5143489903846153,0.5136832355769231,0.14016885408653848,0.13393845913461538,0.1405305605769231,0.5197519927710843,0.15212307469879519,0.46289639663461535,0.41345740625,0.12364617307692308,1
23462,2024,579,0.46286701208981,0.5343928272884284,0.22356465284974095,0.12939225388601036,0.378041390328152,0.4245428255613126,0.4971731174438687,0.4801226355785837,0.47437441105354056,0.1773134525043178,0.1788616865284974,0.1790952141623489,0.5188673039723661,0.15227960276338515,0.4167044041450777,0.22003877720207254,0.36325684628670124,1
22249,2024,1814,0.4807056229327453,0.5048597243660419,0.2521088671444322,0.14455634950385887,0.3756700639470783,0.4378939321940463,0.4875684652701213,0.47656746857772875,0.4769176113561191,0.18310324200661524,0.19402829933847848,0.19429698566703416,0.5151547811466373,0.15258781626240353,0.4741344051819184,0.04769322375964719,0.4781723710033076,1
23437,2024,1345,0.420817843866171,0.46208552936802977,0.2701273137546468,0.1480108096654275,0.3787530780669145,0.41615356356877325,0.43833045724907066,0.4241065799256506,0.42603534275092936,0.1674537979182156,0.17370820446096655,0.1755357189591078,0.5170892542750929,0.1546516029739777,0.5398502795539033,0.4153243345724907,0.04482538513011152,1
22720,2024,1609,0.4810441267868241,0.4865074717215662,0.3152175407085146,0.15723011124922312,0.27658089931634555,0.5004832995649472,0.48248318147917957,0.48386060410192666,0.48640160907395896,0.1663273343691734,0.1610780205096333,0.15800176880049718,0.5105901274083282,0.15735677557489125,0.409723234307023,0.17443923803604722,0.41583755686761964,1
23561,2024,1929,0.5132192846034215,0.5785784105754277,0.21698710730948678,0.12805168947641266,0.3530658506998445,0.4499317547952307,0.5185281850699844,0.5276996951788492,0.5323554997407983,0.1503810678589943,0.14536306319336442,0.14214827216174183,0.510333677034733,0.15830218994297565,0.5469512078797304,0.3227639263867289,0.13028488906169,1
24560,2024,2398,0.5004170141784821,0.49961264997914057,0.21409311639549436,0.18371765373383397,0.33636590029203167,0.47440678473091363,0.49851742325983567,0.5006013769995676,0.5000371357544314,0.18173166182447037,0.1830104522265456,0.1823113674881107,0.5162013206839032,0.15156331009174312,0.5380601597830622,0.33773645264914476,0.12420339349186482,1
23347,2024,1491,0.45942320590207913,0.531481875251509,0.20216952582159622,0.18951056874580816,0.35960468477531854,0.45599132327297115,0.4650827129443326,0.465632419852448,0.46887685982562044,0.21078712032193161,0.21158972434607645,0.2152940073775989,0.515720790073776,0.15391761207243462,0.543229580147552,0.13137372837022132,0.32539669416498995,1
22624,2024,1289,0.4678044996121024,0.5096034103956555,0.23122163615205585,0.1396054608223429,0.39243162916989915,0.43170115050426683,0.48524397517455387,0.4712720356865787,0.4689977129557797,0.17785850752521334,0.17840246881303337,0.17714972420480993,0.5149888456167572,0.1541764342901474,0.5918909433669511,0.29454275562451515,0.11356633204034135,1
22302,2024,465,0.44731182795698926,0.5028247784946237,0.2914939139784946,0.12402083655913979,0.361176864516129,0.46195147311827955,0.4579329526881721,0.4414811311827957,0.4551217053763441,0.2025523053763441,0.19776677053763442,0.19781798924731184,0.5142061505376344,0.15589266451612901,0.5390629204301075,0.3858083053763441,0.07512876451612903,1
22192,2024,727,0.4896836313617607,0.4814003906464925,0.2918344979367263,0.12153283631361761,0.37193203163686384,0.45130176341127926,0.5185161471801926,0.493644416781293,0.4995265790921596,0.12083400412654746,0.13568124883081156,0.12084316107290234,0.5236110852819807,0.1485152469050894,0.586489341127923,0.3640987757909216,0.04941186492434663,1
24459,2024,960,0.5114583333333333,0.5140284020833333,0.25804213125000003,0.15545795,0.34385847708333334,0.46840954999999995,0.510704284375,0.5083165166666667,0.5130438708333334,0.19566565572916667,0.19870606666666665,0.1888017364583333,0.5156906625000001,0.15338968541666667,0.5282857052083333,0.3272536885416667,0.144460609375,1
24447,2024,1879,0.5029270888770623,0.4887135364555615,0.21740731133581692,0.1928200814262906,0.3993781271953167,0.42358638903672163,0.5067317418839808,0.5016322400212879,0.5017111096327834,0.19357395183608303,0.18580915753060137,0.18353862054284195,0.5165491021820118,0.14988232017030337,0.5420559387972326,0.3773632879191059,0.0805807788185205,1
24484,2024,857,0.4632438739789965,0.48495094158878504,0.2484833785046729,0.1235549320093458,0.4018910303738318,0.41614716705607474,0.44337025742574254,0.4317246002475248,0.4466095198019802,0.1463098110148515,0.1362665995049505,0.13663458044554455,0.5334370726846425,0.141437239038687,0.6695051378504673,0.1093222859813084,0.22117257242990654,1
23972,2024,832,0.4182692307692308,0.4706666418269231,0.2990909455528846,0.13562704759615385,0.35746285456730764,0.46509045072115385,0.44103602403846154,0.45056675240384614,0.45669720072115383,0.14515354495192306,0.1479568233173077,0.1439085064903846,0.5137591802884616,0.15483854110576922,0.655982671875,0.28372210216346155,0.060295209375,1
23737,2024,683,0.4612005856515373,0.5140035036603221,0.23713127964860908,0.14592694875549048,0.4042927525622255,0.41294850366032215,0.48797324011713034,0.46785512737920937,0.4692991259150805,0.169106074670571,0.1676948193265007,0.16812010980966327,0.5189915102639295,0.15004201011730206,0.57927082284041,0.25619296486090776,0.16453622547584187,1
22820,2024,899,0.4649610678531702,0.4725456418242492,0.2644569199110122,0.14560038042269188,0.3885547296996663,0.4101078042269188,0.4822319321468298,0.47131548275862073,0.46731365183537266,0.11203778387096774,0.1194819869855395,0.11932965228031146,0.5177613069196428,0.1512648515625,0.5762202981090101,0.2716685606229144,0.15211112903225807,1
23229,2024,2532,0.5414691943127962,0.5561246054502369,0.22812415007898895,0.10879030371248025,0.36302211927330175,0.4586289194312796,0.5443827089257504,0.5491576066350711,0.5486609755134281,0.08651807413112164,0.08610212669826224,0.08548593439968405,0.514827970379147,0.15542385778041073,0.5918148625592418,0.3049565920221169,0.10322853285939967,0
23871,2024,920,0.45,0.5368390815217391,0.19809040108695652,0.17318808804347827,0.3891770434782609,0.4232920076086957,0.43262944673913045,0.4488389369565218,0.4715141010869565,0.20175756489130434,0.17640600108695653,0.17213933695652173,0.5199199477693145,0.14824888258977148,0.5210000217391304,0.2903073880434783,0.1886925945652174,1
23597,2024,564,0.49113475177304966,0.46993676063829787,0.2868866365248227,0.1592720815602837,0.4194753085106383,0.41953120921985815,0.4843733067375887,0.48838833687943267,0.4832638102836879,0.14019719166666667,0.1411481535460993,0.1404293019503546,0.5300687424511545,0.14129915719360567,0.7453293280141844,0.15402408865248227,0.100646584929078,1
24607,2024,1248,0.48878205128205127,0.48915415316760225,0.26686186447473936,0.13919751964715316,0.39145513392141135,0.43259412189254215,0.4887403403538332,0.48627061162594776,0.487981801179444,0.1587041438921651,0.15664125071609097,0.15349777194608258,0.5189770176282051,0.15096864607371793,0.531801292702486,0.303901322052927,0.16429738396150764,1
24099,2024,1083,0.4856879039704525,0.4940696620498615,0.2459050313942752,0.13835416712834717,0.378478541089566,0.4327662299168975,0.46464458171745154,0.4805576057248384,0.47809272668513386,0.15910826361957528,0.15524204247460757,0.1472950646352724,0.5189080397045245,0.14953839593721144,0.47532473591874425,0.35466570729455216,0.17000955309325946,1
24240,2024,1899,0.47919957872564506,0.48959777988414954,0.2427632675092154,0.16993789836756187,0.3731157398630858,0.4486669373354397,0.49050636229594524,0.49171050394944704,0.49611642601369144,0.18601942374934177,0.1811000758293839,0.1795406082148499,0.5163332627698789,0.15265459473407056,0.5476749873617693,0.3945569136387573,0.057768091943127965,1
23105,2024,517,0.45454545454545453,0.5089427775628627,0.2200012069632495,0.1623388742746615,0.41515535589941976,0.41637780464216634,0.4023535744680851,0.4339329381044488,0.4604848916827853,0.24309653230174083,0.22101112572533851,0.207571918762089,0.5252353133462282,0.14277380367504836,0.6083027234042553,0.28035040618955515,0.11134685106382979,1
22508,2024,664,0.4322289156626506,0.5147798825301205,0.23962742469879517,0.15272371837349397,0.34179196385542165,0.48905683283132534,0.4149268478915662,0.42512649246987955,0.4205501189759036,0.16539933087349398,0.16557244623493977,0.16920700647590362,0.5205152003012048,0.1496910843373494,0.6820354457831325,0.26620269578313255,0.05176185617469879,1
24178,2024,781,0.47631241997439183,0.5034035646606915,0.24646479257362355,0.15267221126760563,0.4258013994878361,0.41022376824583867,0.46083103841229195,0.4821210294494238,0.4782802215108835,0.19702836939820742,0.18178336875800258,0.17745624635083226,0.5160679769526249,0.1531127514724712,0.5970381933418694,0.21565419206145967,0.18730759539052497,1
23589,2024,1887,0.4917859035506094,0.5151060392156863,0.22907982034976151,0.16418446210916798,0.39699345574986755,0.4331957276099629,0.5024133910969794,0.4894037837837838,0.48756757763646,0.20729044811870692,0.21379175675675677,0.2202106099629041,0.5181572167461579,0.15224088240593533,0.4404801849496555,0.3787373073661897,0.18078250556438794,1
22651,2024,2592,0.4834104938271605,0.47084826311728395,0.2559673649691358,0.16909900540123457,0.38158352469135803,0.4247537492283951,0.4827390185185185,0.4812289332561729,0.48234755169753085,0.18183183541666667,0.18195542476851853,0.1802012411265432,0.5166469104938272,0.1524209617669753,0.40835227314814815,0.46518449961419756,0.12646323364197531,1
23288,2024,424,0.5566037735849056,0.5509774787735849,0.20972449999999998,0.15721807547169814,0.38122331132075477,0.44325340094339627,0.5386133231132075,0.5440369127358491,0.548051070754717,0.20735601391509434,0.19746025094339623,0.18866271485849057,0.518626212264151,0.15042842924528302,0.6313275896226416,0.1886189929245283,0.18005339386792454,1
22668,2024,642,0.5404984423676013,0.5438951760124611,0.23512895171339565,0.14866954672897195,0.3401315996884735,0.4340024283489096,0.5355870638629284,0.5350912056074766,0.537496753894081,0.14397872274143303,0.14279502570093458,0.1392068714953271,0.5148437258566978,0.15429894704049843,0.5611118738317756,0.26135689096573206,0.17753123364485981,1
22389,2024,1321,0.4882664647993944,0.5542774277062831,0.22650620060560184,0.12686059954579865,0.3503102535957608,0.4546715079485239,0.5094704988644966,0.4999205185465556,0.5036017191521575,0.1425461433005299,0.16493127691143072,0.16487327244511735,0.5150361869795609,0.15535773255109764,0.575302028009084,0.3361446449659349,0.08855333421650265,1
24286,2024,1814,0.474090407938258,0.5155536323042998,0.22107955347298788,0.15373151874310914,0.3833770507166483,0.4322910468577729,0.4611154382579934,0.4776465584343991,0.4835256604189636,0.19075980358324146,0.1872660876515987,0.1825424046306505,0.5127702618522602,0.15707710639470782,0.4437901014332966,0.3818944729878721,0.17431542723263507,1
23653,2024,453,0.37527593818984545,0.44323305739514346,0.3017621964679912,0.16989707505518764,0.4146706556291391,0.37991147902869754,0.42052261810154523,0.3765313311258278,0.3762611479028698,0.19125521633554085,0.20677628984547464,0.19334888962472405,0.5224935209713024,0.14421560485651214,0.593815353200883,0.39840988300220753,0.007774768410596026,1
24020,2024,775,0.43612903225806454,0.5200617083870968,0.24861820516129032,0.12248604,0.4021947225806452,0.41626181161290327,0.4729030658064516,0.47251286451612906,0.4742966425806452,0.12318804722580647,0.13773385290322582,0.13803346193548388,0.5284711705426356,0.1404537112403101,0.5562451019354838,0.4182685948387097,0.025486338451612904,1
21936,2024,683,0.48462664714494874,0.5109879604685212,0.2348148916544656,0.14821596778916543,0.3965824568081991,0.428304541727672,0.4895949311859443,0.48332645387994144,0.4863538491947292,0.15927710614934115,0.16548455651537336,0.16681181815519766,0.5149357803806736,0.15298444070278183,0.4943952650073206,0.4410718096632504,0.06453293660322108,1
24485,2024,837,0.5328554360812425,0.5223512296650717,0.2491457033492823,0.08433129222488038,0.4055604533492823,0.4079583672248804,0.5318747080291971,0.5329051800486618,0.5318342238442823,0.09670463150851581,0.09626017615571776,0.09722659829683698,0.5183539474313023,0.14526950764635604,0.53922320215311,0.2219895504784689,0.23878724641148324,0
24136,2024,1079,0.48007414272474513,0.5022340018535681,0.2473109953660797,0.13884907414272474,0.40248390639480996,0.4200075810936052,0.47766204541241886,0.473791062094532,0.47540348192771087,0.17306260537534754,0.1660375950880445,0.1663437893419833,0.5182103558850787,0.1496073001853568,0.5454151510658016,0.1892922798887859,0.26529256811862834,1
24544,2024,1412,0.4185552407932011,0.4211575712260808,0.31674172360028346,0.20234001523742026,0.37827496527285615,0.46800624592487594,0.4187840799103809,0.4318612905153099,0.42883659895444365,0.22720379469753546,0.21831384839432413,0.21809152725914863,0.5165429369688385,0.151378029815864,0.5513192678951099,0.05873931863926293,0.389941415308292,1
24355,2024,798,0.43734335839599,0.43369137844611527,0.33366182330827066,0.12384100877192983,0.43187634210526316,0.41671727067669173,0.44161470175438594,0.43582891228070175,0.4324204010025063,0.1585734448621554,0.14734000651629073,0.14322639160401004,0.5178406090225564,0.15146167794486215,0.6207505739348371,0.29466951754385967,0.08457994987468671,1
23369,2024,468,0.4935897435897436,0.4545776794871795,0.2770319337606838,0.14736628846153846,0.41996721794871794,0.410077485042735,0.45178662393162394,0.4405547457264957,0.4276265641025641,0.1478126967948718,0.13445027457264958,0.1368918205128205,0.5206328739316239,0.14418776111111112,0.5956311196581197,0.355173702991453,0.04919513222222222,1
24389,2024,1444,0.4889196675900277,0.4790495138504155,0.26521329085872575,0.16248408102493075,0.39169062950138506,0.41369297506925207,0.48532181371191135,0.496975311634349,0.4959229113573407,0.18429770782548477,0.17299282527700832,0.1740691475069252,0.5177628947368421,0.1542854432132964,0.4468334072022161,0.35417412673130194,0.19899244736842106,1
22598,2024,374,0.4625668449197861,0.5404842486631016,0.2130156256684492,0.1279939064171123,0.3728817540106952,0.40999746791443853,0.4662231951871658,0.4512186550802139,0.47367302673796785,0.1994944973262032,0.18960343048128342,0.1788361203208556,0.5127997192513368,0.15687432085561498,0.6896759679144384,0.244274564171123,0.0660494395721925,1
23112,2024,636,0.5015723270440252,0.558146926100629,0.19451478773584904,0.15663671855345912,0.3506007783018868,0.43330948427672955,0.5126735628930817,0.49258684905660377,0.4915747987421384,0.19970196289308176,0.21620240157232706,0.2058652,0.5138783694968553,0.15938758616352203,0.499719251572327,0.27104663050314465,0.22923410062893082,1
22254,2024,1107,0.5654923215898826,0.5643674878048781,0.18016276603432702,0.1601481273712737,0.3597344110207769,0.4610085962059621,0.5523204941282746,0.5564632321589883,0.5610476079494128,0.2083460766034327,0.19219440704607046,0.18552952204155376,0.5178719150858175,0.15209602502258357,0.5642246178861788,0.25224584372177056,0.18352953387533874,1
23751,2024,1194,0.4489112227805695,0.530708918760469,0.22303963065326635,0.14871393969849248,0.40241909296482414,0.41131737772194304,0.4583536273031826,0.46218162730318263,0.4681480075376884,0.18491767546063653,0.17663699246231157,0.17379652093802345,0.5156749288107203,0.1507589405360134,0.5129995862646567,0.4107294698492462,0.07627092512562814,1
24011,2024,891,0.48035914702581367,0.5625098698092031,0.22882454320987652,0.1480065847362514,0.36416661952861956,0.4143943254769922,0.45344523681257015,0.48429869809203147,0.5044110774410775,0.16029435106621773,0.15716546958473626,0.1555808408529742,0.5173038105975197,0.1446007056369786,0.5114326397306398,0.37436339057239054,0.11420394691358024,1
22735,2024,832,0.453125,0.49981204326923073,0.2298461826923077,0.17422687379807694,0.38765004807692305,0.44344734735576924,0.4540871057692308,0.4501926935096154,0.45196834975961536,0.21024063425480768,0.20035499194711537,0.2027720252403846,0.5176678028846153,0.15469469627403848,0.5404999663461538,0.056294727884615384,0.4032053161057692,1
23637,2024,511,0.5772994129158513,0.49306288062622305,0.3288479471624266,0.10891986105675147,0.35122072798434445,0.4494352720156556,0.5875084872798434,0.5906378630136986,0.5883259745596868,0.04736293111545988,0.04566172857142857,0.050571052837573384,0.5272931017612524,0.14899814285714286,0.8176983326810175,0.1750755048923679,0.007226182113502936,0
22675,2024,389,0.4473007712082262,0.5407656606683805,0.2547252724935733,0.12734691516709512,0.3592294807197943,0.42986452185089974,0.4521337455012854,0.448519028277635,0.4625096658097686,0.17853758971722367,0.17394150462724936,0.1700965383033419,0.5230242210796915,0.14875542416452442,0.6283761259640103,0.24444121336760924,0.12718263753213369,1
22469,2024,677,0.43131462333825704,0.561963200886263,0.21389376957163958,0.11860208419497784,0.37457737370753325,0.42965491137370754,0.42202857754800593,0.43017613737075333,0.4322788788774003,0.17770714726735598,0.16414504150664697,0.16368785022156573,0.5128991083086054,0.15104131572700297,0.5226147784342688,0.3268692895125554,0.15051590546528804,1
23858,2024,502,0.4123505976095618,0.5563146593625499,0.23037123107569724,0.13405099601593626,0.4368171195219124,0.38399446812749,0.3989174282868526,0.4430447390438247,0.46994901195219124,0.1661787629482072,0.156171556374502,0.14590663824701197,0.5167553366533865,0.141414496812749,0.7018962370517928,0.26966859760956174,0.02843518187250996,1
23665,2024,622,0.41318327974276525,0.4823021848874598,0.2590830498392283,0.17005171704180064,0.3867636109324759,0.440410924437299,0.4375443633440515,0.4212631993569132,0.42088602090032157,0.21035879035369778,0.2154202688102894,0.21363563987138265,0.5107254099678457,0.15732910932475883,0.3770069887459807,0.6033881897106109,0.019604835530546625,1
21813,2024,685,0.44525547445255476,0.5142702832116789,0.22333873868613138,0.1334357591240876,0.3835265839416058,0.4157010773722628,0.48273080875912405,0.4551514145985402,0.4585037065693431,0.18267906218978103,0.19616232291970803,0.19497783795620438,0.5258755649635036,0.1507532817518248,0.42436820145985404,0.4269776072992701,0.14865416496350364,1
24169,2024,434,0.4631336405529954,0.4893199723502304,0.2747358617511521,0.14637466359447004,0.43508215668202765,0.4223416013824885,0.3541389642857143,0.4410720529953917,0.45139891935483867,0.1434622262672811,0.17188467511520739,0.1646693341013825,0.5181032534562212,0.15232073801843318,0.6048789447004609,0.23775773732718894,0.15736332258064517,1
22205,2024,804,0.47139303482587064,0.5306789651741294,0.20928830597014925,0.17202312437810946,0.3866602450248756,0.44543282587064675,0.4626272201492537,0.4648202935323383,0.4660108992537313,0.212561559079602,0.21204566094527363,0.20604168656716415,0.5217387823383085,0.152447267039801,0.6582472388059701,0.32320733084577113,0.018545444900497515,1
23977,2024,879,0.4641638225255973,0.5293323822525597,0.238969787258248,0.15218314562002275,0.39602683048919224,0.397785212741752,0.46919131740614334,0.47633933902161546,0.4837382673492605,0.16893204664391356,0.16600736632536975,0.16165766097838452,0.5227114448236633,0.15024766905574516,0.6641559544937429,0.1965113321956769,0.13933270762229807,1
23312,2024,735,0.5006802721088436,0.5377055020408164,0.23616949115646257,0.13464125578231292,0.3736955972789116,0.4373608176870748,0.5054216027210884,0.5174260843537415,0.5173969115646259,0.14616432054421769,0.14598582136054422,0.14438247414965985,0.515866644414169,0.15324171798365122,0.5234884775510203,0.254214568707483,0.2222969537414966,1
23284,2024,381,0.41732283464566927,0.5140805354330709,0.23175403937007874,0.14135372440944882,0.40448738582677163,0.39167114960629923,0.43934177427821525,0.43013765354330713,0.42488644094488187,0.2048528496062992,0.19952072440944882,0.19489380577427823,0.513829157480315,0.158445743832021,0.6672761181102362,0.3132094908136483,0.019514413910761155,1
23982,2024,622,0.4855305466237942,0.5049314099678457,0.2255636607717042,0.18316416398713828,0.3710087508038585,0.4017789533762058,0.49502701125401927,0.4934680948553055,0.4986320546623794,0.20792159067524116,0.20067414501607717,0.19727107717041803,0.5139384758842444,0.15399308938906753,0.6135894774919614,0.26567202733118966,0.1207384958199357,1
23231,2024,465,0.4150537634408602,0.6155059870967742,0.15308743440860217,0.11788635483870967,0.37593700645161293,0.4419342559139785,0.45810247741935484,0.4418226860215054,0.44766193978494623,0.1315393830107527,0.14307666107526884,0.14275477268817205,0.5168834688172043,0.14895591655913978,0.4980157827956989,0.41146169462365595,0.0905225070967742,1
24183,2024,496,0.4737903225806452,0.47320539516129034,0.25993766733870965,0.19176732056451612,0.36975514717741936,0.39540968145161287,0.472345872983871,0.4511410040322581,0.44868146774193546,0.22796753427419356,0.20186714193548388,0.18900263306451612,0.5254040040322581,0.1442691820564516,0.5183033629032258,0.45925777419354835,0.02243885754032258,1
24401,2024,360,0.4666666666666667,0.4914190222841226,0.23187903342618385,0.20977584122562676,0.44734172980501397,0.3992446295264624,0.44321583333333336,0.47807706896551727,0.47625725287356324,0.22845617844827587,0.21113970689655173,0.20749224712643677,0.5194405666666667,0.15214803333333332,0.7046593732590529,0.1861700919220056,0.10917050557103064,1
23478,2024,1205,0.46473029045643155,0.48140102323651446,0.24544272780082987,0.1473967651452282,0.37658231452282154,0.41516835269709546,0.487708712033195,0.46516385892116185,0.46265643568464726,0.18702615269709544,0.18991897427385893,0.19314367834024898,0.5171326697095435,0.1542512258921162,0.5648147419087137,0.3521216813278008,0.08306358390041495,1
24411,2024,952,0.5168067226890757,0.5125206470588235,0.2393010493697479,0.1633000619747899,0.4053477531512605,0.4185131880252101,0.5193077289915966,0.5193161817226891,0.5188182384453781,0.1810356368697479,0.1711268598739496,0.16871818277310924,0.5176575388655462,0.15075210084033613,0.45306562815126056,0.3871532857142857,0.15978106302521008,1
23542,2024,311,0.5048231511254019,0.5567404083601286,0.24572362700964628,0.13385057234726688,0.35777298713826367,0.43893377813504825,0.39555739871382634,0.4777400225080386,0.4995253022508039,0.1793884453376206,0.16801426688102894,0.1661598231511254,0.5332316945337621,0.1482334800643087,0.5335491768488746,0.3463197524115756,0.12013106752411576,1
21994,2024,417,0.49160671462829736,0.5280817505995204,0.19905179136690648,0.1438758489208633,0.37621760911270985,0.44588349400479615,0.48624617026378897,0.4910790911270983,0.5003774460431655,0.17163245491606716,0.16166472805755394,0.15481923980815349,0.5200655371702638,0.15095171223021583,0.3724983069544365,0.4434008369304556,0.18410085131894485,1
24482,2024,425,0.4211764705882353,0.377454983490566,0.2580495636792453,0.19681368183962264,0.40581681367924527,0.48763236320754716,0.3518390831353919,0.38873485035629457,0.39137611638954867,0.1553321698337292,0.19564171258907365,0.18146970071258905,0.5102259952941176,0.15902597741176472,0.37192663207547166,0.6280733679245283,0.0,1
23769,2024,694,0.4610951008645533,0.47265443227665704,0.3173628386167147,0.1475936902017291,0.3769185417867435,0.4439656902017291,0.44386946930835736,0.45209835878962534,0.45661775792507203,0.18246891743515853,0.16975351152737753,0.17042168731988472,0.5131708760806916,0.1561239682997118,0.5234922377521614,0.3070971988472623,0.1694105590778098,1
23904,2024,322,0.40062111801242234,0.47713660559006216,0.2202525403726708,0.1884126552795031,0.4227147391304348,0.39569925155279506,0.39067742236024844,0.36763803416149066,0.38291945031055896,0.16555453322981367,0.1719633689440994,0.17045776708074536,0.5253112701863354,0.1380404642857143,0.6134313881987578,0.3686854316770186,0.01788317329192547,1
23902,2024,825,0.4109090909090909,0.4845916096969697,0.2552500460606061,0.14848732,0.429558823030303,0.39459741212121213,0.40864219272727276,0.3993708181818182,0.3991700703030303,0.1846188838787879,0.17803299878787882,0.18093414303030303,0.5198169004854368,0.14428297378640775,0.5742304048484849,0.41029399151515156,0.015475588484848486,1
23429,2024,730,0.4684931506849315,0.5856382835616438,0.18259571369863015,0.09224282356164383,0.39748093013698627,0.41185458493150684,0.4852301191780822,0.46840254657534247,0.4608553534246575,0.10373715410958904,0.11757608397260275,0.12274881164383562,0.5274369972527473,0.1398133429945055,0.6604326342465753,0.2654576712328767,0.0741096705479452,0
24012,2024,928,0.4536637931034483,0.500559292025862,0.26630869407327584,0.10092458006465517,0.4097248965517241,0.36813205818965516,0.44227519612068966,0.46192049676724134,0.4764909924568966,0.1399464979525862,0.11483275862068966,0.11065557413793103,0.5286996929824561,0.13801182971491227,0.7009270538793103,0.2771672577586207,0.02190568442887931,1
24608,2024,766,0.4412532637075718,0.44906803660130723,0.2672477098039216,0.18673275947712417,0.3509383320261438,0.4282235882352941,0.4032856421895861,0.4325999425901202,0.4361581815754339,0.15872049626168225,0.1877156608811749,0.1888509893190921,0.5152277075718016,0.15208604830287206,0.5748672209150326,0.21073983398692808,0.21439292156862744,1
23590,2024,734,0.4550408719346049,0.47947441689373294,0.26969202997275205,0.15070493460490464,0.36836443596730245,0.4354864264305177,0.4630448460490463,0.46282734741144416,0.4637456539509537,0.17700901158038146,0.1835946644414169,0.18309781920980928,0.5171659059945505,0.1527612066757493,0.4585080354223433,0.4216718092643052,0.11982012670299728,1
23092,2024,769,0.4486345903771131,0.49532433680104027,0.25820322236671,0.12799876072821847,0.4380812301690507,0.4117200143042913,0.43605971391417425,0.449029422626788,0.45843686345903767,0.1835719977893368,0.17670559102730818,0.16299270520156048,0.5188144343302991,0.15127424538361509,0.6698871456436932,0.17373390897269178,0.1563789700910273,1
24487,2024,363,0.4986225895316804,0.513537770718232,0.24065383425414363,0.14932436740331492,0.40522271823204425,0.42243507734806635,0.44594448169014084,0.5122176760563381,0.5267913943661972,0.16782772253521128,0.14784784309859156,0.14282062225352113,0.5246916149584487,0.1344310567867036,0.8263896740331491,0.1736103273480663,0.0,1
24328,2024,1282,0.49297971918876754,0.46510122248243563,0.23537768696330993,0.1888942568306011,0.3792478774395004,0.43777328103044494,0.5004145954773869,0.4897785117252931,0.48237479313232834,0.18140746524288107,0.1826057118927973,0.18436621943048576,0.5141683751950078,0.156040372074883,0.5028987158469945,0.331013887587822,0.16608740288836848,1
24546,2024,882,0.4387755102040816,0.4672082292849035,0.2791253938706016,0.20861621543700343,0.34178513734392735,0.43117422474460837,0.43674150975609755,0.44254316585365855,0.446313443902439,0.21599874280487802,0.22257470000000001,0.22521931951219512,0.518491314058957,0.14823138015873016,0.5309471861520999,0.2317408547105562,0.23731194143019296,1
24063,2024,1528,0.4574607329842932,0.47128350065445024,0.2766932172774869,0.1757451367801047,0.38249561714659686,0.46108697840314133,0.45883532133507854,0.45691055366492145,0.4551617244764398,0.18568097545811518,0.19647868259162304,0.198052625,0.518573685209424,0.14882888462041885,0.5667961086387434,0.41089813678010473,0.0223057532526178,1
22867,2024,484,0.4607438016528926,0.48200865495867773,0.27434423140495867,0.1485814938016529,0.4120812913223141,0.43238065702479334,0.4647263904958678,0.4823285578512397,0.49174776652892566,0.1717014444214876,0.15637299752066117,0.14722559752066117,0.5253080041322314,0.14533021157024795,0.7024933966942148,0.2891078987603306,0.008398709752066115,1
22163,2024,650,0.45076923076923076,0.5527846584615385,0.17113526615384614,0.14456784,0.35953582153846153,0.43289164,0.4600601553846154,0.454935,0.4377723476923077,0.17984779353846153,0.17925674461538463,0.1821759476923077,0.5188120584615384,0.149675124,0.4299559846153846,0.14159431692307692,0.4284496830769231,1
24013,2024,1250,0.484,0.6220411832,0.17233645784,0.08454638784,0.408173856,0.3911887552,0.4906896168,0.49931944640000003,0.5121519752,0.12133602584,0.12004766184,0.11434338792000001,0.5284485927419355,0.14177757491935483,0.6746912264,0.222028584,0.10328020071999999,0
24329,2024,845,0.4591715976331361,0.44062081656804736,0.31559156331360944,0.15048626863905326,0.4369585195266272,0.41895009940828404,0.45691125443786984,0.4468516769230769,0.4441913491124261,0.12938098177514792,0.14114090189349113,0.1448303952662722,0.5228419846153846,0.14336217621301775,0.5755265704142012,0.3956706662721894,0.028802743195266274,1
21943,2024,769,0.47074122236671,0.475799410923277,0.2811561976592978,0.17552644343302992,0.3736743927178154,0.4390987529258778,0.4780917789336801,0.4723602522756827,0.47605502600780236,0.15297455591677503,0.16343109700910274,0.16469689076723018,0.5126633940182055,0.15599405162548763,0.6719616736020806,0.27632537711313393,0.051712972171651495,1
24537,2024,355,0.49859154929577465,0.4913502429378531,0.14315496610169492,0.17444072598870058,0.47943794067796613,0.3476259124293785,0.5047202284866469,0.4868070890207715,0.47457270919881306,0.172403293768546,0.18108047477744807,0.18140205637982196,0.5189119830985915,0.155776061971831,0.624301033898305,0.3705653135593221,0.00513364697740113,1
22547,2024,471,0.4713375796178344,0.47835838004246284,0.26147154564755837,0.14246636305732485,0.3527785966029724,0.46782491082802546,0.41452218683651804,0.47792441401273883,0.4588138598726115,0.26319605753715497,0.19306265859872612,0.19310384777070064,0.5125357919320594,0.154840050955414,0.43676388747346073,0.5500185350318472,0.013217553503184714,1
23771,2024,479,0.44676409185803756,0.5005100396659707,0.2546949206680585,0.1551939540709812,0.40614350730688936,0.39054485594989563,0.47994918371607515,0.460705993736952,0.4647053361169103,0.19158521920668056,0.1892605135699374,0.18771474739039665,0.5164689436325678,0.15151489415448852,0.6690168517745303,0.29375755323590813,0.03722557473903967,1
23695,2024,1330,0.46691729323308273,0.5196069759398496,0.2224606676691729,0.14844957669172934,0.41225505037593985,0.4025312481203008,0.4748298744360902,0.4760164947368421,0.4758783195488722,0.1786520877443609,0.18655233090225565,0.18324887593984962,0.5123393398496241,0.1587606692481203,0.512001407518797,0.2904157458646617,0.19758285187969923,1
24314,2024,376,0.4095744680851064,0.4454912606382979,0.3104285186170213,0.15440059308510637,0.534343829787234,0.3221595345744681,0.4279586675531915,0.44563526063829784,0.4522039813829787,0.16717498085106383,0.14322832393617022,0.1482528664893617,0.5145943723404255,0.14214633510638297,0.6081647340425532,0.33629031382978725,0.055544943617021274,1
23363,2024,684,0.4283625730994152,0.4898293888888889,0.23120462280701753,0.15981162134502924,0.3960800014619883,0.43919113157894735,0.398707149122807,0.422148100877193,0.4354858596491228,0.20929682748538012,0.20030366081871342,0.19369297514619885,0.5131659210526316,0.15397545029239768,0.47211932456140354,0.5245471827485381,0.003333517850877193,1
24026,2024,500,0.432,0.503873496,0.241326634,0.17254259400000002,0.41162835000000003,0.41523807399999996,0.43446381,0.460754822,0.471833316,0.209089441,0.1783993096,0.171812546,0.5167560019999999,0.1503307688,0.50299732,0.31402946200000004,0.18297318999999998,1
24619,2024,2029,0.4297683587974372,0.4280870443786982,0.26301454536489155,0.1967936794871795,0.3578251188362919,0.505309924556213,0.43377683005547146,0.4307628522440746,0.42920907513867873,0.19390290398386284,0.1908905189107413,0.19124230156328798,0.5163978472153771,0.1548289137013307,0.6319100448717948,0.27924504211045365,0.0888449008382643,1
24056,2024,412,0.5097087378640777,0.5234281432038835,0.25676499514563106,0.15007826699029125,0.3343272305825243,0.44228109466019416,0.5079726723300971,0.5093766165048544,0.503304349514563,0.14799918786407767,0.16120439417475727,0.1620040881067961,0.5180150825242719,0.15352442208737865,0.47966700728155337,0.1616521359223301,0.35868081067961166,1
23638,2024,858,0.48951048951048953,0.5805906013986014,0.19425249650349652,0.13051434032634032,0.39513696037296037,0.4151936200466201,0.4862346946386946,0.4830628135198135,0.48989904079254076,0.12620353846153845,0.11562045221445222,0.11289886993006992,0.5247636709451575,0.14730408739789963,0.5673326934731935,0.26910094522144523,0.1635663717948718,0
23749,2024,812,0.41625615763546797,0.5349507746305419,0.23029716256157634,0.13996685714285714,0.4030737327586207,0.4024839876847291,0.41530760714285714,0.44094883374384236,0.4468116206896552,0.22278284815270935,0.20576381527093596,0.20451680049261084,0.5159113854679803,0.1544062158866995,0.5840548386699507,0.31355713793103446,0.10238801145320196,1
24076,2024,603,0.4660033167495854,0.4485034527363184,0.2775890696517413,0.18339021227197347,0.4155818623548922,0.41213139469320065,0.47705519734660035,0.44785705638474294,0.445858351575456,0.17967771973466004,0.1926372023217247,0.1896879966832504,0.5102039568822554,0.15717582089552237,0.4974636666666667,0.3541756650082919,0.14836064510779434,1
24209,2024,695,0.48633093525179855,0.48896016978417267,0.247533835971223,0.16544915971223023,0.4041549496402878,0.4286623021582734,0.49171141007194247,0.4882064589928058,0.49017134100719423,0.13532494230215827,0.18185896690647482,0.1761664201438849,0.5140488503597123,0.15379341151079137,0.5910018690647483,0.33123741007194246,0.07776071899280575,1
24038,2024,1630,0.4865030674846626,0.46071191840490794,0.2949714073619632,0.15239872024539877,0.4151806110429448,0.434817672392638,0.4863263920245399,0.5024128024539877,0.49385888895705526,0.18160466656441718,0.17750765705521473,0.18052871042944785,0.5139808747697975,0.15442211534683856,0.578961227607362,0.4025201865030675,0.018518586625766872,1
21998,2024,377,0.4535809018567639,0.5094738010610079,0.25809458355437664,0.1463968673740053,0.34543106896551723,0.43404149867374003,0.4380976870026525,0.43253601591511937,0.43699411671087535,0.207214875331565,0.1883430397877984,0.1737813872679045,0.5181436870026526,0.14991129442970824,0.4063250026525199,0.393487949602122,0.20018706896551722,1
24622,2024,1053,0.4691358024691358,0.4450036150190114,0.2656858716730038,0.21145288212927757,0.39657006653992394,0.45127636977186314,0.46735485639958374,0.45535220499479706,0.45474268574401666,0.18999115723204993,0.20059606451612905,0.2021636878251821,0.5163519259259259,0.15197354871794871,0.5485513792775666,0.30025456844106463,0.1511940533269962,1
23047,2024,388,0.49742268041237114,0.5086936572164948,0.23467180670103094,0.12870807989690722,0.4086593195876289,0.42992653350515464,0.4697536262886598,0.48755101804123707,0.4924297422680412,0.23938543041237112,0.17070103298969072,0.16360523865979382,0.5173109458762887,0.1558029407216495,0.6211269587628866,0.2777908144329897,0.10108222628865979,1
24623,2024,1602,0.49250936329588013,0.48595884134915673,0.2241967595252967,0.2011673685196752,0.3260881099937539,0.48842284134915676,0.48623751105331603,0.4864239356306892,0.48878875292587776,0.20830375617685304,0.20567320156046814,0.20475970156046813,0.5119025299625468,0.15911791323345817,0.434087890068707,0.4420655159275453,0.12384656402248594,1
24512,2024,750,0.408,0.3824019078771696,0.2977905554072096,0.25036374365821096,0.42426050867823767,0.3888627596795728,0.4278504856278366,0.4006050756429652,0.39782251891074133,0.25450459152798793,0.25504231618759454,0.24867298487140693,0.517355432,0.1520480452,0.5696814699599466,0.3719101456608812,0.05840839506008011,1
24624,2024,748,0.47192513368983957,0.4149115464524765,0.3655985662650602,0.13745546746987952,0.33874615796519414,0.5140787469879518,0.47469510298507467,0.4471753567164179,0.4319980895522388,0.1356271891044776,0.13244415223880598,0.13605034776119404,0.518794429144385,0.14756783155080214,0.5688395113788487,0.3553406773761713,0.07581979973226238,1
22901,2024,527,0.4174573055028463,0.47576999620493354,0.2283966091081594,0.14046286812144212,0.3602320113851993,0.45834552751423147,0.40320570967741937,0.43599057495256166,0.44793904364326376,0.16746311802656547,0.15896581783681213,0.1601465935483871,0.5133611897533207,0.15828188804554078,0.4465316982922201,0.4519676072106262,0.10150065313092979,1
23426,2024,646,0.5030959752321982,0.5920816702786378,0.18389831114551083,0.12559624613003095,0.38205165015479875,0.4219446377708978,0.49266237151702785,0.515536886996904,0.5074594922600619,0.14461169442724459,0.14202618653250776,0.14522624164086687,0.5150620448916409,0.1555323210526316,0.5624382476780185,0.3933871176470588,0.04417463529411765,1
23005,2024,348,0.4166666666666667,0.48283698850574713,0.29927075,0.13033290229885058,0.40640318678160925,0.4130273850574713,0.43961017241379313,0.4148742040229885,0.41005954597701155,0.20321645689655174,0.2092750632183908,0.2033860287356322,0.5111849942363113,0.15662011325648414,0.6473414166666667,0.3367602385057471,0.015898325,1
24626,2024,1463,0.4183185235816815,0.4377947366621067,0.3227567879616963,0.1983052230506156,0.32942532694938437,0.4933835731874145,0.42270074871794877,0.41951649450549444,0.42245952527472524,0.17980754827838827,0.19189001465201463,0.1918409663003663,0.512467996582365,0.15604064935064935,0.5083409712722298,0.43489800820793434,0.05676100526675787,1
23869,2024,707,0.43422913719943423,0.5120915558698726,0.22691079207920792,0.17209120792079208,0.3841401838755304,0.4407905162659123,0.46481612871287126,0.45070738189533244,0.4560792998585573,0.16064730523338047,0.17591663224893916,0.1719376619519095,0.5138349575671853,0.15774457991513438,0.4770162942008486,0.25678037906647805,0.2662033323903819,1
23518,2024,359,0.5041782729805014,0.5870187158774374,0.16445564066852367,0.1560081532033426,0.361251704735376,0.4481034818941504,0.5039496545961003,0.5103559721448467,0.5192344038997214,0.157591313091922,0.18172229805013926,0.17423905292479108,0.5203586713091922,0.14621048885793872,0.46213742339832864,0.36595923398328695,0.1719033314763231,1
24627,2024,1067,0.4948453608247423,0.47641411632270164,0.18290856003752345,0.24906621294559103,0.36467691557223264,0.5121338377110694,0.4873518747433265,0.48359635010266944,0.47949532135523615,0.21885895790554413,0.22971752669404516,0.23712523716632444,0.5123081911902531,0.15641154161199625,0.5168072213883678,0.3383261257035647,0.14486662692307692,1
24100,2024,457,0.4551422319474836,0.4988082582056893,0.2599215426695842,0.158908284463895,0.3611132997811816,0.45130689059080964,0.4464094026258206,0.448538636761488,0.45552160175054707,0.2594309277899344,0.24901543763676148,0.23749351203501096,0.5107225207877462,0.16225816849015318,0.48429120131291026,0.4107393194748359,0.10496949452954048,1
23650,2024,386,0.43005181347150256,0.4951028160621762,0.2489146062176166,0.16123467875647668,0.4225915751295337,0.41898293523316066,0.4005413523316062,0.42418284715025906,0.4152866062176166,0.20655520829015547,0.21368601813471505,0.21263844300518137,0.5126168290155441,0.1614154274611399,0.6737778212435233,0.17425344300518136,0.15196872279792747,1
24629,2024,792,0.5,0.51085403539823,0.24929967509481668,0.13027710619469027,0.35564286093552466,0.5028373211125158,0.5268649355742296,0.5145951358543417,0.5132949509803921,0.13057698347338936,0.12497148879551823,0.1289645336134454,0.5067263345959596,0.16306408585858587,0.647117796460177,0.28000590771175726,0.07287629709228824,1
23745,2024,756,0.5079365079365079,0.5447150793650793,0.23441832275132274,0.14271454761904762,0.3424796693121693,0.45772640343915344,0.5056204510582011,0.4906912063492064,0.4838915079365079,0.16498755727513226,0.17018996428571428,0.16411924470899472,0.5079084669312169,0.1560857212962963,0.4771585674603175,0.31027462037037035,0.21256679761904762,1
24631,2024,608,0.43256578947368424,0.48634913014827025,0.20326034283360792,0.18816330477759471,0.34541082701812187,0.49733646128500825,0.44730045966228893,0.4665173058161351,0.481670842401501,0.20891758161350843,0.19517243902439024,0.18967303939962477,0.5146435394736842,0.15525311907894737,0.8342341927512356,0.1189001100494234,0.0468656863261944,1
24633,2024,327,0.41896024464831805,0.4322313619631902,0.2266336236196319,0.20291241104294477,0.3624522423312883,0.522761754601227,0.4400296956521739,0.4351242260869565,0.4351242260869565,0.21963234782608695,0.2082960956521739,0.2082960956521739,0.5059387920489297,0.16296662996941896,0.6514445858895705,0.2156764819018405,0.13287890552147238,1
